[Licensing::Module] Trying to connect to existing licensing client channel...
Built from '6000.6/staging' branch; Version is '6000.6.1f1 (7efac9f6c10e) revision 8321737'; Using compiler version '194234433'; Build Type 'Release'
[Licensing::IpcConnector] Successfully connected to: "LicenseClient-baile" at "2026-09-22T17:17:16.2202548Z"
OS: 'Windows 11  (10.0.26200) Core' Language: 'en' Physical Memory: 32189 MB
BatchMode: 1, IsHumanControllingUs: 0, StartBugReporterOnCrash: 0, Is64bit: 1
System  architecture: x64
Process architecture: x64
Date: 2026-09-22T17:17:16Z

COMMAND LINE ARGUMENTS:
C:\Program Files\Unity\Hub\Editor\6000.6.1f1\Editor\Unity.exe
-adb2
-batchMode
-noUpm
-name
AssetImportWorkerHW0
-projectPath
C:/Users/baile/OneDrive/Documents/GitHub/Mobile-Game
-logFile
Logs/AssetImportWorkerHW0.log
-srvPort
52644
-parentPid
17360
-analyticsCloudUserId
anonymous
-analyticsLocalProjectId
5b2977fcdfe14ba48a677c337dba3f1d
-editorAnalyticsEnabled
1
-cbmEditorLicense
29f3634d06beb20dd248bf6d50baad091d82d45c
-cbmMachineId
eB4QeSLLu2sVGkvWB6KBMu1Ytcw=
-licensingIpc
LicenseClient-baile
-noDiagnosticSwitchPersistentStore
-job-worker-count
11
-background-job-worker-count
8
-asset-garbage-collectors
1
-force-d3d12
-name
AssetImport
Successfully changed project path to: C:/Users/baile/OneDrive/Documents/GitHub/Mobile-Game
C:/Users/baile/OneDrive/Documents/GitHub/Mobile-Game
[UnityMemory] Configuration Parameters - Can be set up in boot.config
    "memorysetup-temp-allocator-size-gi-baking-worker=262144"
    "memorysetup-temp-allocator-size-gi-baking-worker=262144"
    "memorysetup-temp-allocator-size-gi-baking-worker=262144"
    "memorysetup-temp-allocator-size-gi-baking-worker=262144"
    "memorysetup-temp-allocator-size-gi-baking-worker=262144"
    "memorysetup-temp-allocator-size-nav-mesh-worker=65536"
    "memorysetup-temp-allocator-size-audio-worker=65536"
    "memorysetup-temp-allocator-size-cloud-worker=32768"
    "memorysetup-temp-allocator-size-gfx=262144"
    "memorysetup-remapper-allocator-initial-capacity=32768"
    "memorysetup-temp-allocator-size-preload-manager=33554432"
    "memorysetup-allocator-temp-initial-block-size-main=262144"
    "memorysetup-allocator-temp-initial-block-size-worker=262144"
    "memorysetup-temp-allocator-size-job-worker=262144"
    "memorysetup-temp-allocator-size-background-worker=32768"
    "memorysetup-bucket-allocator-granularity=16"
    "memorysetup-bucket-allocator-bucket-count=8"
    "memorysetup-bucket-allocator-block-size=33554432"
    "memorysetup-bucket-allocator-block-count=8"
    "memorysetup-main-allocator-block-size=16777216"
    "memorysetup-thread-allocator-block-size=16777216"
    "memorysetup-main-allocator-mimalloc-enabled=1"
    "memorysetup-gfx-main-allocator-block-size=16777216"
    "memorysetup-gfx-thread-allocator-block-size=16777216"
    "memorysetup-cache-allocator-block-size=4194304"
    "memorysetup-typetree-allocator-block-size=2097152"
    "memorysetup-profiler-bucket-allocator-granularity=16"
    "memorysetup-profiler-bucket-allocator-bucket-count=8"
    "memorysetup-profiler-bucket-allocator-block-size=33554432"
    "memorysetup-profiler-bucket-allocator-block-count=8"
    "memorysetup-profiler-allocator-block-size=16777216"
    "memorysetup-profiler-editor-allocator-block-size=1048576"
    "memorysetup-temp-allocator-size-main=16777216"
    "memorysetup-job-temp-allocator-block-size=2097152"
    "memorysetup-job-temp-allocator-block-size-background=1048576"
    "memorysetup-job-temp-allocator-reduction-small-platforms=262144"
Player connection [10652]  Target information:

Player connection [10652]  * "[IP] 10.0.0.89 [Port] 0 [Flags] 2 [Guid] 4246335348 [EditorId] 4246335348 [Version] 1048832 [Id] WindowsEditor(7,BaileysLegion) [Debug] 1 [PackageName] WindowsEditor [ProjectName] Editor" 

Player connection [10652] Host joined multi-casting on [225.0.0.222:54997]...
Player connection [10652] Host joined alternative multi-casting on [225.0.0.222:34997]...
JobSystem: Creating JobQueue using job-worker-count value 11
Input System module state changed to: Initialized.
[Physics::Module] Initialized fallback backend.
[Physics::Module] Id: 0xdecafbad
Library Redirect Path: Library/
Initialising UDS system complete:
  - System type: Client
  - Resource namespace: 4ccefd27d2f46bbfc6f54db17cff34b1
  - Shared memory size: 1073741824
  - Command buffer id: 1052576
  - Command buffer size: 8192
  - Hashmap size: 4194304
  - Service connected: true
  - Service working directory: Library/DataStore/
[Physics::Module] Selected backend.
[Physics::Module] Name: PhysX
[Physics::Module] Id: 0xf2b8ea05
[Physics::Module] SDK Version: 4.1.2
[Physics::Module] Integration Version: 1.0.0
[Physics::Module] Threading Mode: Multi-Threaded
Initialize engine version: 6000.6.1f1 (7efac9f6c10e)
[EntityIdStore] init: VM path (explicit commit), pageSize=4096, blockCount=1048576, entitiesPerBlock=256, slots reserved=4294967296 bytes
[Subsystems] Discovering subsystems at path C:/Program Files/Unity/Hub/Editor/6000.6.1f1/Editor/Data/Resources/UnitySubsystems
[Subsystems] Discovering subsystems at path C:/Users/baile/OneDrive/Documents/GitHub/Mobile-Game/Assets
Forcing GfxDevice: Direct3D 12
GfxDevice: creating device client; kGfxThreadingModeNonThreaded
d3d12: failed to query info queue interface (0x80004002).
Direct3D:
    Version:         Direct3D 12 [level 12.2]
    Renderer:        NVIDIA GeForce RTX 5080 Laptop GPU (ID=0x2c59)
    Vendor:          NVIDIA
    VRAM:            16003 MB
    App VRAM Budget: 15235 MB
    Driver:          32.0.15.9201
Initialize mono
Mono path[0] = 'C:/Program Files/Unity/Hub/Editor/6000.6.1f1/Editor/Data/Managed'
Mono path[1] = 'C:/Program Files/Unity/Hub/Editor/6000.6.1f1/Editor/Data/BCLExtensions/runtime/netstandard2.1'
Mono path[2] = 'C:/Program Files/Unity/Hub/Editor/6000.6.1f1/Editor/Data/MonoBleedingEdge/lib/mono/unityjit-win32'
Mono config path = 'C:/Program Files/Unity/Hub/Editor/6000.6.1f1/Editor/Data/MonoBleedingEdge/etc'
Using monoOptions --debugger-agent=transport=dt_socket,embedding=1,server=y,suspend=n,address=127.0.0.1:56260
CodeReloadManager initialized
Begin MonoManager ReloadAssembly
Registering precompiled unity dll's ...
Register platform support module: C:/Program Files/Unity/Hub/Editor/6000.6.1f1/Editor/Data/PlaybackEngines/WindowsStandaloneSupport/UnityEditor.WindowsStandalone.Extensions.dll
[Licensing::Module] Licensing is not yet initialized.
[Licensing::Client] Error: HandshakeResponse reported an error:
	ResponseCode: 505
	ResponseStatus: Unsupported protocol version '1.18.3'.
[Licensing::Module] Error: Failed to handshake to channel: "LicenseClient-baile"
[Licensing::IpcConnector] LicenseClient-baile channel disconnected successfully.
[Licensing::IpcConnector] Successfully connected to: "LicenseClient-baile-6000.6.1" at "2026-09-22T17:17:17.5490831Z"
[Licensing::Client] Code 10 while verifying Licensing Client signature (process Id: 29256, path: "C:/Program Files/Unity/Hub/Editor/6000.6.1f1/Editor/Data/Resources/Licensing/Client/Unity.Licensing.Client.exe")
[Licensing::Module] LicensingClient has failed validation; ignoring
[Licensing::Client] Handshaking with LicensingClient:
  Version:                 1.18.3+d7ffd15
  Session Id:              f6df0e3475144c5b9011d21c970b7059
  Correlation Id:          de6e86195a8a79507e894bf0b3c4060b
  External correlation Id: 3278307065958392934
  Machine Id:              eB4QeSLLu2sVGkvWB6KBMu1Ytcw=
[Licensing::Module] Successfully connected to LicensingClient on channel: "LicenseClient-baile-6000.6.1" (connect: 0.00s, validation: 0.00s, handshake: 0.01s)
[Licensing::IpcConnector] Successfully connected to: "LicenseClient-baile-6000.6.1-notifications" at "2026-09-22T17:17:17.5568289Z"
[Licensing::Module] Licensing Background thread has ended after 1.34s
[Licensing::Module] Licensing is initialized (took 0.43s).
[Licensing::Client] Successfully resolved entitlement details
[Licensing::Module] License group:
  Id: 2475912729237-UnityPersXXXX
  Product: Unity Personal
  Type: Assigned
  Expiration: Unlimited
Register platform support module: C:/Program Files/Unity/Hub/Editor/6000.6.1f1/Editor/Data/PlaybackEngines/iOSSupport/UnityEditor.iOS.Extensions.dll
Registered in 0.432405 seconds.
[usbmuxd] Start listen thread
[usbmuxd] Listen thread started
Native extension for iOS target not found
Native extension for WindowsStandalone target not found
Package Manager log level set to [2]
[Package Manager] Failed to launch server process. Reason: Unity was launched with the -noUpm command-line argument
[Package Manager] Unable to send message (not connected to server process).
[Package Manager] Cannot connect to Unity Package Manager local server
ScheduleIndexationOnStartup MainProcess:False IndexOnStartup:False
Scripting: successfully reloaded assembly
- Finished resetting the current domain, in  0.372 seconds
Domain Reload Profiling: 1250ms
	BeginReloadAssembly (98ms)
	RebuildCommonClasses (4ms)
	RebuildNativeTypeToScriptingClass (12ms)
	initialDomainReloadingComplete (490ms)
	LoadAllAssembliesAndSetupDomain (273ms)
		LoadAssemblies (96ms)
		TypeCache.Refresh (189ms)
			TypeCache.ScanAssembly (174ms)
		AnalyzeDomain (1ms)
	FinalizeReload (373ms)
		SetupLoadedEditorAssemblies (0ms)
			InitializePlatformSupportModulesInManaged (9ms)
			BeforeProcessingInitializeOnLoad (81ms)
			ProcessInitializeOnLoadAttributes (77ms)
			ProcessInitializeOnLoadMethodAttributes (144ms)
Initializing Unity extensions:
[Licensing::Client] Successfully resolved entitlement details
========================================================================
Worker process is ready to serve import requests
Import Worker Mode flag is 0x00
Begin MonoManager ReloadAssembly
Native extension for iOS target not found
Native extension for WindowsStandalone target not found
[Package Manager] Failed to launch server process. Reason: Unity was launched with the -noUpm command-line argument
[Package Manager] Unable to send message (not connected to server process).
[Package Manager] Cannot connect to Unity Package Manager local server
ScheduleIndexationOnStartup MainProcess:False IndexOnStartup:True
Scripting: successfully reloaded assembly
- Finished resetting the current domain, in  0.314 seconds
Domain Reload Profiling: 759ms
	BeginReloadAssembly (187ms)
		DisableScriptedObjects (10ms)
		CreateAndSetChildDomain (26ms)
	RebuildCommonClasses (7ms)
	RebuildNativeTypeToScriptingClass (14ms)
	initialDomainReloadingComplete (39ms)
	LoadAllAssembliesAndSetupDomain (198ms)
		LoadAssemblies (168ms)
		TypeCache.Refresh (21ms)
			TypeCache.ScanAssembly (11ms)
		AnalyzeDomain (6ms)
			BuildScriptInfoCaches (5ms)
	FinalizeReload (315ms)
		SetupLoadedEditorAssemblies (0ms)
			InitializePlatformSupportModulesInManaged (6ms)
			BeforeProcessingInitializeOnLoad (82ms)
			ProcessInitializeOnLoadAttributes (62ms)
			ProcessInitializeOnLoadMethodAttributes (28ms)
			AfterProcessingInitializeOnLoad (7ms)
		AwakeInstancesAfterBackupRestoration (5ms)
AcceleratorClientConnectionCallback - disconnected - :0
Launched and connected shader compiler UnityShaderCompiler.exe after 0.01 seconds
Unloading 1 Unused Serialized files (Serialized files now loaded: 0)
Unloading 485 unused Assets / (137.7 KB). Loaded Objects now: 1174.
Memory consumption went from 187.3 MB to 187.1 MB.
Total: 3.375900 ms (FindLiveObjects: 0.238100 ms CreateObjectMapping: 0.025900 ms MarkObjects: 2.864900 ms  DeleteObjects: 0.136400 ms)

========================================================================
Received Import Request.
  Time of request: 2026-09-22T17:17:19.2429023Z
  Time since last request: 321952.85460660001263 seconds.
  importAddress: GUID: b73b3de0d473d4a1c887ab31f69b1a8d - Path: Packages/com.unity.ide.visualstudio/Editor/Testing/TestAdaptor.cs - Importer: ScriptedImporter/UnityEditor.QuickSearchModule:UnityEditor.Search:ASIAI0B
Importing 'GUID: b73b3de0d473d4a1c887ab31f69b1a8d - Path: Packages/com.unity.ide.visualstudio/Editor/Testing/TestAdaptor.cs - Importer: ScriptedImporter/UnityEditor.QuickSearchModule:UnityEditor.Search:ASIAI0B' with importer (ScriptedImporter : UnityEditor.QuickSearchModule:UnityEditor.Search:ASIAI0B)
Imported 'GUID: b73b3de0d473d4a1c887ab31f69b1a8d' -> (Import Result ID: '9bbfaf15de6797c39fafe0abb0eeb44a') in 0.079 seconds [static and dynamic dependencies]. Details - ImportResultOutputID=91d3f54055f7329527631023e83177b8 DependenciesID=5cd527fc9cd734d81403d965e41ec006 StaticDependenciesID=07e99c7fa9d1a3d7f28e77fdf6b77ac9 
Number of updated asset objects reloaded before import = 0
Number of asset objects unloaded after import = 0
========================================================================
Received Import Request.
  Time of request: 2026-09-22T17:17:19.3242761Z
  Time since last request: 0.0009109 seconds.
  importAddress: GUID: fbbb1ee655846b043baf6c3502b5ce49 - Path: Packages/com.unity.ide.visualstudio/Editor/SolutionParser.cs - Importer: ScriptedImporter/UnityEditor.QuickSearchModule:UnityEditor.Search:ASIAI0B
Importing 'GUID: fbbb1ee655846b043baf6c3502b5ce49 - Path: Packages/com.unity.ide.visualstudio/Editor/SolutionParser.cs - Importer: ScriptedImporter/UnityEditor.QuickSearchModule:UnityEditor.Search:ASIAI0B' with importer (ScriptedImporter : UnityEditor.QuickSearchModule:UnityEditor.Search:ASIAI0B)
Imported 'GUID: fbbb1ee655846b043baf6c3502b5ce49' -> (Import Result ID: '85168d38bad79b6746b150480d6db98f') in 0.002 seconds [static and dynamic dependencies]. Details - ImportResultOutputID=43649787f172a21d24ff328feea92680 DependenciesID=a2322ad89c57f4cc2c7765e4c407dc48 StaticDependenciesID=cf8fabae8936e50802e0306eda65f411 
Number of updated asset objects reloaded before import = 0
Number of asset objects unloaded after import = 0
========================================================================
Received Import Request.
  Time of request: 2026-09-22T17:17:19.3265504Z
  Time since last request: 0.0002699 seconds.
  importAddress: GUID: a3f71b076c36a204a864f8c44142b3a9 - Path: Packages/com.unity.ide.visualstudio/ValidationConfig.json - Importer: ScriptedImporter/UnityEditor.QuickSearchModule:UnityEditor.Search:ASIAI0B
Importing 'GUID: a3f71b076c36a204a864f8c44142b3a9 - Path: Packages/com.unity.ide.visualstudio/ValidationConfig.json - Importer: ScriptedImporter/UnityEditor.QuickSearchModule:UnityEditor.Search:ASIAI0B' with importer (ScriptedImporter : UnityEditor.QuickSearchModule:UnityEditor.Search:ASIAI0B)
Imported 'GUID: a3f71b076c36a204a864f8c44142b3a9' -> (Import Result ID: '820b1c648df89410803437c75faeee62') in 0.002 seconds [static and dynamic dependencies]. Details - ImportResultOutputID=8ea886837757f76ddcc0ecd6a8d29858 DependenciesID=8b704b719ba470cb4a249aca86ea3801 StaticDependenciesID=8e5826559af3bdf31948b3884c2c4b67 
Number of updated asset objects reloaded before import = 0
Number of asset objects unloaded after import = 1
========================================================================
Received Import Request.
  Time of request: 2026-09-22T17:17:19.3285103Z
  Time since last request: 0.0002815 seconds.
  importAddress: GUID: 5c1b8a755d2c97640bbb207c43f4cf61 - Path: Packages/com.unity.ide.visualstudio/Editor/SolutionProjectEntry.cs - Importer: ScriptedImporter/UnityEditor.QuickSearchModule:UnityEditor.Search:ASIAI0B
Importing 'GUID: 5c1b8a755d2c97640bbb207c43f4cf61 - Path: Packages/com.unity.ide.visualstudio/Editor/SolutionProjectEntry.cs - Importer: ScriptedImporter/UnityEditor.QuickSearchModule:UnityEditor.Search:ASIAI0B' with importer (ScriptedImporter : UnityEditor.QuickSearchModule:UnityEditor.Search:ASIAI0B)
Imported 'GUID: 5c1b8a755d2c97640bbb207c43f4cf61' -> (Import Result ID: '2df3f8f0e2780a512eb2529879e03c03') in 0.001 seconds [static and dynamic dependencies]. Details - ImportResultOutputID=085a7686d359bac526c9a03e20a926d3 DependenciesID=687940e5230c1cc537f20b4032cc3842 StaticDependenciesID=6938db1261c82ba5f1ff5c5794f5192b 
Number of updated asset objects reloaded before import = 0
Number of asset objects unloaded after import = 0
========================================================================
Received Import Request.
  Time of request: 2026-09-22T17:17:19.3299288Z
  Time since last request: 0.0002107 seconds.
  importAddress: GUID: f7b5530092b3a7646bdc7865f1f6ee94 - Path: Packages/com.unity.ide.visualstudio/Editor/Cli.cs - Importer: ScriptedImporter/UnityEditor.QuickSearchModule:UnityEditor.Search:ASIAI0B
Importing 'GUID: f7b5530092b3a7646bdc7865f1f6ee94 - Path: Packages/com.unity.ide.visualstudio/Editor/Cli.cs - Importer: ScriptedImporter/UnityEditor.QuickSearchModule:UnityEditor.Search:ASIAI0B' with importer (ScriptedImporter : UnityEditor.QuickSearchModule:UnityEditor.Search:ASIAI0B)
Imported 'GUID: f7b5530092b3a7646bdc7865f1f6ee94' -> (Import Result ID: '165e5e9cdf6e69dc3fdb54fecec2efc7') in 0.002 seconds [static and dynamic dependencies]. Details - ImportResultOutputID=b3560cc5656f9f0a9646c9a23ed1f014 DependenciesID=620ae46ef67b7e7054a81e1c65a897fe StaticDependenciesID=31398e6dd497873eff3ece03d4e55e3b 
Number of updated asset objects reloaded before import = 0
Number of asset objects unloaded after import = 0
========================================================================
Received Import Request.
  Time of request: 2026-09-22T17:17:19.3322121Z
  Time since last request: 0.0002033 seconds.
  importAddress: GUID: 3070b6395b0f5f04faaab13164c6256d - Path: Packages/com.unity.ide.visualstudio/Editor/ProjectGeneration/LegacyStyleProjectGeneration.cs - Importer: ScriptedImporter/UnityEditor.QuickSearchModule:UnityEditor.Search:ASIAI0B
Importing 'GUID: 3070b6395b0f5f04faaab13164c6256d - Path: Packages/com.unity.ide.visualstudio/Editor/ProjectGeneration/LegacyStyleProjectGeneration.cs - Importer: ScriptedImporter/UnityEditor.QuickSearchModule:UnityEditor.Search:ASIAI0B' with importer (ScriptedImporter : UnityEditor.QuickSearchModule:UnityEditor.Search:ASIAI0B)
Imported 'GUID: 3070b6395b0f5f04faaab13164c6256d' -> (Import Result ID: 'eb39426e6418c3c51e422eb536afba97') in 0.001 seconds [static and dynamic dependencies]. Details - ImportResultOutputID=6ab2f574f35b00959a25acad93b128eb DependenciesID=2d3c10cd2c2ad10808e70993b04d3443 StaticDependenciesID=a03e3d9030bef4d3f0c9507ac070f147 
Number of updated asset objects reloaded before import = 0
Number of asset objects unloaded after import = 0
========================================================================
Received Import Request.
  Time of request: 2026-09-22T17:17:19.3337548Z
  Time since last request: 0.0002169 seconds.
  importAddress: GUID: b9308b762484008498bb5cd1886aa491 - Path: Packages/com.unity.ide.visualstudio/Editor/Symbols.cs - Importer: ScriptedImporter/UnityEditor.QuickSearchModule:UnityEditor.Search:ASIAI0B
Importing 'GUID: b9308b762484008498bb5cd1886aa491 - Path: Packages/com.unity.ide.visualstudio/Editor/Symbols.cs - Importer: ScriptedImporter/UnityEditor.QuickSearchModule:UnityEditor.Search:ASIAI0B' with importer (ScriptedImporter : UnityEditor.QuickSearchModule:UnityEditor.Search:ASIAI0B)
Imported 'GUID: b9308b762484008498bb5cd1886aa491' -> (Import Result ID: 'c895d1c09266feafc281c5a5254825c8') in 0.001 seconds [static and dynamic dependencies]. Details - ImportResultOutputID=1da2efdcbb8bdaa80b3f9f8c83e2c91f DependenciesID=5e09dd6ecd6c48e2fdb9eabaee08a896 StaticDependenciesID=0297133a19a11b201fad99b9704ff07f 
Number of updated asset objects reloaded before import = 0
Number of asset objects unloaded after import = 0
========================================================================
Received Import Request.
  Time of request: 2026-09-22T17:17:19.3350385Z
  Time since last request: 0.000222 seconds.
  importAddress: GUID: cd78ce5b75b8be84d8b94cd99903161f - Path: Packages/com.unity.ide.visualstudio/CONTRIBUTING.md - Importer: ScriptedImporter/UnityEditor.QuickSearchModule:UnityEditor.Search:ASIAI0B
Importing 'GUID: cd78ce5b75b8be84d8b94cd99903161f - Path: Packages/com.unity.ide.visualstudio/CONTRIBUTING.md - Importer: ScriptedImporter/UnityEditor.QuickSearchModule:UnityEditor.Search:ASIAI0B' with importer (ScriptedImporter : UnityEditor.QuickSearchModule:UnityEditor.Search:ASIAI0B)
Imported 'GUID: cd78ce5b75b8be84d8b94cd99903161f' -> (Import Result ID: '338628e22f15998eb4b04d159fbc322a') in 0.001 seconds [static and dynamic dependencies]. Details - ImportResultOutputID=9cabd787726c5baed2ba9a594512f413 DependenciesID=75e36343d51f7e4fb76328e61e37d06e StaticDependenciesID=3d5da7662bac8de2e20218fa6a7937f1 
Number of updated asset objects reloaded before import = 0
Number of asset objects unloaded after import = 1
========================================================================
Received Import Request.
  Time of request: 2026-09-22T17:17:19.3366684Z
  Time since last request: 0.0001944 seconds.
  importAddress: GUID: ffe1bdf971d321f4db593c4c6ebd6e47 - Path: Packages/com.unity.ide.visualstudio/Editor/VersionPair.cs - Importer: ScriptedImporter/UnityEditor.QuickSearchModule:UnityEditor.Search:ASIAI0B
Importing 'GUID: ffe1bdf971d321f4db593c4c6ebd6e47 - Path: Packages/com.unity.ide.visualstudio/Editor/VersionPair.cs - Importer: ScriptedImporter/UnityEditor.QuickSearchModule:UnityEditor.Search:ASIAI0B' with importer (ScriptedImporter : UnityEditor.QuickSearchModule:UnityEditor.Search:ASIAI0B)
Imported 'GUID: ffe1bdf971d321f4db593c4c6ebd6e47' -> (Import Result ID: 'f76575c194f2e36f7714ec1eb14465d3') in 0.002 seconds [static and dynamic dependencies]. Details - ImportResultOutputID=096e7b898f742ea1f126569527edfa5e DependenciesID=f08f22d43fc69a2b9d26767e213a6d2d StaticDependenciesID=9596017d723e277574932dac3ccefae2 
Number of updated asset objects reloaded before import = 0
Number of asset objects unloaded after import = 0
========================================================================
Received Import Request.
  Time of request: 2026-09-22T17:17:19.338555Z
  Time since last request: 0.0002172 seconds.
  importAddress: GUID: 0173aff8c07e06b42af07ebdd7f08032 - Path: Packages/com.unity.ide.visualstudio/Editor/VisualStudioEditor.cs - Importer: ScriptedImporter/UnityEditor.QuickSearchModule:UnityEditor.Search:ASIAI0B
Importing 'GUID: 0173aff8c07e06b42af07ebdd7f08032 - Path: Packages/com.unity.ide.visualstudio/Editor/VisualStudioEditor.cs - Importer: ScriptedImporter/UnityEditor.QuickSearchModule:UnityEditor.Search:ASIAI0B' with importer (ScriptedImporter : UnityEditor.QuickSearchModule:UnityEditor.Search:ASIAI0B)
Imported 'GUID: 0173aff8c07e06b42af07ebdd7f08032' -> (Import Result ID: '3cc57732358543284af81c8f0752ff9b') in 0.001 seconds [static and dynamic dependencies]. Details - ImportResultOutputID=d4d8433f662400390f8bf1e1f7337e7e DependenciesID=92954a6d4334862fe0a2a670557097d6 StaticDependenciesID=db4816cd1808883456357c7ec0a42e45 
Number of updated asset objects reloaded before import = 0
Number of asset objects unloaded after import = 0
========================================================================
Received Import Request.
  Time of request: 2026-09-22T17:17:19.3403099Z
  Time since last request: 0.0002128 seconds.
  importAddress: GUID: 48fcd6ebd5ce8fd4cbe931895233677d - Path: Packages/com.unity.ide.visualstudio/Editor/VisualStudioIntegration.cs - Importer: ScriptedImporter/UnityEditor.QuickSearchModule:UnityEditor.Search:ASIAI0B
Importing 'GUID: 48fcd6ebd5ce8fd4cbe931895233677d - Path: Packages/com.unity.ide.visualstudio/Editor/VisualStudioIntegration.cs - Importer: ScriptedImporter/UnityEditor.QuickSearchModule:UnityEditor.Search:ASIAI0B' with importer (ScriptedImporter : UnityEditor.QuickSearchModule:UnityEditor.Search:ASIAI0B)
Imported 'GUID: 48fcd6ebd5ce8fd4cbe931895233677d' -> (Import Result ID: 'f5cfcb3abaef18bcb4aa94c9dae1dbde') in 0.001 seconds [static and dynamic dependencies]. Details - ImportResultOutputID=a09d497dc8b02adcd91c93de08480151 DependenciesID=d2f76c62e4707f007bfaaa70282136eb StaticDependenciesID=85b035757fb46d09f2e35bfa3a5211c8 
Number of updated asset objects reloaded before import = 0
Number of asset objects unloaded after import = 0
========================================================================
Received Import Request.
  Time of request: 2026-09-22T17:17:19.342003Z
  Time since last request: 0.0001867 seconds.
  importAddress: GUID: 553737203d61a8109f9544a97201e1aa - Path: Packages/com.unity.modules.unitywebrequestaudio/package.ModuleCompilationTrigger - Importer: ScriptedImporter/UnityEditor.QuickSearchModule:UnityEditor.Search:ASIAI0B
Importing 'GUID: 553737203d61a8109f9544a97201e1aa - Path: Packages/com.unity.modules.unitywebrequestaudio/package.ModuleCompilationTrigger - Importer: ScriptedImporter/UnityEditor.QuickSearchModule:UnityEditor.Search:ASIAI0B' with importer (ScriptedImporter : UnityEditor.QuickSearchModule:UnityEditor.Search:ASIAI0B)
Imported 'GUID: 553737203d61a8109f9544a97201e1aa' -> (Import Result ID: '8f8919dbeb6e815798d18aa2ce822d87') in 0.002 seconds [static and dynamic dependencies]. Details - ImportResultOutputID=dea9f87e4572c5e334322728d26d9019 DependenciesID=8f0df454cb76717f7e63c930e0b67db4 StaticDependenciesID=6fd915dcc1be570eee32e478c7b5fb0c 
Number of updated asset objects reloaded before import = 0
Number of asset objects unloaded after import = 1
========================================================================
Received Import Request.
  Time of request: 2026-09-22T17:17:19.3440958Z
  Time since last request: 0.0002344 seconds.
  importAddress: GUID: fa7011e2ea1ff024083fea2179f3df08 - Path: Packages/com.unity.ide.visualstudio/Editor/ProjectGeneration/ProjectProperties.cs - Importer: ScriptedImporter/UnityEditor.QuickSearchModule:UnityEditor.Search:ASIAI0B
Importing 'GUID: fa7011e2ea1ff024083fea2179f3df08 - Path: Packages/com.unity.ide.visualstudio/Editor/ProjectGeneration/ProjectProperties.cs - Importer: ScriptedImporter/UnityEditor.QuickSearchModule:UnityEditor.Search:ASIAI0B' with importer (ScriptedImporter : UnityEditor.QuickSearchModule:UnityEditor.Search:ASIAI0B)
Imported 'GUID: fa7011e2ea1ff024083fea2179f3df08' -> (Import Result ID: '7f1efa7fe3160067fb3b9aa79225ae29') in 0.001 seconds [static and dynamic dependencies]. Details - ImportResultOutputID=a8e27b7c6b25fad5984de5682747d9ec DependenciesID=e5e37f77dbe58efe699e118d6f3ddbe0 StaticDependenciesID=04717c9f65b812df9d0344468e8f7988 
Number of updated asset objects reloaded before import = 0
Number of asset objects unloaded after import = 0
========================================================================
Received Import Request.
  Time of request: 2026-09-22T17:17:19.3455638Z
  Time since last request: 0.0002616 seconds.
  importAddress: GUID: ed8e7c93c781e48df93d063a3c0d2972 - Path: Packages/com.unity.ide.visualstudio/Editor/SimpleJSON.cs - Importer: ScriptedImporter/UnityEditor.QuickSearchModule:UnityEditor.Search:ASIAI0B
Importing 'GUID: ed8e7c93c781e48df93d063a3c0d2972 - Path: Packages/com.unity.ide.visualstudio/Editor/SimpleJSON.cs - Importer: ScriptedImporter/UnityEditor.QuickSearchModule:UnityEditor.Search:ASIAI0B' with importer (ScriptedImporter : UnityEditor.QuickSearchModule:UnityEditor.Search:ASIAI0B)
Imported 'GUID: ed8e7c93c781e48df93d063a3c0d2972' -> (Import Result ID: '22fde4b6e21c9749c320202d553ddb11') in 0.001 seconds [static and dynamic dependencies]. Details - ImportResultOutputID=a715e126959172f10e74a6db9ea73b27 DependenciesID=ea6136c26dd30f4798b18ff01e8e800a StaticDependenciesID=9ce2857e6a602a196378a78ce9a2f734 
Number of updated asset objects reloaded before import = 0
Number of asset objects unloaded after import = 0
========================================================================
Received Import Request.
  Time of request: 2026-09-22T17:17:19.3467684Z
  Time since last request: 0.0002163 seconds.
  importAddress: GUID: 369c09afe05d2c346af49faef943c773 - Path: Packages/com.unity.ide.visualstudio/Editor/Messaging/Serializer.cs - Importer: ScriptedImporter/UnityEditor.QuickSearchModule:UnityEditor.Search:ASIAI0B
Importing 'GUID: 369c09afe05d2c346af49faef943c773 - Path: Packages/com.unity.ide.visualstudio/Editor/Messaging/Serializer.cs - Importer: ScriptedImporter/UnityEditor.QuickSearchModule:UnityEditor.Search:ASIAI0B' with importer (ScriptedImporter : UnityEditor.QuickSearchModule:UnityEditor.Search:ASIAI0B)
Imported 'GUID: 369c09afe05d2c346af49faef943c773' -> (Import Result ID: 'a766bbcefea9d73e0903aeeffff468da') in 0.001 seconds [static and dynamic dependencies]. Details - ImportResultOutputID=36ab966f723ec58cb8690185888c4bf3 DependenciesID=7c8ccb7805bb1295b2f0fea33539a395 StaticDependenciesID=743835a87b6589ba4bbf5a51b8ca5e6c 
Number of updated asset objects reloaded before import = 0
Number of asset objects unloaded after import = 0
========================================================================
Received Import Request.
  Time of request: 2026-09-22T17:17:19.3480279Z
  Time since last request: 0.0002305 seconds.
  importAddress: GUID: af4c2c762e1d8e949a6bc458973df6e7 - Path: Packages/com.unity.ide.visualstudio/Editor/Solution.cs - Importer: ScriptedImporter/UnityEditor.QuickSearchModule:UnityEditor.Search:ASIAI0B
Importing 'GUID: af4c2c762e1d8e949a6bc458973df6e7 - Path: Packages/com.unity.ide.visualstudio/Editor/Solution.cs - Importer: ScriptedImporter/UnityEditor.QuickSearchModule:UnityEditor.Search:ASIAI0B' with importer (ScriptedImporter : UnityEditor.QuickSearchModule:UnityEditor.Search:ASIAI0B)
Imported 'GUID: af4c2c762e1d8e949a6bc458973df6e7' -> (Import Result ID: '3de2411dc9f8002b2a9152b3703876cc') in 0.001 seconds [static and dynamic dependencies]. Details - ImportResultOutputID=498fda86a7e6fb90e61e772ffee14d12 DependenciesID=8cf8d58733a11e5e65c395f075dfd7cb StaticDependenciesID=f6fb2beaac410a8cdaffd63722331b18 
Number of updated asset objects reloaded before import = 0
Number of asset objects unloaded after import = 0
========================================================================
Received Import Request.
  Time of request: 2026-09-22T17:17:19.3495527Z
  Time since last request: 0.0002227 seconds.
  importAddress: GUID: a8c76505bcc613640ade706bdb0f1cba - Path: Packages/com.unity.ide.visualstudio/Editor/UnityInstallation.cs - Importer: ScriptedImporter/UnityEditor.QuickSearchModule:UnityEditor.Search:ASIAI0B
Importing 'GUID: a8c76505bcc613640ade706bdb0f1cba - Path: Packages/com.unity.ide.visualstudio/Editor/UnityInstallation.cs - Importer: ScriptedImporter/UnityEditor.QuickSearchModule:UnityEditor.Search:ASIAI0B' with importer (ScriptedImporter : UnityEditor.QuickSearchModule:UnityEditor.Search:ASIAI0B)
Imported 'GUID: a8c76505bcc613640ade706bdb0f1cba' -> (Import Result ID: '2c22abc15fe8f7e39c242b1cd49b1607') in 0.001 seconds [static and dynamic dependencies]. Details - ImportResultOutputID=0a2118ec14df8b107d00cccc03937e6d DependenciesID=28ce02bdeec610af3a807b7a4dd5f0c5 StaticDependenciesID=23ed7672f5b194f05e763b5a6ced11a8 
Number of updated asset objects reloaded before import = 0
Number of asset objects unloaded after import = 0
========================================================================
Received Import Request.
  Time of request: 2026-09-22T17:17:19.3509135Z
  Time since last request: 0.0001816 seconds.
  importAddress: GUID: 555fcccd6b79a864f83e7a319daa1c3e - Path: Packages/com.unity.ide.visualstudio/Editor/ProjectGeneration/ProjectGenerationFlag.cs - Importer: ScriptedImporter/UnityEditor.QuickSearchModule:UnityEditor.Search:ASIAI0B
Importing 'GUID: 555fcccd6b79a864f83e7a319daa1c3e - Path: Packages/com.unity.ide.visualstudio/Editor/ProjectGeneration/ProjectGenerationFlag.cs - Importer: ScriptedImporter/UnityEditor.QuickSearchModule:UnityEditor.Search:ASIAI0B' with importer (ScriptedImporter : UnityEditor.QuickSearchModule:UnityEditor.Search:ASIAI0B)
Imported 'GUID: 555fcccd6b79a864f83e7a319daa1c3e' -> (Import Result ID: 'a8fcdfd695a6ff0586d12b82a3da8e93') in 0.001 seconds [static and dynamic dependencies]. Details - ImportResultOutputID=94dd3bb1d1b1d338876022784ad861a3 DependenciesID=f8442dab0becc91f17a6c3c1c44d60c6 StaticDependenciesID=7ac854ffb6f601ec5a32a67f7f229848 
Number of updated asset objects reloaded before import = 0
Number of asset objects unloaded after import = 0
========================================================================
Received Import Request.
  Time of request: 2026-09-22T17:17:19.3523159Z
  Time since last request: 0.0003877 seconds.
  importAddress: GUID: 6022bdd5b2896a54f94123b812705321 - Path: Packages/com.unity.ide.visualstudio/CHANGELOG.md - Importer: ScriptedImporter/UnityEditor.QuickSearchModule:UnityEditor.Search:ASIAI0B
Importing 'GUID: 6022bdd5b2896a54f94123b812705321 - Path: Packages/com.unity.ide.visualstudio/CHANGELOG.md - Importer: ScriptedImporter/UnityEditor.QuickSearchModule:UnityEditor.Search:ASIAI0B' with importer (ScriptedImporter : UnityEditor.QuickSearchModule:UnityEditor.Search:ASIAI0B)
Imported 'GUID: 6022bdd5b2896a54f94123b812705321' -> (Import Result ID: '7584a30fdab38aa1e97debdf4ba7fb29') in 0.001 seconds [static and dynamic dependencies]. Details - ImportResultOutputID=388dde3ed76dab1bae880ff2cd9057c9 DependenciesID=4f34b7a8e155310d3ec896d3f443108f StaticDependenciesID=fe607b964f00d320e7895d5b4ad8204f 
Number of updated asset objects reloaded before import = 0
Number of asset objects unloaded after import = 1
========================================================================
Received Import Request.
  Time of request: 2026-09-22T17:17:19.3539687Z
  Time since last request: 0.0002509 seconds.
  importAddress: GUID: 917a51fff055ce547b4ad1215321f3da - Path: Packages/com.unity.ide.visualstudio/Editor/Messaging/ExceptionEventArgs.cs - Importer: ScriptedImporter/UnityEditor.QuickSearchModule:UnityEditor.Search:ASIAI0B
Importing 'GUID: 917a51fff055ce547b4ad1215321f3da - Path: Packages/com.unity.ide.visualstudio/Editor/Messaging/ExceptionEventArgs.cs - Importer: ScriptedImporter/UnityEditor.QuickSearchModule:UnityEditor.Search:ASIAI0B' with importer (ScriptedImporter : UnityEditor.QuickSearchModule:UnityEditor.Search:ASIAI0B)
Imported 'GUID: 917a51fff055ce547b4ad1215321f3da' -> (Import Result ID: '2c372a62634ce42c0c416b9647258419') in 0.001 seconds [static and dynamic dependencies]. Details - ImportResultOutputID=e29143166be0f145d449b5b235bec962 DependenciesID=4f34691cea228ace1244250af615f17f StaticDependenciesID=0d1db9f9c4ad2627b612cefbc1f69d60 
Number of updated asset objects reloaded before import = 0
Number of asset objects unloaded after import = 0
========================================================================
Received Import Request.
  Time of request: 2026-09-22T17:17:19.3552873Z
  Time since last request: 0.0002424 seconds.
  importAddress: GUID: cbccb6292dce08a489e6e742243154e7 - Path: Packages/com.unity.ide.visualstudio/Editor/KnownAssemblies.cs - Importer: ScriptedImporter/UnityEditor.QuickSearchModule:UnityEditor.Search:ASIAI0B
Importing 'GUID: cbccb6292dce08a489e6e742243154e7 - Path: Packages/com.unity.ide.visualstudio/Editor/KnownAssemblies.cs - Importer: ScriptedImporter/UnityEditor.QuickSearchModule:UnityEditor.Search:ASIAI0B' with importer (ScriptedImporter : UnityEditor.QuickSearchModule:UnityEditor.Search:ASIAI0B)
Imported 'GUID: cbccb6292dce08a489e6e742243154e7' -> (Import Result ID: '7b03b5e0d35c56b23441cf7ace4e3a75') in 0.001 seconds [static and dynamic dependencies]. Details - ImportResultOutputID=afba1a1645589ee33d389485912a8906 DependenciesID=22588c652707b3ffccf83162743fcb19 StaticDependenciesID=5f574d1aa5ba5b06fd8fc839b33fddde 
Number of updated asset objects reloaded before import = 0
Number of asset objects unloaded after import = 0
========================================================================
Received Import Request.
  Time of request: 2026-09-22T17:17:19.3563577Z
  Time since last request: 0.00018 seconds.
  importAddress: GUID: 1fe9e6e1ae93cf64bbdfbd29300752e1 - Path: Packages/com.unity.ide.visualstudio/LICENSE.md - Importer: ScriptedImporter/UnityEditor.QuickSearchModule:UnityEditor.Search:ASIAI0B
Importing 'GUID: 1fe9e6e1ae93cf64bbdfbd29300752e1 - Path: Packages/com.unity.ide.visualstudio/LICENSE.md - Importer: ScriptedImporter/UnityEditor.QuickSearchModule:UnityEditor.Search:ASIAI0B' with importer (ScriptedImporter : UnityEditor.QuickSearchModule:UnityEditor.Search:ASIAI0B)
Imported 'GUID: 1fe9e6e1ae93cf64bbdfbd29300752e1' -> (Import Result ID: 'f12c1d1281c3c2b076b42566b2172613') in 0.002 seconds [static and dynamic dependencies]. Details - ImportResultOutputID=82b6bdf39902338bf3416fe7d2494855 DependenciesID=4d04f3a9d33ad7baebaee472913c6cf7 StaticDependenciesID=8e209c71433ebe5afc6b346afffea33f 
Number of updated asset objects reloaded before import = 0
Number of asset objects unloaded after import = 1
========================================================================
Received Import Request.
  Time of request: 2026-09-22T17:17:19.3585467Z
  Time since last request: 0.0002413 seconds.
  importAddress: GUID: ec80b1fb8938b3b4ab442d10390c5315 - Path: Packages/com.unity.ide.visualstudio/Editor/ProjectGeneration/FileIOProvider.cs - Importer: ScriptedImporter/UnityEditor.QuickSearchModule:UnityEditor.Search:ASIAI0B
Importing 'GUID: ec80b1fb8938b3b4ab442d10390c5315 - Path: Packages/com.unity.ide.visualstudio/Editor/ProjectGeneration/FileIOProvider.cs - Importer: ScriptedImporter/UnityEditor.QuickSearchModule:UnityEditor.Search:ASIAI0B' with importer (ScriptedImporter : UnityEditor.QuickSearchModule:UnityEditor.Search:ASIAI0B)
Imported 'GUID: ec80b1fb8938b3b4ab442d10390c5315' -> (Import Result ID: '6d863900bb0a62fb657ee789ab2965b8') in 0.001 seconds [static and dynamic dependencies]. Details - ImportResultOutputID=0af87be4c5391b11bfd56497cc523f52 DependenciesID=74c19c643b11d89ec8edc9cf27a4cb5a StaticDependenciesID=0ceb4f580f604218a376deb2946056eb 
Number of updated asset objects reloaded before import = 0
Number of asset objects unloaded after import = 0
========================================================================
Received Import Request.
  Time of request: 2026-09-22T17:17:19.3598603Z
  Time since last request: 0.0003356 seconds.
  importAddress: GUID: 788fbcfc0abc6c54b9504cfee3176c22 - Path: Packages/com.unity.ide.visualstudio/ValidationExceptions.json - Importer: ScriptedImporter/UnityEditor.QuickSearchModule:UnityEditor.Search:ASIAI0B
Importing 'GUID: 788fbcfc0abc6c54b9504cfee3176c22 - Path: Packages/com.unity.ide.visualstudio/ValidationExceptions.json - Importer: ScriptedImporter/UnityEditor.QuickSearchModule:UnityEditor.Search:ASIAI0B' with importer (ScriptedImporter : UnityEditor.QuickSearchModule:UnityEditor.Search:ASIAI0B)
Imported 'GUID: 788fbcfc0abc6c54b9504cfee3176c22' -> (Import Result ID: '63ac6afca6b105b839e2effe34535db7') in 0.001 seconds [static and dynamic dependencies]. Details - ImportResultOutputID=61c781aa77f7006a9ff06b221661363b DependenciesID=6bfb478e39141bf866cf6d3ebc0b8266 StaticDependenciesID=3a6a8ce3f3ae21c944c705e0fa13c812 
Number of updated asset objects reloaded before import = 0
Number of asset objects unloaded after import = 1
========================================================================
Received Import Request.
  Time of request: 2026-09-22T17:17:19.3609335Z
  Time since last request: 0.0001591 seconds.
  importAddress: GUID: 829d4d6bc39fd1044ba4c5fc2a9c911f - Path: Packages/com.unity.ide.visualstudio/Editor/SolutionProperties.cs - Importer: ScriptedImporter/UnityEditor.QuickSearchModule:UnityEditor.Search:ASIAI0B
Importing 'GUID: 829d4d6bc39fd1044ba4c5fc2a9c911f - Path: Packages/com.unity.ide.visualstudio/Editor/SolutionProperties.cs - Importer: ScriptedImporter/UnityEditor.QuickSearchModule:UnityEditor.Search:ASIAI0B' with importer (ScriptedImporter : UnityEditor.QuickSearchModule:UnityEditor.Search:ASIAI0B)
Imported 'GUID: 829d4d6bc39fd1044ba4c5fc2a9c911f' -> (Import Result ID: '76d538b1503a3d4d18b57bbe71fe42c8') in 0.001 seconds [static and dynamic dependencies]. Details - ImportResultOutputID=569fd3d1e0bfea0bf24937d74ea05119 DependenciesID=a4b59a820b4c2a09b2c2eea64fe7b0bc StaticDependenciesID=80b713aa4cc875f89f8c12cb4b137cb3 
Number of updated asset objects reloaded before import = 0
Number of asset objects unloaded after import = 0
========================================================================
Received Import Request.
  Time of request: 2026-09-22T17:17:19.3622665Z
  Time since last request: 0.0004336 seconds.
  importAddress: GUID: e8aed47cdce10fd4cae32fefa2c34f8f - Path: Packages/com.unity.ide.visualstudio/Editor/ProjectGeneration/SdkStyleProjectGeneration.cs - Importer: ScriptedImporter/UnityEditor.QuickSearchModule:UnityEditor.Search:ASIAI0B
Importing 'GUID: e8aed47cdce10fd4cae32fefa2c34f8f - Path: Packages/com.unity.ide.visualstudio/Editor/ProjectGeneration/SdkStyleProjectGeneration.cs - Importer: ScriptedImporter/UnityEditor.QuickSearchModule:UnityEditor.Search:ASIAI0B' with importer (ScriptedImporter : UnityEditor.QuickSearchModule:UnityEditor.Search:ASIAI0B)
Imported 'GUID: e8aed47cdce10fd4cae32fefa2c34f8f' -> (Import Result ID: 'bfe11b3a1c88429d420f675795a7d879') in 0.001 seconds [static and dynamic dependencies]. Details - ImportResultOutputID=e9bfb93928fecd87bed057dcc1d9395e DependenciesID=a3cd092d190a0f9d521d7b3d6ea63d01 StaticDependenciesID=8e544ff55e0b97b8cbaad34e83496048 
Number of updated asset objects reloaded before import = 0
Number of asset objects unloaded after import = 0
========================================================================
Received Import Request.
  Time of request: 2026-09-22T17:17:19.3634742Z
  Time since last request: 0.0001665 seconds.
  importAddress: GUID: a31a332ce3485f00f7df8d987302a29c - Path: Packages/com.unity.modules.unitywebrequesttexture/package.ModuleCompilationTrigger - Importer: ScriptedImporter/UnityEditor.QuickSearchModule:UnityEditor.Search:ASIAI0B
Importing 'GUID: a31a332ce3485f00f7df8d987302a29c - Path: Packages/com.unity.modules.unitywebrequesttexture/package.ModuleCompilationTrigger - Importer: ScriptedImporter/UnityEditor.QuickSearchModule:UnityEditor.Search:ASIAI0B' with importer (ScriptedImporter : UnityEditor.QuickSearchModule:UnityEditor.Search:ASIAI0B)
Imported 'GUID: a31a332ce3485f00f7df8d987302a29c' -> (Import Result ID: '11141d2a65f4d28c14d1ab0f8233d49d') in 0.001 seconds [static and dynamic dependencies]. Details - ImportResultOutputID=0b738a19b1700bc7994a93b5c0b002f3 DependenciesID=44c7946694764bf4df122c146a9e806e StaticDependenciesID=4583271c95369b5f2338f4a62f534d31 
Number of updated asset objects reloaded before import = 0
Number of asset objects unloaded after import = 1
========================================================================
Received Import Request.
  Time of request: 2026-09-22T17:17:19.3646193Z
  Time since last request: 0.0001991 seconds.
  importAddress: GUID: d791d407901442e49862d3aa783ce8af - Path: Packages/com.unity.ide.visualstudio/Editor/AssemblyInfo.cs - Importer: ScriptedImporter/UnityEditor.QuickSearchModule:UnityEditor.Search:ASIAI0B
Importing 'GUID: d791d407901442e49862d3aa783ce8af - Path: Packages/com.unity.ide.visualstudio/Editor/AssemblyInfo.cs - Importer: ScriptedImporter/UnityEditor.QuickSearchModule:UnityEditor.Search:ASIAI0B' with importer (ScriptedImporter : UnityEditor.QuickSearchModule:UnityEditor.Search:ASIAI0B)
Imported 'GUID: d791d407901442e49862d3aa783ce8af' -> (Import Result ID: 'd8b878abc85a0942d310f7725493231f') in 0.001 seconds [static and dynamic dependencies]. Details - ImportResultOutputID=70ca3e6347e9568ae5fe9c9d99eb2797 DependenciesID=5a6f98c20b7e5f3ddb00ed4903afa9ec StaticDependenciesID=0b05c2349db5f86b078ada5b3745bffa 
Number of updated asset objects reloaded before import = 0
Number of asset objects unloaded after import = 0
========================================================================
Received Import Request.
  Time of request: 2026-09-22T17:17:19.3659107Z
  Time since last request: 0.0002793 seconds.
  importAddress: GUID: 5e249ae353801f043a6e4173410c6152 - Path: Packages/com.unity.ide.visualstudio/Editor/Messaging/Messenger.cs - Importer: ScriptedImporter/UnityEditor.QuickSearchModule:UnityEditor.Search:ASIAI0B
Importing 'GUID: 5e249ae353801f043a6e4173410c6152 - Path: Packages/com.unity.ide.visualstudio/Editor/Messaging/Messenger.cs - Importer: ScriptedImporter/UnityEditor.QuickSearchModule:UnityEditor.Search:ASIAI0B' with importer (ScriptedImporter : UnityEditor.QuickSearchModule:UnityEditor.Search:ASIAI0B)
Imported 'GUID: 5e249ae353801f043a6e4173410c6152' -> (Import Result ID: '0a5de9715103850f7948d2a605dd4d6f') in 0.001 seconds [static and dynamic dependencies]. Details - ImportResultOutputID=8fd3c150691d57ab20964e612bb0bdd0 DependenciesID=1286ba2b29993a9eaa069abac5954395 StaticDependenciesID=199ea81fcfb311b3782a8f150e4e39be 
Number of updated asset objects reloaded before import = 0
Number of asset objects unloaded after import = 0
========================================================================
Received Import Request.
  Time of request: 2026-09-22T17:17:19.367035Z
  Time since last request: 0.0001556 seconds.
  importAddress: GUID: be7ef402265a7a549b2e43c11d1a22c5 - Path: Packages/com.unity.ide.visualstudio/Editor/VisualStudioForWindowsInstallation.cs - Importer: ScriptedImporter/UnityEditor.QuickSearchModule:UnityEditor.Search:ASIAI0B
Importing 'GUID: be7ef402265a7a549b2e43c11d1a22c5 - Path: Packages/com.unity.ide.visualstudio/Editor/VisualStudioForWindowsInstallation.cs - Importer: ScriptedImporter/UnityEditor.QuickSearchModule:UnityEditor.Search:ASIAI0B' with importer (ScriptedImporter : UnityEditor.QuickSearchModule:UnityEditor.Search:ASIAI0B)
Imported 'GUID: be7ef402265a7a549b2e43c11d1a22c5' -> (Import Result ID: '274fea7d24dce1b4328d591f78df2f68') in 0.001 seconds [static and dynamic dependencies]. Details - ImportResultOutputID=1aec944815978fbd9ae37bc31593c97d DependenciesID=f3bd09481138959ca4516cb9fb3a75c7 StaticDependenciesID=13401e167923370e8933c59df3e93402 
Number of updated asset objects reloaded before import = 0
Number of asset objects unloaded after import = 0
========================================================================
Received Import Request.
  Time of request: 2026-09-22T17:17:19.3681621Z
  Time since last request: 0.0001925 seconds.
  importAddress: GUID: 4b518b37798c97b0f860962cbf615533 - Path: Packages/com.unity.modules.unitywebrequestaudio/package.json - Importer: ScriptedImporter/UnityEditor.QuickSearchModule:UnityEditor.Search:ASIAI0B
Importing 'GUID: 4b518b37798c97b0f860962cbf615533 - Path: Packages/com.unity.modules.unitywebrequestaudio/package.json - Importer: ScriptedImporter/UnityEditor.QuickSearchModule:UnityEditor.Search:ASIAI0B' with importer (ScriptedImporter : UnityEditor.QuickSearchModule:UnityEditor.Search:ASIAI0B)
Imported 'GUID: 4b518b37798c97b0f860962cbf615533' -> (Import Result ID: '1d715e3fdfed5dd28be7b1ef05c63fb2') in 0.002 seconds [static and dynamic dependencies]. Details - ImportResultOutputID=15f3d6ca5ae29b7fdf538a326930d66e DependenciesID=ab8ed9de7001aab3f89cd00a0e306238 StaticDependenciesID=0752fc54b2724d0f2db316da1287540c 
Number of updated asset objects reloaded before import = 0
Number of asset objects unloaded after import = 1
========================================================================
Received Import Request.
  Time of request: 2026-09-22T17:17:19.3700517Z
  Time since last request: 0.0002293 seconds.
  importAddress: GUID: 656f74f6edaa396458412b9e3903d8cd - Path: Packages/com.unity.ide.visualstudio/package.json - Importer: ScriptedImporter/UnityEditor.QuickSearchModule:UnityEditor.Search:ASIAI0B
Importing 'GUID: 656f74f6edaa396458412b9e3903d8cd - Path: Packages/com.unity.ide.visualstudio/package.json - Importer: ScriptedImporter/UnityEditor.QuickSearchModule:UnityEditor.Search:ASIAI0B' with importer (ScriptedImporter : UnityEditor.QuickSearchModule:UnityEditor.Search:ASIAI0B)
Imported 'GUID: 656f74f6edaa396458412b9e3903d8cd' -> (Import Result ID: '288705cfccf9374f0b6e19c18130c63c') in 0.001 seconds [static and dynamic dependencies]. Details - ImportResultOutputID=c07605c914acd468ebe298d8907e013f DependenciesID=554430b5feab8ef80b2561c10412cd05 StaticDependenciesID=0e349a5f2d9893d07708969d4d07a95a 
Number of updated asset objects reloaded before import = 0
Number of asset objects unloaded after import = 1
========================================================================
Received Import Request.
  Time of request: 2026-09-22T17:17:19.3712229Z
  Time since last request: 0.0001666 seconds.
  importAddress: GUID: 8e6c7ea7c059fb547b6723aaf225900b - Path: Packages/com.unity.ide.visualstudio/Editor/Image.cs - Importer: ScriptedImporter/UnityEditor.QuickSearchModule:UnityEditor.Search:ASIAI0B
Importing 'GUID: 8e6c7ea7c059fb547b6723aaf225900b - Path: Packages/com.unity.ide.visualstudio/Editor/Image.cs - Importer: ScriptedImporter/UnityEditor.QuickSearchModule:UnityEditor.Search:ASIAI0B' with importer (ScriptedImporter : UnityEditor.QuickSearchModule:UnityEditor.Search:ASIAI0B)
Imported 'GUID: 8e6c7ea7c059fb547b6723aaf225900b' -> (Import Result ID: 'e8b598eb812c4c566b1a815f1edafcc8') in 0.001 seconds [static and dynamic dependencies]. Details - ImportResultOutputID=dd84122a03db730ec05c5906948ccb86 DependenciesID=a6a9d12e0c9eee39f5524c4bcd8bcd3c StaticDependenciesID=93fd9ff31cf51b212b2ff0229c2019bb 
Number of updated asset objects reloaded before import = 0
Number of asset objects unloaded after import = 0
========================================================================
Received Import Request.
  Time of request: 2026-09-22T17:17:19.3722964Z
  Time since last request: 0.0001519 seconds.
  importAddress: GUID: de1c9ea7b82c9904d9e5fba2ee70a998 - Path: Packages/com.unity.ide.visualstudio/Editor/Messaging/Message.cs - Importer: ScriptedImporter/UnityEditor.QuickSearchModule:UnityEditor.Search:ASIAI0B
Importing 'GUID: de1c9ea7b82c9904d9e5fba2ee70a998 - Path: Packages/com.unity.ide.visualstudio/Editor/Messaging/Message.cs - Importer: ScriptedImporter/UnityEditor.QuickSearchModule:UnityEditor.Search:ASIAI0B' with importer (ScriptedImporter : UnityEditor.QuickSearchModule:UnityEditor.Search:ASIAI0B)
Imported 'GUID: de1c9ea7b82c9904d9e5fba2ee70a998' -> (Import Result ID: 'c4ef412a16be371a8774218eb5a019fc') in 0.001 seconds [static and dynamic dependencies]. Details - ImportResultOutputID=2ef0e1983bd987f05fb8af9b1a84e09e DependenciesID=aad57cb1aec8ed45d8618222d78d6521 StaticDependenciesID=afd0780f0bd2d30ca5ed6cf75cef3693 
Number of updated asset objects reloaded before import = 0
Number of asset objects unloaded after import = 0
========================================================================
Received Import Request.
  Time of request: 2026-09-22T17:17:19.3733292Z
  Time since last request: 0.0001734 seconds.
  importAddress: GUID: a1c42005fe7c5d78585a77ce396a5eea - Path: Packages/com.unity.modules.tilemap/package.ModuleCompilationTrigger - Importer: ScriptedImporter/UnityEditor.QuickSearchModule:UnityEditor.Search:ASIAI0B
Importing 'GUID: a1c42005fe7c5d78585a77ce396a5eea - Path: Packages/com.unity.modules.tilemap/package.ModuleCompilationTrigger - Importer: ScriptedImporter/UnityEditor.QuickSearchModule:UnityEditor.Search:ASIAI0B' with importer (ScriptedImporter : UnityEditor.QuickSearchModule:UnityEditor.Search:ASIAI0B)
Imported 'GUID: a1c42005fe7c5d78585a77ce396a5eea' -> (Import Result ID: '7482c5345b53c72ba30f6ceed7d95268') in 0.001 seconds [static and dynamic dependencies]. Details - ImportResultOutputID=77b9a910d56f0f62871d0b20b64c317c DependenciesID=9045bb8f0fb1eae47a37d2c613c551c5 StaticDependenciesID=d3b8a6e1f852de8c9ffffb4313c858c2 
Number of updated asset objects reloaded before import = 0
Number of asset objects unloaded after import = 1
========================================================================
Received Import Request.
  Time of request: 2026-09-22T17:17:19.3746735Z
  Time since last request: 0.000198 seconds.
  importAddress: GUID: fae6007c1ac2cc744b2891fd4d279c96 - Path: Packages/com.unity.ide.visualstudio/Editor/Testing/TestRunnerCallbacks.cs - Importer: ScriptedImporter/UnityEditor.QuickSearchModule:UnityEditor.Search:ASIAI0B
Importing 'GUID: fae6007c1ac2cc744b2891fd4d279c96 - Path: Packages/com.unity.ide.visualstudio/Editor/Testing/TestRunnerCallbacks.cs - Importer: ScriptedImporter/UnityEditor.QuickSearchModule:UnityEditor.Search:ASIAI0B' with importer (ScriptedImporter : UnityEditor.QuickSearchModule:UnityEditor.Search:ASIAI0B)
Imported 'GUID: fae6007c1ac2cc744b2891fd4d279c96' -> (Import Result ID: 'adf9069a73eff45bd7947d353cb53e84') in 0.002 seconds [static and dynamic dependencies]. Details - ImportResultOutputID=2bb42028cc2445427b711abaee609664 DependenciesID=1d27a8ea2e6a90bf89533863356f8065 StaticDependenciesID=0d5f3bcac8015ac4981abc0f5f34d7aa 
Number of updated asset objects reloaded before import = 0
Number of asset objects unloaded after import = 0
========================================================================
Received Import Request.
  Time of request: 2026-09-22T17:17:19.3766148Z
  Time since last request: 0.0002464 seconds.
  importAddress: GUID: ded625cf0d03fa94c9f939fd13ced18d - Path: Packages/com.unity.ide.visualstudio/Editor/Messaging/TcpListener.cs - Importer: ScriptedImporter/UnityEditor.QuickSearchModule:UnityEditor.Search:ASIAI0B
Importing 'GUID: ded625cf0d03fa94c9f939fd13ced18d - Path: Packages/com.unity.ide.visualstudio/Editor/Messaging/TcpListener.cs - Importer: ScriptedImporter/UnityEditor.QuickSearchModule:UnityEditor.Search:ASIAI0B' with importer (ScriptedImporter : UnityEditor.QuickSearchModule:UnityEditor.Search:ASIAI0B)
Imported 'GUID: ded625cf0d03fa94c9f939fd13ced18d' -> (Import Result ID: '492fd20bed7f8f7b07364ef4393f85a0') in 0.001 seconds [static and dynamic dependencies]. Details - ImportResultOutputID=816a836cf7a43fa4c9543fa1fad162a8 DependenciesID=e425a4bb18041933e789d92141c1ca44 StaticDependenciesID=2b3dd411517474453de1c9268b7e9621 
Number of updated asset objects reloaded before import = 0
Number of asset objects unloaded after import = 0
========================================================================
Received Import Request.
  Time of request: 2026-09-22T17:17:19.3781095Z
  Time since last request: 0.000305 seconds.
  importAddress: GUID: cbb1a39d56ce4d9ac1a46ac505893fa7 - Path: Packages/com.unity.modules.terrainphysics/package.ModuleCompilationTrigger - Importer: ScriptedImporter/UnityEditor.QuickSearchModule:UnityEditor.Search:ASIAI0B
Importing 'GUID: cbb1a39d56ce4d9ac1a46ac505893fa7 - Path: Packages/com.unity.modules.terrainphysics/package.ModuleCompilationTrigger - Importer: ScriptedImporter/UnityEditor.QuickSearchModule:UnityEditor.Search:ASIAI0B' with importer (ScriptedImporter : UnityEditor.QuickSearchModule:UnityEditor.Search:ASIAI0B)
Imported 'GUID: cbb1a39d56ce4d9ac1a46ac505893fa7' -> (Import Result ID: '7d66f203ee8b2c32dfbfa931a4f306d0') in 0.001 seconds [static and dynamic dependencies]. Details - ImportResultOutputID=67315a7750c90d91bdf6becc5af50e5a DependenciesID=8201982f4c6c6377ee5db0fab3d1253a StaticDependenciesID=1032f2dac4b411291b7d9110bc8e767d 
Number of updated asset objects reloaded before import = 0
Number of asset objects unloaded after import = 1
========================================================================
Received Import Request.
  Time of request: 2026-09-22T17:17:19.3794905Z
  Time since last request: 0.0001595 seconds.
  importAddress: GUID: bb86eea06f54fb24caa7046a8a764945 - Path: Packages/com.unity.ide.visualstudio/Editor/VisualStudioInstallation.cs - Importer: ScriptedImporter/UnityEditor.QuickSearchModule:UnityEditor.Search:ASIAI0B
Importing 'GUID: bb86eea06f54fb24caa7046a8a764945 - Path: Packages/com.unity.ide.visualstudio/Editor/VisualStudioInstallation.cs - Importer: ScriptedImporter/UnityEditor.QuickSearchModule:UnityEditor.Search:ASIAI0B' with importer (ScriptedImporter : UnityEditor.QuickSearchModule:UnityEditor.Search:ASIAI0B)
Imported 'GUID: bb86eea06f54fb24caa7046a8a764945' -> (Import Result ID: '0c4a31381de4f5d9f28ff40204f57a08') in 0.001 seconds [static and dynamic dependencies]. Details - ImportResultOutputID=3909fa5416df4819ceb3a5554b94226d DependenciesID=4013a2e2e1fa4c03a4d4aa9b3d8f3fa5 StaticDependenciesID=467fc536258a9adf1efb9bdf1ef353c0 
Number of updated asset objects reloaded before import = 0
Number of asset objects unloaded after import = 0
========================================================================
Received Import Request.
  Time of request: 2026-09-22T17:17:19.3805532Z
  Time since last request: 0.0001539 seconds.
  importAddress: GUID: c6c8b2f6152bd1348ae35f9f95719f75 - Path: Packages/com.unity.ide.visualstudio/Editor/AsyncOperation.cs - Importer: ScriptedImporter/UnityEditor.QuickSearchModule:UnityEditor.Search:ASIAI0B
Importing 'GUID: c6c8b2f6152bd1348ae35f9f95719f75 - Path: Packages/com.unity.ide.visualstudio/Editor/AsyncOperation.cs - Importer: ScriptedImporter/UnityEditor.QuickSearchModule:UnityEditor.Search:ASIAI0B' with importer (ScriptedImporter : UnityEditor.QuickSearchModule:UnityEditor.Search:ASIAI0B)
Imported 'GUID: c6c8b2f6152bd1348ae35f9f95719f75' -> (Import Result ID: '23064b62658131d64a9d7c8125ed54df') in 0.001 seconds [static and dynamic dependencies]. Details - ImportResultOutputID=1765d6472f385fe3ee8547652cbe2848 DependenciesID=297adbdaf8ec5fc68fb557abd8b5a256 StaticDependenciesID=9b7224beb63ca27d13ae95dee8884756 
Number of updated asset objects reloaded before import = 0
Number of asset objects unloaded after import = 0
========================================================================
Received Import Request.
  Time of request: 2026-09-22T17:17:19.3818282Z
  Time since last request: 0.0002489 seconds.
  importAddress: GUID: 40bf3cec17fa0b49fe04443c8332d638 - Path: Packages/com.unity.modules.jsonserialize/package.json - Importer: ScriptedImporter/UnityEditor.QuickSearchModule:UnityEditor.Search:ASIAI0B
Importing 'GUID: 40bf3cec17fa0b49fe04443c8332d638 - Path: Packages/com.unity.modules.jsonserialize/package.json - Importer: ScriptedImporter/UnityEditor.QuickSearchModule:UnityEditor.Search:ASIAI0B' with importer (ScriptedImporter : UnityEditor.QuickSearchModule:UnityEditor.Search:ASIAI0B)
Imported 'GUID: 40bf3cec17fa0b49fe04443c8332d638' -> (Import Result ID: '9f7417207bc97076b4082e6f8b22b8b0') in 0.001 seconds [static and dynamic dependencies]. Details - ImportResultOutputID=fefbe69256a6759f1a590ab62880cac6 DependenciesID=6253bb6d5998a4aeca7a06b189b25948 StaticDependenciesID=425159741468d21d134d0cbbc1308907 
Number of updated asset objects reloaded before import = 0
Number of asset objects unloaded after import = 1
========================================================================
Received Import Request.
  Time of request: 2026-09-22T17:17:19.3831968Z
  Time since last request: 0.0001986 seconds.
  importAddress: GUID: 0b59b40c84c6a5348a188c16b17c7b40 - Path: Packages/com.unity.ide.visualstudio/Editor/Testing/TestRunnerApiListener.cs - Importer: ScriptedImporter/UnityEditor.QuickSearchModule:UnityEditor.Search:ASIAI0B
Importing 'GUID: 0b59b40c84c6a5348a188c16b17c7b40 - Path: Packages/com.unity.ide.visualstudio/Editor/Testing/TestRunnerApiListener.cs - Importer: ScriptedImporter/UnityEditor.QuickSearchModule:UnityEditor.Search:ASIAI0B' with importer (ScriptedImporter : UnityEditor.QuickSearchModule:UnityEditor.Search:ASIAI0B)
Imported 'GUID: 0b59b40c84c6a5348a188c16b17c7b40' -> (Import Result ID: '63c036e12481337f4f3b38820ccf2dd2') in 0.001 seconds [static and dynamic dependencies]. Details - ImportResultOutputID=ac624646909640cd26a8a95bafda2797 DependenciesID=719ce95de721bf811be24e540f3043b4 StaticDependenciesID=9f9c6063822f0d345e1c596437560b0b 
Number of updated asset objects reloaded before import = 0
Number of asset objects unloaded after import = 0
========================================================================
Received Import Request.
  Time of request: 2026-09-22T17:17:19.384637Z
  Time since last request: 0.0001906 seconds.
  importAddress: GUID: f3edbdc86577af648a23263aa75161e1 - Path: Packages/com.unity.ide.visualstudio/Editor/Messaging/MessageType.cs - Importer: ScriptedImporter/UnityEditor.QuickSearchModule:UnityEditor.Search:ASIAI0B
Importing 'GUID: f3edbdc86577af648a23263aa75161e1 - Path: Packages/com.unity.ide.visualstudio/Editor/Messaging/MessageType.cs - Importer: ScriptedImporter/UnityEditor.QuickSearchModule:UnityEditor.Search:ASIAI0B' with importer (ScriptedImporter : UnityEditor.QuickSearchModule:UnityEditor.Search:ASIAI0B)
Imported 'GUID: f3edbdc86577af648a23263aa75161e1' -> (Import Result ID: '78613366c25d6ef4f4ea9d9aab6c5218') in 0.002 seconds [static and dynamic dependencies]. Details - ImportResultOutputID=091752c5f78b140044fde8e2365e48e7 DependenciesID=38539b03541c38f81baffe370ad1475c StaticDependenciesID=cfd2486ea24ebd3956137988a01e2cfc 
Number of updated asset objects reloaded before import = 0
Number of asset objects unloaded after import = 0
========================================================================
Received Import Request.
  Time of request: 2026-09-22T17:17:19.3865603Z
  Time since last request: 0.0002526 seconds.
  importAddress: GUID: 5a7aba2d3d458e04eb4210c0303fbf64 - Path: Packages/com.unity.ide.visualstudio/Editor/UsageUtility.cs - Importer: ScriptedImporter/UnityEditor.QuickSearchModule:UnityEditor.Search:ASIAI0B
Importing 'GUID: 5a7aba2d3d458e04eb4210c0303fbf64 - Path: Packages/com.unity.ide.visualstudio/Editor/UsageUtility.cs - Importer: ScriptedImporter/UnityEditor.QuickSearchModule:UnityEditor.Search:ASIAI0B' with importer (ScriptedImporter : UnityEditor.QuickSearchModule:UnityEditor.Search:ASIAI0B)
Imported 'GUID: 5a7aba2d3d458e04eb4210c0303fbf64' -> (Import Result ID: '081e74bd996684c1c28e3d6c0a3309e6') in 0.002 seconds [static and dynamic dependencies]. Details - ImportResultOutputID=a7851c7bc65b406ac838172e5c8c09ce DependenciesID=c5510ea95e168593899f4052615ad4d6 StaticDependenciesID=34956868acf755b8e688b093c3c3a436 
Number of updated asset objects reloaded before import = 0
Number of asset objects unloaded after import = 0
========================================================================
Received Import Request.
  Time of request: 2026-09-22T17:17:19.3883936Z
  Time since last request: 0.0002194 seconds.
  importAddress: GUID: d3cbe921f7b3d9a3257e7c61a5761796 - Path: Packages/com.unity.modules.terrainphysics/package.json - Importer: ScriptedImporter/UnityEditor.QuickSearchModule:UnityEditor.Search:ASIAI0B
Importing 'GUID: d3cbe921f7b3d9a3257e7c61a5761796 - Path: Packages/com.unity.modules.terrainphysics/package.json - Importer: ScriptedImporter/UnityEditor.QuickSearchModule:UnityEditor.Search:ASIAI0B' with importer (ScriptedImporter : UnityEditor.QuickSearchModule:UnityEditor.Search:ASIAI0B)
Imported 'GUID: d3cbe921f7b3d9a3257e7c61a5761796' -> (Import Result ID: 'c2804f1f0a5dc975f2ea034e011424b6') in 0.001 seconds [static and dynamic dependencies]. Details - ImportResultOutputID=9c13d214351b30980e198895231b235e DependenciesID=b87c723f936a98967ca8849ece4fc4b0 StaticDependenciesID=b157dca3c56a913341106c5eca26665f 
Number of updated asset objects reloaded before import = 0
Number of asset objects unloaded after import = 1
========================================================================
Received Import Request.
  Time of request: 2026-09-22T17:17:19.389832Z
  Time since last request: 0.0001953 seconds.
  importAddress: GUID: 9f3705b95d031e84c82f140d8e980867 - Path: Packages/com.unity.ide.visualstudio/Editor/ProjectGeneration/ProjectGeneration.cs - Importer: ScriptedImporter/UnityEditor.QuickSearchModule:UnityEditor.Search:ASIAI0B
Importing 'GUID: 9f3705b95d031e84c82f140d8e980867 - Path: Packages/com.unity.ide.visualstudio/Editor/ProjectGeneration/ProjectGeneration.cs - Importer: ScriptedImporter/UnityEditor.QuickSearchModule:UnityEditor.Search:ASIAI0B' with importer (ScriptedImporter : UnityEditor.QuickSearchModule:UnityEditor.Search:ASIAI0B)
Imported 'GUID: 9f3705b95d031e84c82f140d8e980867' -> (Import Result ID: '04e25372baa14be531bf2d527002ba3c') in 0.001 seconds [static and dynamic dependencies]. Details - ImportResultOutputID=4febb7db711fd967e25b54a50c771cd9 DependenciesID=70f708509a8128c626d1b197c9a42e07 StaticDependenciesID=26e35ed4a21dd31e0bc75ac2774e36d5 
Number of updated asset objects reloaded before import = 0
Number of asset objects unloaded after import = 0
========================================================================
Received Import Request.
  Time of request: 2026-09-22T17:17:19.3915331Z
  Time since last request: 0.0001927 seconds.
  importAddress: GUID: abe003ac6fee32e4892100a78f555011 - Path: Packages/com.unity.ide.visualstudio/Editor/Discovery.cs - Importer: ScriptedImporter/UnityEditor.QuickSearchModule:UnityEditor.Search:ASIAI0B
Importing 'GUID: abe003ac6fee32e4892100a78f555011 - Path: Packages/com.unity.ide.visualstudio/Editor/Discovery.cs - Importer: ScriptedImporter/UnityEditor.QuickSearchModule:UnityEditor.Search:ASIAI0B' with importer (ScriptedImporter : UnityEditor.QuickSearchModule:UnityEditor.Search:ASIAI0B)
Imported 'GUID: abe003ac6fee32e4892100a78f555011' -> (Import Result ID: '462132907e3174a0bb1c2015216f5244') in 0.002 seconds [static and dynamic dependencies]. Details - ImportResultOutputID=cd59c76e7946a952e8d63760cca68297 DependenciesID=397b7f23c2639b4629dfc3750e208992 StaticDependenciesID=027fd7bb1fbb5bd36ed8b7ebec961dec 
Number of updated asset objects reloaded before import = 0
Number of asset objects unloaded after import = 0
========================================================================
Received Import Request.
  Time of request: 2026-09-22T17:17:19.3937926Z
  Time since last request: 0.0002281 seconds.
  importAddress: GUID: 6f1dc05fb6e7d3e4f89ae9ca482735be - Path: Packages/com.unity.ide.visualstudio/Editor/FileUtility.cs - Importer: ScriptedImporter/UnityEditor.QuickSearchModule:UnityEditor.Search:ASIAI0B
Importing 'GUID: 6f1dc05fb6e7d3e4f89ae9ca482735be - Path: Packages/com.unity.ide.visualstudio/Editor/FileUtility.cs - Importer: ScriptedImporter/UnityEditor.QuickSearchModule:UnityEditor.Search:ASIAI0B' with importer (ScriptedImporter : UnityEditor.QuickSearchModule:UnityEditor.Search:ASIAI0B)
Imported 'GUID: 6f1dc05fb6e7d3e4f89ae9ca482735be' -> (Import Result ID: 'ea0ac9fd70d0f13265402b13e9bf7bff') in 0.001 seconds [static and dynamic dependencies]. Details - ImportResultOutputID=61f00d0264fb32c784c50041f9a46970 DependenciesID=54d2f84faa02435fc71d45f0d7885ed3 StaticDependenciesID=58f9e05f729a494555e7057f9be6bbba 
Number of updated asset objects reloaded before import = 0
Number of asset objects unloaded after import = 0
========================================================================
Received Import Request.
  Time of request: 2026-09-22T17:17:19.3953444Z
  Time since last request: 0.0002148 seconds.
  importAddress: GUID: c94f13e05ef0a7a49bdd39f197f39e5e - Path: Packages/com.unity.ide.visualstudio/Editor/ProjectGeneration/GeneratorFactory.cs - Importer: ScriptedImporter/UnityEditor.QuickSearchModule:UnityEditor.Search:ASIAI0B
Importing 'GUID: c94f13e05ef0a7a49bdd39f197f39e5e - Path: Packages/com.unity.ide.visualstudio/Editor/ProjectGeneration/GeneratorFactory.cs - Importer: ScriptedImporter/UnityEditor.QuickSearchModule:UnityEditor.Search:ASIAI0B' with importer (ScriptedImporter : UnityEditor.QuickSearchModule:UnityEditor.Search:ASIAI0B)
Imported 'GUID: c94f13e05ef0a7a49bdd39f197f39e5e' -> (Import Result ID: '5f8b1fba4d8b4c090e9fe7d4527f3316') in 0.001 seconds [static and dynamic dependencies]. Details - ImportResultOutputID=c8e4898eb5f2f4859a299f36018b0979 DependenciesID=91e47787ed91eed343d54a6166b11cd3 StaticDependenciesID=ed37eeee5e58c18ef76bbeb50cf76516 
Number of updated asset objects reloaded before import = 0
Number of asset objects unloaded after import = 0
========================================================================
Received Import Request.
  Time of request: 2026-09-22T17:17:19.3967609Z
  Time since last request: 0.0001528 seconds.
  importAddress: GUID: 7809f42f64c877f4b90ac233e5ec2372 - Path: Packages/com.unity.ide.visualstudio/ThirdPartyNotices.md - Importer: ScriptedImporter/UnityEditor.QuickSearchModule:UnityEditor.Search:ASIAI0B
Importing 'GUID: 7809f42f64c877f4b90ac233e5ec2372 - Path: Packages/com.unity.ide.visualstudio/ThirdPartyNotices.md - Importer: ScriptedImporter/UnityEditor.QuickSearchModule:UnityEditor.Search:ASIAI0B' with importer (ScriptedImporter : UnityEditor.QuickSearchModule:UnityEditor.Search:ASIAI0B)
Imported 'GUID: 7809f42f64c877f4b90ac233e5ec2372' -> (Import Result ID: 'fcc781f3fc88309204191aff73e5caae') in 0.001 seconds [static and dynamic dependencies]. Details - ImportResultOutputID=656ef5c2426e62a91dcb3bf41336cda5 DependenciesID=cd535503b91dfe73729f09eb055797e8 StaticDependenciesID=5727ad3f3d1e3b3f9debc1ed0faeaae6 
Number of updated asset objects reloaded before import = 0
Number of asset objects unloaded after import = 1
========================================================================
Received Import Request.
  Time of request: 2026-09-22T17:17:19.3982626Z
  Time since last request: 0.000287 seconds.
  importAddress: GUID: f6674c38820d12a49ac116d416521d85 - Path: Packages/com.unity.ide.visualstudio/Editor/Messaging/TcpClient.cs - Importer: ScriptedImporter/UnityEditor.QuickSearchModule:UnityEditor.Search:ASIAI0B
Importing 'GUID: f6674c38820d12a49ac116d416521d85 - Path: Packages/com.unity.ide.visualstudio/Editor/Messaging/TcpClient.cs - Importer: ScriptedImporter/UnityEditor.QuickSearchModule:UnityEditor.Search:ASIAI0B' with importer (ScriptedImporter : UnityEditor.QuickSearchModule:UnityEditor.Search:ASIAI0B)
Imported 'GUID: f6674c38820d12a49ac116d416521d85' -> (Import Result ID: '598682d638348a4a2a94eb30e94bbcd7') in 0.002 seconds [static and dynamic dependencies]. Details - ImportResultOutputID=29a8a2deffc571bb18293a4146b3a4a0 DependenciesID=73078191b10c95768b87072bd80c1a48 StaticDependenciesID=ac80db3cb52bcf367f6ee29853421987 
Number of updated asset objects reloaded before import = 0
Number of asset objects unloaded after import = 0
========================================================================
Received Import Request.
  Time of request: 2026-09-22T17:17:19.400874Z
  Time since last request: 0.0002472 seconds.
  importAddress: GUID: d0e3ad91972c66f5238f5b9b7d5ae58a - Path: Packages/com.unity.modules.unitywebrequesttexture/package.json - Importer: ScriptedImporter/UnityEditor.QuickSearchModule:UnityEditor.Search:ASIAI0B
Importing 'GUID: d0e3ad91972c66f5238f5b9b7d5ae58a - Path: Packages/com.unity.modules.unitywebrequesttexture/package.json - Importer: ScriptedImporter/UnityEditor.QuickSearchModule:UnityEditor.Search:ASIAI0B' with importer (ScriptedImporter : UnityEditor.QuickSearchModule:UnityEditor.Search:ASIAI0B)
Imported 'GUID: d0e3ad91972c66f5238f5b9b7d5ae58a' -> (Import Result ID: '3a5e1db7b032879501276a72c842b4fe') in 0.001 seconds [static and dynamic dependencies]. Details - ImportResultOutputID=d1238312b44187159c093ed76996f608 DependenciesID=83ee0db0ad74f3d94604f8deb4353b54 StaticDependenciesID=cd7510f370561eaeba51a6169378c7d3 
Number of updated asset objects reloaded before import = 0
Number of asset objects unloaded after import = 1
========================================================================
Received Import Request.
  Time of request: 2026-09-22T17:17:19.4026988Z
  Time since last request: 0.0003001 seconds.
  importAddress: GUID: 1be5c96ff30e6ec40876f28fd9ab7e24 - Path: Packages/com.unity.ide.visualstudio/Editor/VisualStudioCodeInstallation.cs - Importer: ScriptedImporter/UnityEditor.QuickSearchModule:UnityEditor.Search:ASIAI0B
Importing 'GUID: 1be5c96ff30e6ec40876f28fd9ab7e24 - Path: Packages/com.unity.ide.visualstudio/Editor/VisualStudioCodeInstallation.cs - Importer: ScriptedImporter/UnityEditor.QuickSearchModule:UnityEditor.Search:ASIAI0B' with importer (ScriptedImporter : UnityEditor.QuickSearchModule:UnityEditor.Search:ASIAI0B)
Imported 'GUID: 1be5c96ff30e6ec40876f28fd9ab7e24' -> (Import Result ID: '6dffe398bef8b8c9f4175e68828e919d') in 0.002 seconds [static and dynamic dependencies]. Details - ImportResultOutputID=14a8d37302ab7b6b401dc47aebac56b2 DependenciesID=bb921c4000f6868b4916f7cbb44e5c72 StaticDependenciesID=4068ad59519b921e8a3221d1d7e8e9de 
Number of updated asset objects reloaded before import = 0
Number of asset objects unloaded after import = 0
========================================================================
Received Import Request.
  Time of request: 2026-09-22T17:17:19.404726Z
  Time since last request: 0.0002385 seconds.
  importAddress: GUID: 3eda7a83649158546826efb3ffe6c1e3 - Path: Packages/com.unity.ide.visualstudio/Editor/Messaging/Deserializer.cs - Importer: ScriptedImporter/UnityEditor.QuickSearchModule:UnityEditor.Search:ASIAI0B
Importing 'GUID: 3eda7a83649158546826efb3ffe6c1e3 - Path: Packages/com.unity.ide.visualstudio/Editor/Messaging/Deserializer.cs - Importer: ScriptedImporter/UnityEditor.QuickSearchModule:UnityEditor.Search:ASIAI0B' with importer (ScriptedImporter : UnityEditor.QuickSearchModule:UnityEditor.Search:ASIAI0B)
Imported 'GUID: 3eda7a83649158546826efb3ffe6c1e3' -> (Import Result ID: '8f5b7d5a95fdb93af1a973a44c6767b7') in 0.001 seconds [static and dynamic dependencies]. Details - ImportResultOutputID=8a3db0d77016af61ef56ce34e9a11196 DependenciesID=433bc8a28d5bfb05d8a6b9f83b8995ea StaticDependenciesID=a9d1224e22905e5b220d0eb84803ae9d 
Number of updated asset objects reloaded before import = 0
Number of asset objects unloaded after import = 0
========================================================================
Received Import Request.
  Time of request: 2026-09-22T17:17:19.4062344Z
  Time since last request: 0.0002792 seconds.
  importAddress: GUID: e6a135e3ea9cb46795d1b0e05ac3e1e5 - Path: Packages/com.unity.modules.jsonserialize/package.ModuleCompilationTrigger - Importer: ScriptedImporter/UnityEditor.QuickSearchModule:UnityEditor.Search:ASIAI0B
Importing 'GUID: e6a135e3ea9cb46795d1b0e05ac3e1e5 - Path: Packages/com.unity.modules.jsonserialize/package.ModuleCompilationTrigger - Importer: ScriptedImporter/UnityEditor.QuickSearchModule:UnityEditor.Search:ASIAI0B' with importer (ScriptedImporter : UnityEditor.QuickSearchModule:UnityEditor.Search:ASIAI0B)
Imported 'GUID: e6a135e3ea9cb46795d1b0e05ac3e1e5' -> (Import Result ID: 'e7e89c3f674ca51062917616af191a29') in 0.001 seconds [static and dynamic dependencies]. Details - ImportResultOutputID=eb2337abd86684633a5f0c4bfd3714a9 DependenciesID=e80b45e33260ed103a9733b95ec7d82b StaticDependenciesID=d99bba657fde8632fe079a9a1f22f8d3 
Number of updated asset objects reloaded before import = 0
Number of asset objects unloaded after import = 1
========================================================================
Received Import Request.
  Time of request: 2026-09-22T17:17:19.4080212Z
  Time since last request: 0.0004022 seconds.
  importAddress: GUID: f47f2d030bc1d415a8d15a51dbcc39a2 - Path: Packages/com.unity.ide.visualstudio/Editor/Testing/TestResultAdaptor.cs - Importer: ScriptedImporter/UnityEditor.QuickSearchModule:UnityEditor.Search:ASIAI0B
Importing 'GUID: f47f2d030bc1d415a8d15a51dbcc39a2 - Path: Packages/com.unity.ide.visualstudio/Editor/Testing/TestResultAdaptor.cs - Importer: ScriptedImporter/UnityEditor.QuickSearchModule:UnityEditor.Search:ASIAI0B' with importer (ScriptedImporter : UnityEditor.QuickSearchModule:UnityEditor.Search:ASIAI0B)
Imported 'GUID: f47f2d030bc1d415a8d15a51dbcc39a2' -> (Import Result ID: '8f7972e96e820e4f380bf5dd585a6baa') in 0.001 seconds [static and dynamic dependencies]. Details - ImportResultOutputID=8c6f8e503be5a9cf23d7c4ccc5818eab DependenciesID=e48532a3482ae0577508ef920b5e1e97 StaticDependenciesID=bf19d7995d2d712e48ae387583ac19bb 
Number of updated asset objects reloaded before import = 0
Number of asset objects unloaded after import = 0
========================================================================
Received Import Request.
  Time of request: 2026-09-22T17:17:19.4098364Z
  Time since last request: 0.0002495 seconds.
  importAddress: GUID: 957a5f2d2660a894d926660de2a9d577 - Path: Packages/com.unity.ide.visualstudio/Editor/ProcessRunner.cs - Importer: ScriptedImporter/UnityEditor.QuickSearchModule:UnityEditor.Search:ASIAI0B
Importing 'GUID: 957a5f2d2660a894d926660de2a9d577 - Path: Packages/com.unity.ide.visualstudio/Editor/ProcessRunner.cs - Importer: ScriptedImporter/UnityEditor.QuickSearchModule:UnityEditor.Search:ASIAI0B' with importer (ScriptedImporter : UnityEditor.QuickSearchModule:UnityEditor.Search:ASIAI0B)
Imported 'GUID: 957a5f2d2660a894d926660de2a9d577' -> (Import Result ID: '949fd622de266a51233ef5bca1f3e48c') in 0.001 seconds [static and dynamic dependencies]. Details - ImportResultOutputID=57e317ac928b1e73cbc58c3d22e353d4 DependenciesID=33b70015e98d1fc811e1a6c7f5f212f0 StaticDependenciesID=e437f89a0099a43f41694a0354453f72 
Number of updated asset objects reloaded before import = 0
Number of asset objects unloaded after import = 0
========================================================================
Received Import Request.
  Time of request: 2026-09-22T17:17:19.4116304Z
  Time since last request: 0.0002355 seconds.
  importAddress: GUID: b93f844d45cfcc44fa2b0eed5c9ec6bb - Path: Packages/com.unity.ide.visualstudio/Editor/com.unity.ide.visualstudio.asmdef - Importer: ScriptedImporter/UnityEditor.QuickSearchModule:UnityEditor.Search:ASIAI0B
Importing 'GUID: b93f844d45cfcc44fa2b0eed5c9ec6bb - Path: Packages/com.unity.ide.visualstudio/Editor/com.unity.ide.visualstudio.asmdef - Importer: ScriptedImporter/UnityEditor.QuickSearchModule:UnityEditor.Search:ASIAI0B' with importer (ScriptedImporter : UnityEditor.QuickSearchModule:UnityEditor.Search:ASIAI0B)
Imported 'GUID: b93f844d45cfcc44fa2b0eed5c9ec6bb' -> (Import Result ID: '18a96e206402038c72be8934a5eb4fa3') in 0.003 seconds [static and dynamic dependencies]. Details - ImportResultOutputID=79c2b81432801e67a4e2fb4d9dbcd9cd DependenciesID=a43241a88e9ca4497a68ecb9d98eb4cc StaticDependenciesID=0e73354e6306cf9e32275927a649535b 
Number of updated asset objects reloaded before import = 0
Number of asset objects unloaded after import = 1
========================================================================
Received Import Request.
  Time of request: 2026-09-22T17:17:19.4145998Z
  Time since last request: 0.0002481 seconds.
  importAddress: GUID: eeb21ffd7b0188542b348935f4b04fe8 - Path: Packages/com.unity.ide.visualstudio/Editor/ProjectGeneration/TypeCacheHelper.cs - Importer: ScriptedImporter/UnityEditor.QuickSearchModule:UnityEditor.Search:ASIAI0B
Importing 'GUID: eeb21ffd7b0188542b348935f4b04fe8 - Path: Packages/com.unity.ide.visualstudio/Editor/ProjectGeneration/TypeCacheHelper.cs - Importer: ScriptedImporter/UnityEditor.QuickSearchModule:UnityEditor.Search:ASIAI0B' with importer (ScriptedImporter : UnityEditor.QuickSearchModule:UnityEditor.Search:ASIAI0B)
Imported 'GUID: eeb21ffd7b0188542b348935f4b04fe8' -> (Import Result ID: '1f1b9f233d47f6ef54e610c20388511a') in 0.001 seconds [static and dynamic dependencies]. Details - ImportResultOutputID=c6e00b49c9ce3b7e10a1e1c96e0ca870 DependenciesID=dd758081d86f6c7c7935d99f9a08c899 StaticDependenciesID=c4f131be39acb359ff0a2f148e3f8bd1 
Number of updated asset objects reloaded before import = 0
Number of asset objects unloaded after import = 0
========================================================================
Received Import Request.
  Time of request: 2026-09-22T17:17:19.4160024Z
  Time since last request: 0.0002109 seconds.
  importAddress: GUID: 275143c81d816ef4286fdc67aabc20c8 - Path: Packages/com.unity.ide.visualstudio/Editor/Messaging/MessageEventArgs.cs - Importer: ScriptedImporter/UnityEditor.QuickSearchModule:UnityEditor.Search:ASIAI0B
Importing 'GUID: 275143c81d816ef4286fdc67aabc20c8 - Path: Packages/com.unity.ide.visualstudio/Editor/Messaging/MessageEventArgs.cs - Importer: ScriptedImporter/UnityEditor.QuickSearchModule:UnityEditor.Search:ASIAI0B' with importer (ScriptedImporter : UnityEditor.QuickSearchModule:UnityEditor.Search:ASIAI0B)
Imported 'GUID: 275143c81d816ef4286fdc67aabc20c8' -> (Import Result ID: '965c7e76ba4210c5ebfbe6055268c6b4') in 0.001 seconds [static and dynamic dependencies]. Details - ImportResultOutputID=923a746f3f407c8f6231b73aae986cbc DependenciesID=aa16bd1caafbda8c8c58bea56e94416d StaticDependenciesID=09cbc6e9c71040d2867f530cf9e9cb91 
Number of updated asset objects reloaded before import = 0
Number of asset objects unloaded after import = 0
========================================================================
Received Import Request.
  Time of request: 2026-09-22T17:17:19.4169942Z
  Time since last request: 0.0001562 seconds.
  importAddress: GUID: 7652904b1008e324fb7cfb952ea87656 - Path: Packages/com.unity.ide.visualstudio/Editor/ProjectGeneration/GUIDProvider.cs - Importer: ScriptedImporter/UnityEditor.QuickSearchModule:UnityEditor.Search:ASIAI0B
Importing 'GUID: 7652904b1008e324fb7cfb952ea87656 - Path: Packages/com.unity.ide.visualstudio/Editor/ProjectGeneration/GUIDProvider.cs - Importer: ScriptedImporter/UnityEditor.QuickSearchModule:UnityEditor.Search:ASIAI0B' with importer (ScriptedImporter : UnityEditor.QuickSearchModule:UnityEditor.Search:ASIAI0B)
Imported 'GUID: 7652904b1008e324fb7cfb952ea87656' -> (Import Result ID: '6592ad80b5abadce5043cdeab4897f61') in 0.001 seconds [static and dynamic dependencies]. Details - ImportResultOutputID=3339fa2f87c6cb5b285fa5d3691e201b DependenciesID=23f9be7777f02510fb55901d8f63aff4 StaticDependenciesID=61c30044949308906499ba5ff839ee02 
Number of updated asset objects reloaded before import = 0
Number of asset objects unloaded after import = 0
========================================================================
Received Import Request.
  Time of request: 2026-09-22T17:17:19.4185045Z
  Time since last request: 0.0002523 seconds.
  importAddress: GUID: 38cb3a4a17d2cfd41926da95ce675934 - Path: Packages/com.unity.ide.visualstudio/Editor/Messaging/UdpSocket.cs - Importer: ScriptedImporter/UnityEditor.QuickSearchModule:UnityEditor.Search:ASIAI0B
Importing 'GUID: 38cb3a4a17d2cfd41926da95ce675934 - Path: Packages/com.unity.ide.visualstudio/Editor/Messaging/UdpSocket.cs - Importer: ScriptedImporter/UnityEditor.QuickSearchModule:UnityEditor.Search:ASIAI0B' with importer (ScriptedImporter : UnityEditor.QuickSearchModule:UnityEditor.Search:ASIAI0B)
Imported 'GUID: 38cb3a4a17d2cfd41926da95ce675934' -> (Import Result ID: '92fe2654621f94d6f68f926705d0ec1a') in 0.002 seconds [static and dynamic dependencies]. Details - ImportResultOutputID=64dec29b37f091af657f92efbc00ece4 DependenciesID=318590716513f96b1d8da307ba4db6f2 StaticDependenciesID=98d13f0b800dae2669348249d6492a23 
Number of updated asset objects reloaded before import = 0
Number of asset objects unloaded after import = 0
========================================================================
Received Import Request.
  Time of request: 2026-09-22T17:17:19.421136Z
  Time since last request: 0.0002318 seconds.
  importAddress: GUID: 57537f08f8e923f488e4aadabb831c9b - Path: Packages/com.unity.ide.visualstudio/Editor/ProjectGeneration/AssemblyNameProvider.cs - Importer: ScriptedImporter/UnityEditor.QuickSearchModule:UnityEditor.Search:ASIAI0B
Importing 'GUID: 57537f08f8e923f488e4aadabb831c9b - Path: Packages/com.unity.ide.visualstudio/Editor/ProjectGeneration/AssemblyNameProvider.cs - Importer: ScriptedImporter/UnityEditor.QuickSearchModule:UnityEditor.Search:ASIAI0B' with importer (ScriptedImporter : UnityEditor.QuickSearchModule:UnityEditor.Search:ASIAI0B)
Imported 'GUID: 57537f08f8e923f488e4aadabb831c9b' -> (Import Result ID: '043dfd4da25d322633704f100dd9c1ad') in 0.001 seconds [static and dynamic dependencies]. Details - ImportResultOutputID=95bc2bc4e9ca01b0dfeaca4a52aaa62c DependenciesID=6ba786978cdfd74e2058d024859bf6ea StaticDependenciesID=2e04f804cfa74be9868fcf3c056300ca 
Number of updated asset objects reloaded before import = 0
Number of asset objects unloaded after import = 0
========================================================================
Received Import Request.
  Time of request: 2026-09-22T17:17:19.4226444Z
  Time since last request: 0.0002371 seconds.
  importAddress: GUID: 92a378669877c05c6071d0fed687bb95 - Path: Packages/com.unity.modules.tilemap/package.json - Importer: ScriptedImporter/UnityEditor.QuickSearchModule:UnityEditor.Search:ASIAI0B
Importing 'GUID: 92a378669877c05c6071d0fed687bb95 - Path: Packages/com.unity.modules.tilemap/package.json - Importer: ScriptedImporter/UnityEditor.QuickSearchModule:UnityEditor.Search:ASIAI0B' with importer (ScriptedImporter : UnityEditor.QuickSearchModule:UnityEditor.Search:ASIAI0B)
Imported 'GUID: 92a378669877c05c6071d0fed687bb95' -> (Import Result ID: '593850a06d57b9056b84c3f82a2b822f') in 0.001 seconds [static and dynamic dependencies]. Details - ImportResultOutputID=7f3b2844583e5e7196b96c20efad4ff5 DependenciesID=97c59db7e6597f743973bbc4010621d6 StaticDependenciesID=35e02e1e4f4f92485777d29e13156f1e 
Number of updated asset objects reloaded before import = 0
Number of asset objects unloaded after import = 1
========================================================================
Received Import Request.
  Time of request: 2026-09-22T17:17:19.4384284Z
  Time since last request: 0.0146826 seconds.
  importAddress: GUID: 2b301b727225f1941974d69e61a55620 - Path: Packages/com.unity.test-framework/UnityEditor.TestRunner/TestRunnerWindowSettings.cs - Importer: ScriptedImporter/UnityEditor.QuickSearchModule:UnityEditor.Search:ASIAI0B
Importing 'GUID: 2b301b727225f1941974d69e61a55620 - Path: Packages/com.unity.test-framework/UnityEditor.TestRunner/TestRunnerWindowSettings.cs - Importer: ScriptedImporter/UnityEditor.QuickSearchModule:UnityEditor.Search:ASIAI0B' with importer (ScriptedImporter : UnityEditor.QuickSearchModule:UnityEditor.Search:ASIAI0B)
Imported 'GUID: 2b301b727225f1941974d69e61a55620' -> (Import Result ID: '215a3487b175352957670d91fe57cc7f') in 0.001 seconds [static and dynamic dependencies]. Details - ImportResultOutputID=cca19ec734c31682bedbe424659c8e02 DependenciesID=001085a41835e167f1cf26260a88a8be StaticDependenciesID=319ac2de859e8a596689f89d7d14b674 
Number of updated asset objects reloaded before import = 0
Number of asset objects unloaded after import = 0
========================================================================
Received Import Request.
  Time of request: 2026-09-22T17:17:19.4400884Z
  Time since last request: 0.0002582 seconds.
  importAddress: GUID: 3ec7596410385054a9e0bc90377fbe63 - Path: Packages/com.unity.test-framework/LICENSE.md - Importer: ScriptedImporter/UnityEditor.QuickSearchModule:UnityEditor.Search:ASIAI0B
Importing 'GUID: 3ec7596410385054a9e0bc90377fbe63 - Path: Packages/com.unity.test-framework/LICENSE.md - Importer: ScriptedImporter/UnityEditor.QuickSearchModule:UnityEditor.Search:ASIAI0B' with importer (ScriptedImporter : UnityEditor.QuickSearchModule:UnityEditor.Search:ASIAI0B)
Imported 'GUID: 3ec7596410385054a9e0bc90377fbe63' -> (Import Result ID: '85b6353ec91067068580ffe65d5fd62e') in 0.001 seconds [static and dynamic dependencies]. Details - ImportResultOutputID=3413555686f02df3b6b9d065a1c187de DependenciesID=bfcfe7ceab6d882d97a3059ebd6f6942 StaticDependenciesID=e81abb57f442417729aebea5fd765cb7 
Number of updated asset objects reloaded before import = 0
Number of asset objects unloaded after import = 1
========================================================================
Received Import Request.
  Time of request: 2026-09-22T17:17:19.441311Z
  Time since last request: 0.0003036 seconds.
  importAddress: GUID: be13c398521e3c1ad21fb9da30ab2ab6 - Path: Packages/com.unity.modules.imgui/package.ModuleCompilationTrigger - Importer: ScriptedImporter/UnityEditor.QuickSearchModule:UnityEditor.Search:ASIAI0B
Importing 'GUID: be13c398521e3c1ad21fb9da30ab2ab6 - Path: Packages/com.unity.modules.imgui/package.ModuleCompilationTrigger - Importer: ScriptedImporter/UnityEditor.QuickSearchModule:UnityEditor.Search:ASIAI0B' with importer (ScriptedImporter : UnityEditor.QuickSearchModule:UnityEditor.Search:ASIAI0B)
Imported 'GUID: be13c398521e3c1ad21fb9da30ab2ab6' -> (Import Result ID: '715a77cd4cc494aa5da637c00fc337a2') in 0.001 seconds [static and dynamic dependencies]. Details - ImportResultOutputID=f80467520f651cf1d0980dee94726bb6 DependenciesID=0a651581b9531447e1196f0893a80720 StaticDependenciesID=0d3a12acdf94949a491ad45a8826d353 
Number of updated asset objects reloaded before import = 0
Number of asset objects unloaded after import = 1
========================================================================
Received Import Request.
  Time of request: 2026-09-22T17:17:19.4426842Z
  Time since last request: 0.0001781 seconds.
  importAddress: GUID: 585c3fb85b32bd64e8814074e754163e - Path: Packages/com.unity.ide.visualstudio/Editor/VSWhere/vswhere.exe - Importer: ScriptedImporter/UnityEditor.QuickSearchModule:UnityEditor.Search:ASIAI0B
Importing 'GUID: 585c3fb85b32bd64e8814074e754163e - Path: Packages/com.unity.ide.visualstudio/Editor/VSWhere/vswhere.exe - Importer: ScriptedImporter/UnityEditor.QuickSearchModule:UnityEditor.Search:ASIAI0B' with importer (ScriptedImporter : UnityEditor.QuickSearchModule:UnityEditor.Search:ASIAI0B)
Imported 'GUID: 585c3fb85b32bd64e8814074e754163e' -> (Import Result ID: '9193a2138730f3fe41579e8f2cf6b52c') in 0.001 seconds [static and dynamic dependencies]. Details - ImportResultOutputID=97f1f15166a5a08e22c9d7b9ab942ad6 DependenciesID=e0f5cca574c89535d11b419dcd54c439 StaticDependenciesID=f64fbc672e7092fd75ca6bf9bdae8693 
Number of updated asset objects reloaded before import = 0
Number of asset objects unloaded after import = 1
========================================================================
Received Import Request.
  Time of request: 2026-09-22T17:17:19.4442481Z
  Time since last request: 0.0002113 seconds.
  importAddress: GUID: 9db19a04003fca7439552acd4de9baa1 - Path: Packages/com.unity.test-framework/UnityEditor.TestRunner/AssemblyInfo.cs - Importer: ScriptedImporter/UnityEditor.QuickSearchModule:UnityEditor.Search:ASIAI0B
Importing 'GUID: 9db19a04003fca7439552acd4de9baa1 - Path: Packages/com.unity.test-framework/UnityEditor.TestRunner/AssemblyInfo.cs - Importer: ScriptedImporter/UnityEditor.QuickSearchModule:UnityEditor.Search:ASIAI0B' with importer (ScriptedImporter : UnityEditor.QuickSearchModule:UnityEditor.Search:ASIAI0B)
Imported 'GUID: 9db19a04003fca7439552acd4de9baa1' -> (Import Result ID: '2074305259906ba8462331f74c660b40') in 0.001 seconds [static and dynamic dependencies]. Details - ImportResultOutputID=72081aceb7fa7a30eb250cb613be8b94 DependenciesID=923f327769143fece6e188aea2d368d0 StaticDependenciesID=713c2c22b2c509fca7dd9601cbd5782c 
Number of updated asset objects reloaded before import = 0
Number of asset objects unloaded after import = 0
========================================================================
Received Import Request.
  Time of request: 2026-09-22T17:17:19.4460483Z
  Time since last request: 0.0002719 seconds.
  importAddress: GUID: 222fc39b0c85d800342910da2cd64781 - Path: Packages/com.unity.modules.assetbundle/package.ModuleCompilationTrigger - Importer: ScriptedImporter/UnityEditor.QuickSearchModule:UnityEditor.Search:ASIAI0B
Importing 'GUID: 222fc39b0c85d800342910da2cd64781 - Path: Packages/com.unity.modules.assetbundle/package.ModuleCompilationTrigger - Importer: ScriptedImporter/UnityEditor.QuickSearchModule:UnityEditor.Search:ASIAI0B' with importer (ScriptedImporter : UnityEditor.QuickSearchModule:UnityEditor.Search:ASIAI0B)
Imported 'GUID: 222fc39b0c85d800342910da2cd64781' -> (Import Result ID: 'babdc852b9619f37a0a151add6e89039') in 0.001 seconds [static and dynamic dependencies]. Details - ImportResultOutputID=20a81697a0c72dd8c4e9095ebeb17238 DependenciesID=ddb6a4ee60640a1b9fb3813b9b0ad820 StaticDependenciesID=a13454118ed145dfd66fb2aadcf7d1d0 
Number of updated asset objects reloaded before import = 0
Number of asset objects unloaded after import = 1
========================================================================
Received Import Request.
  Time of request: 2026-09-22T17:17:19.4474345Z
  Time since last request: 0.0001946 seconds.
  importAddress: GUID: e1ef8466c8fd01a549f10baa4d51fa17 - Path: Packages/com.unity.modules.assetbundle/package.json - Importer: ScriptedImporter/UnityEditor.QuickSearchModule:UnityEditor.Search:ASIAI0B
Importing 'GUID: e1ef8466c8fd01a549f10baa4d51fa17 - Path: Packages/com.unity.modules.assetbundle/package.json - Importer: ScriptedImporter/UnityEditor.QuickSearchModule:UnityEditor.Search:ASIAI0B' with importer (ScriptedImporter : UnityEditor.QuickSearchModule:UnityEditor.Search:ASIAI0B)
Imported 'GUID: e1ef8466c8fd01a549f10baa4d51fa17' -> (Import Result ID: '1f51b991ad5c5d1e052525504b58e24c') in 0.001 seconds [static and dynamic dependencies]. Details - ImportResultOutputID=774b92a564491e6f1cb67f2e2cacfcc6 DependenciesID=d4475f1719aa43877bfc2afb58c7a3b2 StaticDependenciesID=5dabe7362c20c202b77fe5a7e34c0af6 
Number of updated asset objects reloaded before import = 0
Number of asset objects unloaded after import = 1
========================================================================
Received Import Request.
  Time of request: 2026-09-22T17:17:19.4489838Z
  Time since last request: 0.0001896 seconds.
  importAddress: GUID: 3411e19edd44cfd46b548b058c3bc36c - Path: Packages/com.unity.test-framework/UnityEditor.TestRunner/TestBuildAssemblyFilter.cs - Importer: ScriptedImporter/UnityEditor.QuickSearchModule:UnityEditor.Search:ASIAI0B
Importing 'GUID: 3411e19edd44cfd46b548b058c3bc36c - Path: Packages/com.unity.test-framework/UnityEditor.TestRunner/TestBuildAssemblyFilter.cs - Importer: ScriptedImporter/UnityEditor.QuickSearchModule:UnityEditor.Search:ASIAI0B' with importer (ScriptedImporter : UnityEditor.QuickSearchModule:UnityEditor.Search:ASIAI0B)
Imported 'GUID: 3411e19edd44cfd46b548b058c3bc36c' -> (Import Result ID: 'ee2eaca52945d9faf69890ae40342760') in 0.002 seconds [static and dynamic dependencies]. Details - ImportResultOutputID=0b8074fc6fb0c2e724a8fa9aa070b1be DependenciesID=9e4f0933600dadca16d3459ed6251461 StaticDependenciesID=cf82edfe7af0476dab5dd8c5f68efad3 
Number of updated asset objects reloaded before import = 0
Number of asset objects unloaded after import = 0
========================================================================
Received Import Request.
  Time of request: 2026-09-22T17:17:19.4513994Z
  Time since last request: 0.0001955 seconds.
  importAddress: GUID: 939b89fc6b924ea2e821fc1be1b09f56 - Path: Packages/com.unity.modules.tetgen/package.json - Importer: ScriptedImporter/UnityEditor.QuickSearchModule:UnityEditor.Search:ASIAI0B
Importing 'GUID: 939b89fc6b924ea2e821fc1be1b09f56 - Path: Packages/com.unity.modules.tetgen/package.json - Importer: ScriptedImporter/UnityEditor.QuickSearchModule:UnityEditor.Search:ASIAI0B' with importer (ScriptedImporter : UnityEditor.QuickSearchModule:UnityEditor.Search:ASIAI0B)
Imported 'GUID: 939b89fc6b924ea2e821fc1be1b09f56' -> (Import Result ID: '7be66932128627395124611d521f7ec6') in 0.001 seconds [static and dynamic dependencies]. Details - ImportResultOutputID=1eb0ac1d69ab8d392f0a65fe3471f33e DependenciesID=461cac84ead9df93cfa7e0eec9ad2017 StaticDependenciesID=ba9e0079fa09827fdbf9f2f97c06c4e0 
Number of updated asset objects reloaded before import = 0
Number of asset objects unloaded after import = 1
========================================================================
Received Import Request.
  Time of request: 2026-09-22T17:17:19.4532161Z
  Time since last request: 0.0002073 seconds.
  importAddress: GUID: 5c1ee4056d0ac7ad3c5a16597fcaa38a - Path: Packages/com.unity.modules.physics/package.ModuleCompilationTrigger - Importer: ScriptedImporter/UnityEditor.QuickSearchModule:UnityEditor.Search:ASIAI0B
Importing 'GUID: 5c1ee4056d0ac7ad3c5a16597fcaa38a - Path: Packages/com.unity.modules.physics/package.ModuleCompilationTrigger - Importer: ScriptedImporter/UnityEditor.QuickSearchModule:UnityEditor.Search:ASIAI0B' with importer (ScriptedImporter : UnityEditor.QuickSearchModule:UnityEditor.Search:ASIAI0B)
Imported 'GUID: 5c1ee4056d0ac7ad3c5a16597fcaa38a' -> (Import Result ID: '4ad6c7fe3622bc2e941f6a85c8b9ba18') in 0.001 seconds [static and dynamic dependencies]. Details - ImportResultOutputID=3c42cbfbb3a37f7b6f0fad33f79ce396 DependenciesID=45d32f13e7d64a5170e777eed0d8ca6a StaticDependenciesID=448674914c29a07701603b1e03d1cf43 
Number of updated asset objects reloaded before import = 0
Number of asset objects unloaded after import = 1
========================================================================
Received Import Request.
  Time of request: 2026-09-22T17:17:19.4548795Z
  Time since last request: 0.0002197 seconds.
  importAddress: GUID: a667f6654ad7a9548b8c8e68b51c8895 - Path: Packages/com.unity.test-framework/UnityEditor.TestRunner/RequireApiProfileAttribute.cs - Importer: ScriptedImporter/UnityEditor.QuickSearchModule:UnityEditor.Search:ASIAI0B
Importing 'GUID: a667f6654ad7a9548b8c8e68b51c8895 - Path: Packages/com.unity.test-framework/UnityEditor.TestRunner/RequireApiProfileAttribute.cs - Importer: ScriptedImporter/UnityEditor.QuickSearchModule:UnityEditor.Search:ASIAI0B' with importer (ScriptedImporter : UnityEditor.QuickSearchModule:UnityEditor.Search:ASIAI0B)
Imported 'GUID: a667f6654ad7a9548b8c8e68b51c8895' -> (Import Result ID: '64c6dc05553a95d3a413781e69c5aeeb') in 0.001 seconds [static and dynamic dependencies]. Details - ImportResultOutputID=e2d0609211a6efe32d4d2bf502947a88 DependenciesID=5aca19d0a2f07ff33d63ddb9dd618187 StaticDependenciesID=4321af9e0c3cc46fd62272907c0a4ed4 
Number of updated asset objects reloaded before import = 0
Number of asset objects unloaded after import = 0
========================================================================
Received Import Request.
  Time of request: 2026-09-22T17:17:19.456311Z
  Time since last request: 0.0002343 seconds.
  importAddress: GUID: 0719f1a8b2a284e1182b352e6c8c3c60 - Path: Packages/com.unity.ide.visualstudio/Editor/Testing/TestStatusAdaptor.cs - Importer: ScriptedImporter/UnityEditor.QuickSearchModule:UnityEditor.Search:ASIAI0B
Importing 'GUID: 0719f1a8b2a284e1182b352e6c8c3c60 - Path: Packages/com.unity.ide.visualstudio/Editor/Testing/TestStatusAdaptor.cs - Importer: ScriptedImporter/UnityEditor.QuickSearchModule:UnityEditor.Search:ASIAI0B' with importer (ScriptedImporter : UnityEditor.QuickSearchModule:UnityEditor.Search:ASIAI0B)
Imported 'GUID: 0719f1a8b2a284e1182b352e6c8c3c60' -> (Import Result ID: '4727ebdf9d37e12c3cb239115c729dd5') in 0.001 seconds [static and dynamic dependencies]. Details - ImportResultOutputID=ae644e4735aedb894ba8eb287f8f4e59 DependenciesID=ff29f697d70cc63c1e384ad696ed512f StaticDependenciesID=c9375f1aa15c0483c25fcfca3566f184 
Number of updated asset objects reloaded before import = 0
Number of asset objects unloaded after import = 0
========================================================================
Received Import Request.
  Time of request: 2026-09-22T17:17:19.457723Z
  Time since last request: 0.0001806 seconds.
  importAddress: GUID: db8e609a39b9b231fccc54e5fa4cbd1b - Path: Packages/com.unity.modules.animation/package.ModuleCompilationTrigger - Importer: ScriptedImporter/UnityEditor.QuickSearchModule:UnityEditor.Search:ASIAI0B
Importing 'GUID: db8e609a39b9b231fccc54e5fa4cbd1b - Path: Packages/com.unity.modules.animation/package.ModuleCompilationTrigger - Importer: ScriptedImporter/UnityEditor.QuickSearchModule:UnityEditor.Search:ASIAI0B' with importer (ScriptedImporter : UnityEditor.QuickSearchModule:UnityEditor.Search:ASIAI0B)
Imported 'GUID: db8e609a39b9b231fccc54e5fa4cbd1b' -> (Import Result ID: '3f4f34eca8f825259ea32a76f09721dc') in 0.001 seconds [static and dynamic dependencies]. Details - ImportResultOutputID=b895df5f18ec989e0d46634036021a2c DependenciesID=fbec1314db178eee92a4d18bfcda2fb6 StaticDependenciesID=164ae76ee61e50df3ef6225057ab565d 
Number of updated asset objects reloaded before import = 0
Number of asset objects unloaded after import = 1
========================================================================
Received Import Request.
  Time of request: 2026-09-22T17:17:19.4589499Z
  Time since last request: 0.0001712 seconds.
  importAddress: GUID: 27619889b8ba8c24980f49ee34dbb44a - Path: Packages/com.unity.test-framework/UnityEngine.TestRunner/UnityEngine.TestRunner.asmdef - Importer: ScriptedImporter/UnityEditor.QuickSearchModule:UnityEditor.Search:ASIAI0B
Importing 'GUID: 27619889b8ba8c24980f49ee34dbb44a - Path: Packages/com.unity.test-framework/UnityEngine.TestRunner/UnityEngine.TestRunner.asmdef - Importer: ScriptedImporter/UnityEditor.QuickSearchModule:UnityEditor.Search:ASIAI0B' with importer (ScriptedImporter : UnityEditor.QuickSearchModule:UnityEditor.Search:ASIAI0B)
Imported 'GUID: 27619889b8ba8c24980f49ee34dbb44a' -> (Import Result ID: 'e555121a1a3bcb0e4f59ac0ca8ec07c2') in 0.001 seconds [static and dynamic dependencies]. Details - ImportResultOutputID=a8243ea3247a3070bee59ce4cccaa507 DependenciesID=f354a8215debfd361f3ddaf8addabc81 StaticDependenciesID=ccd99dc38342c0f40ed2b24b9afa5e85 
Number of updated asset objects reloaded before import = 0
Number of asset objects unloaded after import = 1
========================================================================
Received Import Request.
  Time of request: 2026-09-22T17:17:19.4602204Z
  Time since last request: 0.0001856 seconds.
  importAddress: GUID: 80beef77cb19e713c7c2d481b65ed485 - Path: Packages/com.unity.modules.screencapture/package.json - Importer: ScriptedImporter/UnityEditor.QuickSearchModule:UnityEditor.Search:ASIAI0B
Importing 'GUID: 80beef77cb19e713c7c2d481b65ed485 - Path: Packages/com.unity.modules.screencapture/package.json - Importer: ScriptedImporter/UnityEditor.QuickSearchModule:UnityEditor.Search:ASIAI0B' with importer (ScriptedImporter : UnityEditor.QuickSearchModule:UnityEditor.Search:ASIAI0B)
Imported 'GUID: 80beef77cb19e713c7c2d481b65ed485' -> (Import Result ID: 'b7efd8e8c081e37247439f1d9c27e89b') in 0.001 seconds [static and dynamic dependencies]. Details - ImportResultOutputID=dac5015613a581c3f7adf4c35f10aa13 DependenciesID=3f6f3dd3f63760db8f60f5b83d84dce6 StaticDependenciesID=5997b0d3f5aa263c545963f4cac57327 
Number of updated asset objects reloaded before import = 0
Number of asset objects unloaded after import = 1
========================================================================
Received Import Request.
  Time of request: 2026-09-22T17:17:19.4616496Z
  Time since last request: 0.0001808 seconds.
  importAddress: GUID: 85dd7af03f02aea4aae13a3945e3b313 - Path: Packages/com.unity.test-framework/UnityEditor.TestRunner/Api/ITestAdaptor.cs - Importer: ScriptedImporter/UnityEditor.QuickSearchModule:UnityEditor.Search:ASIAI0B
Importing 'GUID: 85dd7af03f02aea4aae13a3945e3b313 - Path: Packages/com.unity.test-framework/UnityEditor.TestRunner/Api/ITestAdaptor.cs - Importer: ScriptedImporter/UnityEditor.QuickSearchModule:UnityEditor.Search:ASIAI0B' with importer (ScriptedImporter : UnityEditor.QuickSearchModule:UnityEditor.Search:ASIAI0B)
Imported 'GUID: 85dd7af03f02aea4aae13a3945e3b313' -> (Import Result ID: '902b9c33fd8f069b2997f45cabb0a9d6') in 0.001 seconds [static and dynamic dependencies]. Details - ImportResultOutputID=c74b7ea0cd4b2e9b1c33d65264dfe14e DependenciesID=999cdc94ef8182cf1f5d8afd61834f34 StaticDependenciesID=a790553942cfd83355e4d88b8654f8cb 
Number of updated asset objects reloaded before import = 0
Number of asset objects unloaded after import = 0
========================================================================
Received Import Request.
  Time of request: 2026-09-22T17:17:19.4633438Z
  Time since last request: 0.0002493 seconds.
  importAddress: GUID: 1a4266815e998967becf686f9c71f0a6 - Path: Packages/com.unity.modules.physics/package.json - Importer: ScriptedImporter/UnityEditor.QuickSearchModule:UnityEditor.Search:ASIAI0B
Importing 'GUID: 1a4266815e998967becf686f9c71f0a6 - Path: Packages/com.unity.modules.physics/package.json - Importer: ScriptedImporter/UnityEditor.QuickSearchModule:UnityEditor.Search:ASIAI0B' with importer (ScriptedImporter : UnityEditor.QuickSearchModule:UnityEditor.Search:ASIAI0B)
Imported 'GUID: 1a4266815e998967becf686f9c71f0a6' -> (Import Result ID: '44f20181d1ba9c68c8be28b273e5d0af') in 0.002 seconds [static and dynamic dependencies]. Details - ImportResultOutputID=8c00a4e3c25ebcb0b60f055d86136e22 DependenciesID=167379efa6d9c7f994bfd196b6b4bb75 StaticDependenciesID=d4376a5abac6d2aea7cbdb703c7de234 
Number of updated asset objects reloaded before import = 0
Number of asset objects unloaded after import = 1
========================================================================
Received Import Request.
  Time of request: 2026-09-22T17:17:19.4656897Z
  Time since last request: 0.0003838 seconds.
  importAddress: GUID: ec02776fe29df900b897106d61977735 - Path: Packages/com.unity.modules.director/package.json - Importer: ScriptedImporter/UnityEditor.QuickSearchModule:UnityEditor.Search:ASIAI0B
Importing 'GUID: ec02776fe29df900b897106d61977735 - Path: Packages/com.unity.modules.director/package.json - Importer: ScriptedImporter/UnityEditor.QuickSearchModule:UnityEditor.Search:ASIAI0B' with importer (ScriptedImporter : UnityEditor.QuickSearchModule:UnityEditor.Search:ASIAI0B)
Imported 'GUID: ec02776fe29df900b897106d61977735' -> (Import Result ID: 'c67b5e9d40ae301b0497906dea1a7023') in 0.001 seconds [static and dynamic dependencies]. Details - ImportResultOutputID=df150c3196249881a5c494a47d9ee6bd DependenciesID=fcf4bda4682ab5b55bde7d89e64a7a92 StaticDependenciesID=02eeaf90e45c2abc68db271f071230b5 
Number of updated asset objects reloaded before import = 0
Number of asset objects unloaded after import = 1
========================================================================
Received Import Request.
  Time of request: 2026-09-22T17:17:19.4675Z
  Time since last request: 0.0002158 seconds.
  importAddress: GUID: 71e7167b55a3448b38774a3bb6e05bac - Path: Packages/com.unity.modules.timelinefoundation/package.ModuleCompilationTrigger - Importer: ScriptedImporter/UnityEditor.QuickSearchModule:UnityEditor.Search:ASIAI0B
Importing 'GUID: 71e7167b55a3448b38774a3bb6e05bac - Path: Packages/com.unity.modules.timelinefoundation/package.ModuleCompilationTrigger - Importer: ScriptedImporter/UnityEditor.QuickSearchModule:UnityEditor.Search:ASIAI0B' with importer (ScriptedImporter : UnityEditor.QuickSearchModule:UnityEditor.Search:ASIAI0B)
Imported 'GUID: 71e7167b55a3448b38774a3bb6e05bac' -> (Import Result ID: '30806e63f5b6e60d725195841126cd25') in 0.001 seconds [static and dynamic dependencies]. Details - ImportResultOutputID=5724aa9e82808625c00e01bdf86c1450 DependenciesID=cc7bd7642dd3aa2895f9b9b6dece9f7a StaticDependenciesID=ac296b807c530984c5b5b5a042e9c4ba 
Number of updated asset objects reloaded before import = 0
Number of asset objects unloaded after import = 1
========================================================================
Received Import Request.
  Time of request: 2026-09-22T17:17:19.4690427Z
  Time since last request: 0.0002314 seconds.
  importAddress: GUID: c82e859b16636ddd2ca4a1f63fd34938 - Path: Packages/com.unity.modules.androidjni/package.ModuleCompilationTrigger - Importer: ScriptedImporter/UnityEditor.QuickSearchModule:UnityEditor.Search:ASIAI0B
Importing 'GUID: c82e859b16636ddd2ca4a1f63fd34938 - Path: Packages/com.unity.modules.androidjni/package.ModuleCompilationTrigger - Importer: ScriptedImporter/UnityEditor.QuickSearchModule:UnityEditor.Search:ASIAI0B' with importer (ScriptedImporter : UnityEditor.QuickSearchModule:UnityEditor.Search:ASIAI0B)
Imported 'GUID: c82e859b16636ddd2ca4a1f63fd34938' -> (Import Result ID: 'd9a0454b80fd6b8133610f6525d0fd06') in 0.001 seconds [static and dynamic dependencies]. Details - ImportResultOutputID=c35a22d77095b837d4f7cb5ebc032d50 DependenciesID=75f96f0bf6f2364abf53309dd7445c09 StaticDependenciesID=8adfee647e63ae38f536ec72dd105921 
Number of updated asset objects reloaded before import = 0
Number of asset objects unloaded after import = 1
========================================================================
Received Import Request.
  Time of request: 2026-09-22T17:17:19.4705675Z
  Time since last request: 0.0002078 seconds.
  importAddress: GUID: 559482fe33c79e44882d3a6cedc55fb5 - Path: Packages/com.unity.test-framework/UnityEditor.TestRunner/TestResultSerializer.cs - Importer: ScriptedImporter/UnityEditor.QuickSearchModule:UnityEditor.Search:ASIAI0B
Importing 'GUID: 559482fe33c79e44882d3a6cedc55fb5 - Path: Packages/com.unity.test-framework/UnityEditor.TestRunner/TestResultSerializer.cs - Importer: ScriptedImporter/UnityEditor.QuickSearchModule:UnityEditor.Search:ASIAI0B' with importer (ScriptedImporter : UnityEditor.QuickSearchModule:UnityEditor.Search:ASIAI0B)
Imported 'GUID: 559482fe33c79e44882d3a6cedc55fb5' -> (Import Result ID: '1daf8bb3d6eb24c34d26a3cd4086154b') in 0.001 seconds [static and dynamic dependencies]. Details - ImportResultOutputID=e60e6b7e71fcc82822d5246d2621438f DependenciesID=25bec215fbaf59240eac4519bbdd27a8 StaticDependenciesID=d01df6ab428f1eefb62515b659ba98ba 
Number of updated asset objects reloaded before import = 0
Number of asset objects unloaded after import = 0
========================================================================
Received Import Request.
  Time of request: 2026-09-22T17:17:19.4720301Z
  Time since last request: 0.0001781 seconds.
  importAddress: GUID: 4c413a81cadcce7038e446e56570117e - Path: Packages/com.unity.modules.adaptiveperformance/package.json - Importer: ScriptedImporter/UnityEditor.QuickSearchModule:UnityEditor.Search:ASIAI0B
Importing 'GUID: 4c413a81cadcce7038e446e56570117e - Path: Packages/com.unity.modules.adaptiveperformance/package.json - Importer: ScriptedImporter/UnityEditor.QuickSearchModule:UnityEditor.Search:ASIAI0B' with importer (ScriptedImporter : UnityEditor.QuickSearchModule:UnityEditor.Search:ASIAI0B)
Imported 'GUID: 4c413a81cadcce7038e446e56570117e' -> (Import Result ID: '1cbcefdb5385103180541208c31d8969') in 0.001 seconds [static and dynamic dependencies]. Details - ImportResultOutputID=8adc678eaa813442ddc97d4532c3d97c DependenciesID=0263b2690d7e3489f590e19572d1eccb StaticDependenciesID=a18db55a1f83cdcf28c8c4212ce36c58 
Number of updated asset objects reloaded before import = 0
Number of asset objects unloaded after import = 1
========================================================================
Received Import Request.
  Time of request: 2026-09-22T17:17:19.4737241Z
  Time since last request: 0.0003398 seconds.
  importAddress: GUID: eea34a28297f9bc4c9f4c573bc8d5d1c - Path: Packages/com.unity.test-framework/UnityEditor.TestRunner/Api/ExecutionSettings.cs - Importer: ScriptedImporter/UnityEditor.QuickSearchModule:UnityEditor.Search:ASIAI0B
Importing 'GUID: eea34a28297f9bc4c9f4c573bc8d5d1c - Path: Packages/com.unity.test-framework/UnityEditor.TestRunner/Api/ExecutionSettings.cs - Importer: ScriptedImporter/UnityEditor.QuickSearchModule:UnityEditor.Search:ASIAI0B' with importer (ScriptedImporter : UnityEditor.QuickSearchModule:UnityEditor.Search:ASIAI0B)
Imported 'GUID: eea34a28297f9bc4c9f4c573bc8d5d1c' -> (Import Result ID: '23dbbf9624cbf3781848f2a5e547a638') in 0.001 seconds [static and dynamic dependencies]. Details - ImportResultOutputID=577a853a24b282f08b6c8c8785b0fbef DependenciesID=d5304096857af5d322e9055d0862ae38 StaticDependenciesID=3c37d586308b37459de4fb7e9cf32eed 
Number of updated asset objects reloaded before import = 0
Number of asset objects unloaded after import = 0
========================================================================
Received Import Request.
  Time of request: 2026-09-22T17:17:19.4751266Z
  Time since last request: 0.0001151 seconds.
  importAddress: GUID: bd1af0a6633ee94ae21c7d1d702cdc12 - Path: Packages/com.unity.modules.androidjni/package.json - Importer: ScriptedImporter/UnityEditor.QuickSearchModule:UnityEditor.Search:ASIAI0B
Importing 'GUID: bd1af0a6633ee94ae21c7d1d702cdc12 - Path: Packages/com.unity.modules.androidjni/package.json - Importer: ScriptedImporter/UnityEditor.QuickSearchModule:UnityEditor.Search:ASIAI0B' with importer (ScriptedImporter : UnityEditor.QuickSearchModule:UnityEditor.Search:ASIAI0B)
Imported 'GUID: bd1af0a6633ee94ae21c7d1d702cdc12' -> (Import Result ID: '70fe6e5c59b8c52d17230825894fc84d') in 0.001 seconds [static and dynamic dependencies]. Details - ImportResultOutputID=6de6b11679e858d4b0679882659b2065 DependenciesID=320f8955ddd7c849b98c83a0ad9f174f StaticDependenciesID=d5176ef797f4271a15cadb67e72d4d8b 
Number of updated asset objects reloaded before import = 0
Number of asset objects unloaded after import = 1
========================================================================
Received Import Request.
  Time of request: 2026-09-22T17:17:19.4762417Z
  Time since last request: 0.0001601 seconds.
  importAddress: GUID: 2479a4656ed89570ebd1de1fdda3dae5 - Path: Packages/com.unity.modules.timelinefoundation/package.json - Importer: ScriptedImporter/UnityEditor.QuickSearchModule:UnityEditor.Search:ASIAI0B
Importing 'GUID: 2479a4656ed89570ebd1de1fdda3dae5 - Path: Packages/com.unity.modules.timelinefoundation/package.json - Importer: ScriptedImporter/UnityEditor.QuickSearchModule:UnityEditor.Search:ASIAI0B' with importer (ScriptedImporter : UnityEditor.QuickSearchModule:UnityEditor.Search:ASIAI0B)
Imported 'GUID: 2479a4656ed89570ebd1de1fdda3dae5' -> (Import Result ID: 'aa93e9e068d68d0341e7009b9b6eea64') in 0.001 seconds [static and dynamic dependencies]. Details - ImportResultOutputID=85d2b87a42f8ee6540e0839d3fe989f6 DependenciesID=99be3e5f7a5ffed558e7c734bae60fbb StaticDependenciesID=5bb9fd33c300529b9085bfe9b2258d17 
Number of updated asset objects reloaded before import = 0
Number of asset objects unloaded after import = 1
========================================================================
Received Import Request.
  Time of request: 2026-09-22T17:17:19.4774178Z
  Time since last request: 0.0001903 seconds.
  importAddress: GUID: 93eea84e53d0226479c9a584f19427b5 - Path: Packages/com.unity.test-framework/UnityEditor.TestRunner/Api/ICallbacks.cs - Importer: ScriptedImporter/UnityEditor.QuickSearchModule:UnityEditor.Search:ASIAI0B
Importing 'GUID: 93eea84e53d0226479c9a584f19427b5 - Path: Packages/com.unity.test-framework/UnityEditor.TestRunner/Api/ICallbacks.cs - Importer: ScriptedImporter/UnityEditor.QuickSearchModule:UnityEditor.Search:ASIAI0B' with importer (ScriptedImporter : UnityEditor.QuickSearchModule:UnityEditor.Search:ASIAI0B)
Imported 'GUID: 93eea84e53d0226479c9a584f19427b5' -> (Import Result ID: 'f93426bed09dd845afaae994bf7436a2') in 0.001 seconds [static and dynamic dependencies]. Details - ImportResultOutputID=a80e40665b325c4dda6cf6cb24f3ed2e DependenciesID=31bed734f11ae4405bc21ec9e9072848 StaticDependenciesID=108209b9a89649ac93614e7082c76bff 
Number of updated asset objects reloaded before import = 0
Number of asset objects unloaded after import = 0
========================================================================
Received Import Request.
  Time of request: 2026-09-22T17:17:19.4791538Z
  Time since last request: 0.0002413 seconds.
  importAddress: GUID: 4dfcd3a631f61d248b7cc0b845d40345 - Path: Packages/com.unity.test-framework/UnityEditor.TestRunner/TestRunnerWindow.cs - Importer: ScriptedImporter/UnityEditor.QuickSearchModule:UnityEditor.Search:ASIAI0B
Importing 'GUID: 4dfcd3a631f61d248b7cc0b845d40345 - Path: Packages/com.unity.test-framework/UnityEditor.TestRunner/TestRunnerWindow.cs - Importer: ScriptedImporter/UnityEditor.QuickSearchModule:UnityEditor.Search:ASIAI0B' with importer (ScriptedImporter : UnityEditor.QuickSearchModule:UnityEditor.Search:ASIAI0B)
Imported 'GUID: 4dfcd3a631f61d248b7cc0b845d40345' -> (Import Result ID: 'ebfb4668b19f2371ab79e36d02a7dc12') in 0.001 seconds [static and dynamic dependencies]. Details - ImportResultOutputID=e4642e6f56886fb32c487df29102d15c DependenciesID=a393ae2478442a89bd8688d4e2374530 StaticDependenciesID=2594b22c13b40af0a7654561c11efc0f 
Number of updated asset objects reloaded before import = 0
Number of asset objects unloaded after import = 0
========================================================================
Received Import Request.
  Time of request: 2026-09-22T17:17:19.4802524Z
  Time since last request: 0.0001402 seconds.
  importAddress: GUID: 1a06c562b0c5eb046bcb876a29f93c98 - Path: Packages/com.unity.test-framework/UnityEditor.TestRunner/Api/IErrorCallbacks.cs - Importer: ScriptedImporter/UnityEditor.QuickSearchModule:UnityEditor.Search:ASIAI0B
Importing 'GUID: 1a06c562b0c5eb046bcb876a29f93c98 - Path: Packages/com.unity.test-framework/UnityEditor.TestRunner/Api/IErrorCallbacks.cs - Importer: ScriptedImporter/UnityEditor.QuickSearchModule:UnityEditor.Search:ASIAI0B' with importer (ScriptedImporter : UnityEditor.QuickSearchModule:UnityEditor.Search:ASIAI0B)
Imported 'GUID: 1a06c562b0c5eb046bcb876a29f93c98' -> (Import Result ID: '1b159a4fa1914e1ff4eef6619887225b') in 0.001 seconds [static and dynamic dependencies]. Details - ImportResultOutputID=8c9e98e99106e9b63e226ddbff98226d DependenciesID=f29a8ce90cd2f71eadd3b32249284156 StaticDependenciesID=c9640bb1f27abde5c2ed8f51d9718fa2 
Number of updated asset objects reloaded before import = 0
Number of asset objects unloaded after import = 0
========================================================================
Received Import Request.
  Time of request: 2026-09-22T17:17:19.4819511Z
  Time since last request: 0.0001954 seconds.
  importAddress: GUID: 7ef8348b8ea834d7e1bc214b07f7fb87 - Path: Packages/com.unity.modules.animation/package.json - Importer: ScriptedImporter/UnityEditor.QuickSearchModule:UnityEditor.Search:ASIAI0B
Importing 'GUID: 7ef8348b8ea834d7e1bc214b07f7fb87 - Path: Packages/com.unity.modules.animation/package.json - Importer: ScriptedImporter/UnityEditor.QuickSearchModule:UnityEditor.Search:ASIAI0B' with importer (ScriptedImporter : UnityEditor.QuickSearchModule:UnityEditor.Search:ASIAI0B)
Imported 'GUID: 7ef8348b8ea834d7e1bc214b07f7fb87' -> (Import Result ID: '53d1de9eb7621179121f64b189016223') in 0.001 seconds [static and dynamic dependencies]. Details - ImportResultOutputID=2e68c0881c9089d901d3b0d5a6badb55 DependenciesID=a3102de225bb77a9c2c58b800f6e75e1 StaticDependenciesID=ff2727669353bf492e347617bb57b1d5 
Number of updated asset objects reloaded before import = 0
Number of asset objects unloaded after import = 1
========================================================================
Received Import Request.
  Time of request: 2026-09-22T17:17:19.4830904Z
  Time since last request: 0.0001894 seconds.
  importAddress: GUID: 082fbee38a82835433261a5e9c00e267 - Path: Packages/com.unity.modules.cloth/package.ModuleCompilationTrigger - Importer: ScriptedImporter/UnityEditor.QuickSearchModule:UnityEditor.Search:ASIAI0B
Importing 'GUID: 082fbee38a82835433261a5e9c00e267 - Path: Packages/com.unity.modules.cloth/package.ModuleCompilationTrigger - Importer: ScriptedImporter/UnityEditor.QuickSearchModule:UnityEditor.Search:ASIAI0B' with importer (ScriptedImporter : UnityEditor.QuickSearchModule:UnityEditor.Search:ASIAI0B)
Imported 'GUID: 082fbee38a82835433261a5e9c00e267' -> (Import Result ID: '5faa790338249eb85ec5b7e2ee1960c8') in 0.001 seconds [static and dynamic dependencies]. Details - ImportResultOutputID=25687800188505977b7870f7599e5763 DependenciesID=a6dc691356ea2f35ff92131506ad6ca7 StaticDependenciesID=4c7d4c692496043406c9319c95135a54 
Number of updated asset objects reloaded before import = 0
Number of asset objects unloaded after import = 1
========================================================================
Received Import Request.
  Time of request: 2026-09-22T17:17:19.4843055Z
  Time since last request: 0.000153 seconds.
  importAddress: GUID: b5930dbc378b45d406aeb881f06b6dfa - Path: Packages/com.unity.modules.physicscore2d/package.json - Importer: ScriptedImporter/UnityEditor.QuickSearchModule:UnityEditor.Search:ASIAI0B
Importing 'GUID: b5930dbc378b45d406aeb881f06b6dfa - Path: Packages/com.unity.modules.physicscore2d/package.json - Importer: ScriptedImporter/UnityEditor.QuickSearchModule:UnityEditor.Search:ASIAI0B' with importer (ScriptedImporter : UnityEditor.QuickSearchModule:UnityEditor.Search:ASIAI0B)
Imported 'GUID: b5930dbc378b45d406aeb881f06b6dfa' -> (Import Result ID: '472f6396630efbf9eba9896ea02305d2') in 0.001 seconds [static and dynamic dependencies]. Details - ImportResultOutputID=da894a654fdb5ef29cd4564925dfe697 DependenciesID=3220f3e570cc06124c0bb072c3629fb0 StaticDependenciesID=b3081c6ac49ff2a1492c0176b73f4cff 
Number of updated asset objects reloaded before import = 0
Number of asset objects unloaded after import = 1
========================================================================
Received Import Request.
  Time of request: 2026-09-22T17:17:19.4852754Z
  Time since last request: 0.0001853 seconds.
  importAddress: GUID: 51fa60bb2bd1e5bc74e8cc95a7bfd5b7 - Path: Packages/com.unity.modules.ui/package.ModuleCompilationTrigger - Importer: ScriptedImporter/UnityEditor.QuickSearchModule:UnityEditor.Search:ASIAI0B
Importing 'GUID: 51fa60bb2bd1e5bc74e8cc95a7bfd5b7 - Path: Packages/com.unity.modules.ui/package.ModuleCompilationTrigger - Importer: ScriptedImporter/UnityEditor.QuickSearchModule:UnityEditor.Search:ASIAI0B' with importer (ScriptedImporter : UnityEditor.QuickSearchModule:UnityEditor.Search:ASIAI0B)
Imported 'GUID: 51fa60bb2bd1e5bc74e8cc95a7bfd5b7' -> (Import Result ID: '05e18769bdf2af02d3d71817ed441130') in 0.001 seconds [static and dynamic dependencies]. Details - ImportResultOutputID=ab99c53e3c4a3e40a15e454ede88888c DependenciesID=3208cff6e7212a02f93689a05f0032bb StaticDependenciesID=fac88275647d29816a537a3eeae61075 
Number of updated asset objects reloaded before import = 0
Number of asset objects unloaded after import = 1
========================================================================
Received Import Request.
  Time of request: 2026-09-22T17:17:19.486501Z
  Time since last request: 0.0001845 seconds.
  importAddress: GUID: d742f2caefd9f934d9f19dad07a08e6f - Path: Packages/com.unity.test-framework/UnityEditor.TestRunner/Api/ICallbacksHolder.cs - Importer: ScriptedImporter/UnityEditor.QuickSearchModule:UnityEditor.Search:ASIAI0B
Importing 'GUID: d742f2caefd9f934d9f19dad07a08e6f - Path: Packages/com.unity.test-framework/UnityEditor.TestRunner/Api/ICallbacksHolder.cs - Importer: ScriptedImporter/UnityEditor.QuickSearchModule:UnityEditor.Search:ASIAI0B' with importer (ScriptedImporter : UnityEditor.QuickSearchModule:UnityEditor.Search:ASIAI0B)
Imported 'GUID: d742f2caefd9f934d9f19dad07a08e6f' -> (Import Result ID: '7d8700b49d5114e4edb5bb4610f0f016') in 0.001 seconds [static and dynamic dependencies]. Details - ImportResultOutputID=a78f5d48b65117e0cf0e7cb9f788e057 DependenciesID=c7f980f1620c0393757284d2cbec1ad3 StaticDependenciesID=9a951b2fd36e9b4538e813a18644680c 
Number of updated asset objects reloaded before import = 0
Number of asset objects unloaded after import = 0
========================================================================
Received Import Request.
  Time of request: 2026-09-22T17:17:19.4878617Z
  Time since last request: 0.0001834 seconds.
  importAddress: GUID: cd561f5f687aed43bf280c27a84f79e3 - Path: Packages/com.unity.modules.screencapture/package.ModuleCompilationTrigger - Importer: ScriptedImporter/UnityEditor.QuickSearchModule:UnityEditor.Search:ASIAI0B
Importing 'GUID: cd561f5f687aed43bf280c27a84f79e3 - Path: Packages/com.unity.modules.screencapture/package.ModuleCompilationTrigger - Importer: ScriptedImporter/UnityEditor.QuickSearchModule:UnityEditor.Search:ASIAI0B' with importer (ScriptedImporter : UnityEditor.QuickSearchModule:UnityEditor.Search:ASIAI0B)
Imported 'GUID: cd561f5f687aed43bf280c27a84f79e3' -> (Import Result ID: '62989ae3eb42f19fc146d6ae4507a04e') in 0.001 seconds [static and dynamic dependencies]. Details - ImportResultOutputID=9ff5d869f745c652b80a7c16a1f6ea9c DependenciesID=29f82e425b39f5f330016d02617b0c35 StaticDependenciesID=162f93a00e2a123259d0204ed40754aa 
Number of updated asset objects reloaded before import = 0
Number of asset objects unloaded after import = 1
========================================================================
Received Import Request.
  Time of request: 2026-09-22T17:17:19.4897965Z
  Time since last request: 0.0003409 seconds.
  importAddress: GUID: b83f06ac0c0696e9563230865ca72b81 - Path: Packages/com.unity.modules.wind/package.json - Importer: ScriptedImporter/UnityEditor.QuickSearchModule:UnityEditor.Search:ASIAI0B
Importing 'GUID: b83f06ac0c0696e9563230865ca72b81 - Path: Packages/com.unity.modules.wind/package.json - Importer: ScriptedImporter/UnityEditor.QuickSearchModule:UnityEditor.Search:ASIAI0B' with importer (ScriptedImporter : UnityEditor.QuickSearchModule:UnityEditor.Search:ASIAI0B)
Imported 'GUID: b83f06ac0c0696e9563230865ca72b81' -> (Import Result ID: '45e0c44cada74dd549fbc1391a08abb9') in 0.001 seconds [static and dynamic dependencies]. Details - ImportResultOutputID=da73e1c8eafe13d0d008a80abdc2ff06 DependenciesID=6736bafe66874d22a110e6bdc844aa55 StaticDependenciesID=74c64a840e7b46c615e9a629dec1a759 
Number of updated asset objects reloaded before import = 0
Number of asset objects unloaded after import = 1
========================================================================
Received Import Request.
  Time of request: 2026-09-22T17:17:19.4914571Z
  Time since last request: 0.0002025 seconds.
  importAddress: GUID: 4bf139fc5e9d9240edc107e25d67d398 - Path: Packages/com.unity.modules.tetgen/package.ModuleCompilationTrigger - Importer: ScriptedImporter/UnityEditor.QuickSearchModule:UnityEditor.Search:ASIAI0B
Importing 'GUID: 4bf139fc5e9d9240edc107e25d67d398 - Path: Packages/com.unity.modules.tetgen/package.ModuleCompilationTrigger - Importer: ScriptedImporter/UnityEditor.QuickSearchModule:UnityEditor.Search:ASIAI0B' with importer (ScriptedImporter : UnityEditor.QuickSearchModule:UnityEditor.Search:ASIAI0B)
Imported 'GUID: 4bf139fc5e9d9240edc107e25d67d398' -> (Import Result ID: '1355ce3fdd6c75f0c0d5053532c34471') in 0.002 seconds [static and dynamic dependencies]. Details - ImportResultOutputID=96ed10050c20fc496a0bb23049a96203 DependenciesID=902036a70a261f814bd1701ebecbe7be StaticDependenciesID=0aba2ad9dbaf71cd103f483849d12d8a 
Number of updated asset objects reloaded before import = 0
Number of asset objects unloaded after import = 1
========================================================================
Received Import Request.
  Time of request: 2026-09-22T17:17:19.4935917Z
  Time since last request: 0.0001834 seconds.
  importAddress: GUID: 803abab0f7e17044db56f8760186dbd1 - Path: Packages/com.unity.test-framework/UnityEditor.TestRunner/Api/ITestAdaptorFactory.cs - Importer: ScriptedImporter/UnityEditor.QuickSearchModule:UnityEditor.Search:ASIAI0B
Importing 'GUID: 803abab0f7e17044db56f8760186dbd1 - Path: Packages/com.unity.test-framework/UnityEditor.TestRunner/Api/ITestAdaptorFactory.cs - Importer: ScriptedImporter/UnityEditor.QuickSearchModule:UnityEditor.Search:ASIAI0B' with importer (ScriptedImporter : UnityEditor.QuickSearchModule:UnityEditor.Search:ASIAI0B)
Imported 'GUID: 803abab0f7e17044db56f8760186dbd1' -> (Import Result ID: '5b13df210432124def807dd2b7517830') in 0.001 seconds [static and dynamic dependencies]. Details - ImportResultOutputID=640b03cd561c49a82a001405b8272110 DependenciesID=a89454326f90bdb3695f97cd089edaf5 StaticDependenciesID=36f1c9b195c240d7236beaf607f6f95e 
Number of updated asset objects reloaded before import = 0
Number of asset objects unloaded after import = 0
========================================================================
Received Import Request.
  Time of request: 2026-09-22T17:17:19.4950307Z
  Time since last request: 0.0001954 seconds.
  importAddress: GUID: 14e86f88e9a8c9c448d7e7df92f2aeec - Path: Packages/com.unity.modules.physicscore2d/package.ModuleCompilationTrigger - Importer: ScriptedImporter/UnityEditor.QuickSearchModule:UnityEditor.Search:ASIAI0B
Importing 'GUID: 14e86f88e9a8c9c448d7e7df92f2aeec - Path: Packages/com.unity.modules.physicscore2d/package.ModuleCompilationTrigger - Importer: ScriptedImporter/UnityEditor.QuickSearchModule:UnityEditor.Search:ASIAI0B' with importer (ScriptedImporter : UnityEditor.QuickSearchModule:UnityEditor.Search:ASIAI0B)
Imported 'GUID: 14e86f88e9a8c9c448d7e7df92f2aeec' -> (Import Result ID: '239bb96d1f919f320bda6d7e0c6695ef') in 0.001 seconds [static and dynamic dependencies]. Details - ImportResultOutputID=99de4795c530bb35ad41217f77459630 DependenciesID=22b42ea3f339598c8428127fc34126e0 StaticDependenciesID=8d5f929f11d2909ebd5271714ae17279 
Number of updated asset objects reloaded before import = 0
Number of asset objects unloaded after import = 1
========================================================================
Received Import Request.
  Time of request: 2026-09-22T17:17:19.4962398Z
  Time since last request: 0.000179 seconds.
  importAddress: GUID: 0acc523941302664db1f4e527237feb3 - Path: Packages/com.unity.test-framework/UnityEditor.TestRunner/UnityEditor.TestRunner.asmdef - Importer: ScriptedImporter/UnityEditor.QuickSearchModule:UnityEditor.Search:ASIAI0B
Importing 'GUID: 0acc523941302664db1f4e527237feb3 - Path: Packages/com.unity.test-framework/UnityEditor.TestRunner/UnityEditor.TestRunner.asmdef - Importer: ScriptedImporter/UnityEditor.QuickSearchModule:UnityEditor.Search:ASIAI0B' with importer (ScriptedImporter : UnityEditor.QuickSearchModule:UnityEditor.Search:ASIAI0B)
Imported 'GUID: 0acc523941302664db1f4e527237feb3' -> (Import Result ID: 'c35b7c2003f8b19c3b647bc9437c0ddc') in 0.001 seconds [static and dynamic dependencies]. Details - ImportResultOutputID=219bd8027b27322a1e899ee983ad9e8f DependenciesID=9c660c152099a303ed7116dbae15f2fe StaticDependenciesID=545aa96a9060bf4040c7d384995f9c97 
Number of updated asset objects reloaded before import = 0
Number of asset objects unloaded after import = 1
========================================================================
Received Import Request.
  Time of request: 2026-09-22T17:17:19.4979081Z
  Time since last request: 0.0003378 seconds.
  importAddress: GUID: c88e90bad18cceb5d182d0c805883056 - Path: Packages/com.unity.modules.director/package.ModuleCompilationTrigger - Importer: ScriptedImporter/UnityEditor.QuickSearchModule:UnityEditor.Search:ASIAI0B
Importing 'GUID: c88e90bad18cceb5d182d0c805883056 - Path: Packages/com.unity.modules.director/package.ModuleCompilationTrigger - Importer: ScriptedImporter/UnityEditor.QuickSearchModule:UnityEditor.Search:ASIAI0B' with importer (ScriptedImporter : UnityEditor.QuickSearchModule:UnityEditor.Search:ASIAI0B)
Imported 'GUID: c88e90bad18cceb5d182d0c805883056' -> (Import Result ID: '7700fe2891a55a07d4e608887548a5c2') in 0.001 seconds [static and dynamic dependencies]. Details - ImportResultOutputID=cf6933ac3859b32bc6b5f05f00a6f13e DependenciesID=7df2d76eac2725dd03aeac05c454ed57 StaticDependenciesID=31cd5055cde6816c9ffe288108ab0437 
Number of updated asset objects reloaded before import = 0
Number of asset objects unloaded after import = 1
========================================================================
Received Import Request.
  Time of request: 2026-09-22T17:17:19.4995976Z
  Time since last request: 0.0002415 seconds.
  importAddress: GUID: cb67edc1800c2ec4ba8dfb1cf0dfc84a - Path: Packages/com.unity.ide.visualstudio/Editor/COMIntegration/Release/COMIntegration.exe - Importer: ScriptedImporter/UnityEditor.QuickSearchModule:UnityEditor.Search:ASIAI0B
Importing 'GUID: cb67edc1800c2ec4ba8dfb1cf0dfc84a - Path: Packages/com.unity.ide.visualstudio/Editor/COMIntegration/Release/COMIntegration.exe - Importer: ScriptedImporter/UnityEditor.QuickSearchModule:UnityEditor.Search:ASIAI0B' with importer (ScriptedImporter : UnityEditor.QuickSearchModule:UnityEditor.Search:ASIAI0B)
Imported 'GUID: cb67edc1800c2ec4ba8dfb1cf0dfc84a' -> (Import Result ID: '0e40e1c4e67ec6057081a3a1f01c9f90') in 0.001 seconds [static and dynamic dependencies]. Details - ImportResultOutputID=98c66b9578f13291f44e627cf859aaa9 DependenciesID=d5c8c05f0dfc2e0186459e98b1381520 StaticDependenciesID=4b63f43a872cfd2b339f719435d3367e 
Number of updated asset objects reloaded before import = 0
Number of asset objects unloaded after import = 1
========================================================================
Received Import Request.
  Time of request: 2026-09-22T17:17:19.5013627Z
  Time since last request: 0.0001923 seconds.
  importAddress: GUID: 42fe78c8fe682715a2cb531422e6ccb3 - Path: Packages/com.unity.modules.imgui/package.json - Importer: ScriptedImporter/UnityEditor.QuickSearchModule:UnityEditor.Search:ASIAI0B
Importing 'GUID: 42fe78c8fe682715a2cb531422e6ccb3 - Path: Packages/com.unity.modules.imgui/package.json - Importer: ScriptedImporter/UnityEditor.QuickSearchModule:UnityEditor.Search:ASIAI0B' with importer (ScriptedImporter : UnityEditor.QuickSearchModule:UnityEditor.Search:ASIAI0B)
Imported 'GUID: 42fe78c8fe682715a2cb531422e6ccb3' -> (Import Result ID: 'c3f8233202270e7ac958edf42c999584') in 0.001 seconds [static and dynamic dependencies]. Details - ImportResultOutputID=6ce6349d1d407a9fbdc461120a206b7f DependenciesID=41800095b53d39e0887a3f44fe914862 StaticDependenciesID=8c21ccae83331d57204548441a0bf336 
Number of updated asset objects reloaded before import = 0
Number of asset objects unloaded after import = 1
========================================================================
Received Import Request.
  Time of request: 2026-09-22T17:17:19.5028131Z
  Time since last request: 0.0002407 seconds.
  importAddress: GUID: 0de03ebd74e2b474fa23d05ab42d0cd8 - Path: Packages/com.unity.test-framework/UnityEditor.TestRunner/Api/CallbacksDelegator.cs - Importer: ScriptedImporter/UnityEditor.QuickSearchModule:UnityEditor.Search:ASIAI0B
Importing 'GUID: 0de03ebd74e2b474fa23d05ab42d0cd8 - Path: Packages/com.unity.test-framework/UnityEditor.TestRunner/Api/CallbacksDelegator.cs - Importer: ScriptedImporter/UnityEditor.QuickSearchModule:UnityEditor.Search:ASIAI0B' with importer (ScriptedImporter : UnityEditor.QuickSearchModule:UnityEditor.Search:ASIAI0B)
Imported 'GUID: 0de03ebd74e2b474fa23d05ab42d0cd8' -> (Import Result ID: '6bbc8ccba1c0a4b2f73ec4f2adfeee7e') in 0.001 seconds [static and dynamic dependencies]. Details - ImportResultOutputID=505031a0d2ec788d817b8c3f7526a4a5 DependenciesID=f6a1c82e616231b31ef8427143fa63ab StaticDependenciesID=6956a6c37efa0ac0f4af8f0121757ab2 
Number of updated asset objects reloaded before import = 0
Number of asset objects unloaded after import = 0
========================================================================
Received Import Request.
  Time of request: 2026-09-22T17:17:19.5043511Z
  Time since last request: 0.0002133 seconds.
  importAddress: GUID: 8f8f74fe8e363da42875d9cab025d3b2 - Path: Packages/com.unity.test-framework/UnityEditor.TestRunner/Api/ICallbacksDelegator.cs - Importer: ScriptedImporter/UnityEditor.QuickSearchModule:UnityEditor.Search:ASIAI0B
Importing 'GUID: 8f8f74fe8e363da42875d9cab025d3b2 - Path: Packages/com.unity.test-framework/UnityEditor.TestRunner/Api/ICallbacksDelegator.cs - Importer: ScriptedImporter/UnityEditor.QuickSearchModule:UnityEditor.Search:ASIAI0B' with importer (ScriptedImporter : UnityEditor.QuickSearchModule:UnityEditor.Search:ASIAI0B)
Imported 'GUID: 8f8f74fe8e363da42875d9cab025d3b2' -> (Import Result ID: '07ec1811d2723616ff571cd043e6966c') in 0.001 seconds [static and dynamic dependencies]. Details - ImportResultOutputID=ab66354a85299023c1e3d756316bd207 DependenciesID=2fed192f48a5b27096863a635abe045e StaticDependenciesID=7954d5009055c5c5564f56de736ff009 
Number of updated asset objects reloaded before import = 0
Number of asset objects unloaded after import = 0
========================================================================
Received Import Request.
  Time of request: 2026-09-22T17:17:19.5060123Z
  Time since last request: 0.0003014 seconds.
  importAddress: GUID: 906c12bc9cd95d3963c6d58f62522c78 - Path: Packages/com.unity.modules.cloth/package.json - Importer: ScriptedImporter/UnityEditor.QuickSearchModule:UnityEditor.Search:ASIAI0B
Importing 'GUID: 906c12bc9cd95d3963c6d58f62522c78 - Path: Packages/com.unity.modules.cloth/package.json - Importer: ScriptedImporter/UnityEditor.QuickSearchModule:UnityEditor.Search:ASIAI0B' with importer (ScriptedImporter : UnityEditor.QuickSearchModule:UnityEditor.Search:ASIAI0B)
Imported 'GUID: 906c12bc9cd95d3963c6d58f62522c78' -> (Import Result ID: '2efb1f1af05e6f26725870a8dcfde789') in 0.001 seconds [static and dynamic dependencies]. Details - ImportResultOutputID=bae4f3b3eb0b3778c08fae88d9fdb5d6 DependenciesID=20b86ed744f10286b83d666afe4b829e StaticDependenciesID=e4f5d254dabbfcded0a5350fa40ba604 
Number of updated asset objects reloaded before import = 0
Number of asset objects unloaded after import = 1
========================================================================
Received Import Request.
  Time of request: 2026-09-22T17:17:19.5078437Z
  Time since last request: 0.0002717 seconds.
  importAddress: GUID: cc22cc13b69c1094c85e176c008b9ef8 - Path: Packages/com.unity.test-framework/UnityEngine.TestRunner/AssemblyInfo.cs - Importer: ScriptedImporter/UnityEditor.QuickSearchModule:UnityEditor.Search:ASIAI0B
Importing 'GUID: cc22cc13b69c1094c85e176c008b9ef8 - Path: Packages/com.unity.test-framework/UnityEngine.TestRunner/AssemblyInfo.cs - Importer: ScriptedImporter/UnityEditor.QuickSearchModule:UnityEditor.Search:ASIAI0B' with importer (ScriptedImporter : UnityEditor.QuickSearchModule:UnityEditor.Search:ASIAI0B)
Imported 'GUID: cc22cc13b69c1094c85e176c008b9ef8' -> (Import Result ID: '66ee6c5ded9d09a898b31e850a739428') in 0.001 seconds [static and dynamic dependencies]. Details - ImportResultOutputID=b5abb11d884b88c95a99bbfcc64911e2 DependenciesID=9eb38734df1bb54bdf36390a01eb6ec2 StaticDependenciesID=f53d9b64040c6551589986c6e2ca8099 
Number of updated asset objects reloaded before import = 0
Number of asset objects unloaded after import = 0
========================================================================
Received Import Request.
  Time of request: 2026-09-22T17:17:19.509719Z
  Time since last request: 0.0003456 seconds.
  importAddress: GUID: 71136fc5cf34f2cc10be0e33c0b08019 - Path: Packages/com.unity.modules.unityanalytics/package.ModuleCompilationTrigger - Importer: ScriptedImporter/UnityEditor.QuickSearchModule:UnityEditor.Search:ASIAI0B
Importing 'GUID: 71136fc5cf34f2cc10be0e33c0b08019 - Path: Packages/com.unity.modules.unityanalytics/package.ModuleCompilationTrigger - Importer: ScriptedImporter/UnityEditor.QuickSearchModule:UnityEditor.Search:ASIAI0B' with importer (ScriptedImporter : UnityEditor.QuickSearchModule:UnityEditor.Search:ASIAI0B)
Imported 'GUID: 71136fc5cf34f2cc10be0e33c0b08019' -> (Import Result ID: '18d71a867f5b78c34e86eb3b3e88b9f2') in 0.001 seconds [static and dynamic dependencies]. Details - ImportResultOutputID=d589c83e933155f61c6619e6386e5247 DependenciesID=eb06d6fd3d3f02ac2f113277ad8b336b StaticDependenciesID=8507865ad451bfbe28783b12d3cc641d 
Number of updated asset objects reloaded before import = 0
Number of asset objects unloaded after import = 1
========================================================================
Received Import Request.
  Time of request: 2026-09-22T17:17:19.5115146Z
  Time since last request: 0.0002304 seconds.
  importAddress: GUID: a785dd14005a471483d6732fabeee0ea - Path: Packages/com.unity.test-framework/UnityEditor.TestRunner/Api/IgnoreTest.cs - Importer: ScriptedImporter/UnityEditor.QuickSearchModule:UnityEditor.Search:ASIAI0B
Importing 'GUID: a785dd14005a471483d6732fabeee0ea - Path: Packages/com.unity.test-framework/UnityEditor.TestRunner/Api/IgnoreTest.cs - Importer: ScriptedImporter/UnityEditor.QuickSearchModule:UnityEditor.Search:ASIAI0B' with importer (ScriptedImporter : UnityEditor.QuickSearchModule:UnityEditor.Search:ASIAI0B)
Imported 'GUID: a785dd14005a471483d6732fabeee0ea' -> (Import Result ID: 'b1571eef57ad6f50f4c3d0fdab0221c9') in 0.001 seconds [static and dynamic dependencies]. Details - ImportResultOutputID=2d113b1039cc4f15b19ceba3d871b23b DependenciesID=b3f8b3682d51a2ed9546bbd40baa599f StaticDependenciesID=57d2823d25f02ad23dc3d96601ae3177 
Number of updated asset objects reloaded before import = 0
Number of asset objects unloaded after import = 0
========================================================================
Received Import Request.
  Time of request: 2026-09-22T17:17:19.5134436Z
  Time since last request: 0.0002693 seconds.
  importAddress: GUID: 1af35a910338381f753e8a985eb5daab - Path: Packages/com.unity.modules.adaptiveperformance/package.ModuleCompilationTrigger - Importer: ScriptedImporter/UnityEditor.QuickSearchModule:UnityEditor.Search:ASIAI0B
Importing 'GUID: 1af35a910338381f753e8a985eb5daab - Path: Packages/com.unity.modules.adaptiveperformance/package.ModuleCompilationTrigger - Importer: ScriptedImporter/UnityEditor.QuickSearchModule:UnityEditor.Search:ASIAI0B' with importer (ScriptedImporter : UnityEditor.QuickSearchModule:UnityEditor.Search:ASIAI0B)
Imported 'GUID: 1af35a910338381f753e8a985eb5daab' -> (Import Result ID: 'b70f2d8461c436abb108e9e242c383f0') in 0.001 seconds [static and dynamic dependencies]. Details - ImportResultOutputID=a009cbc402be8377f5e5318441934e3d DependenciesID=644d62ef7393b679f25b3cad26361fd9 StaticDependenciesID=240968e60e77e5aecfdc998497fedb23 
Number of updated asset objects reloaded before import = 0
Number of asset objects unloaded after import = 1
========================================================================
Received Import Request.
  Time of request: 2026-09-22T17:17:19.5152273Z
  Time since last request: 0.0002591 seconds.
  importAddress: GUID: 4884ccc3528cb2e40a0e6f0a19a2b35b - Path: Packages/com.unity.test-framework/UnityEditor.TestRunner/Api/CallbacksHolder.cs - Importer: ScriptedImporter/UnityEditor.QuickSearchModule:UnityEditor.Search:ASIAI0B
Importing 'GUID: 4884ccc3528cb2e40a0e6f0a19a2b35b - Path: Packages/com.unity.test-framework/UnityEditor.TestRunner/Api/CallbacksHolder.cs - Importer: ScriptedImporter/UnityEditor.QuickSearchModule:UnityEditor.Search:ASIAI0B' with importer (ScriptedImporter : UnityEditor.QuickSearchModule:UnityEditor.Search:ASIAI0B)
Imported 'GUID: 4884ccc3528cb2e40a0e6f0a19a2b35b' -> (Import Result ID: 'd4e0edf891511d96f0bdfe28bd7fd22b') in 0.001 seconds [static and dynamic dependencies]. Details - ImportResultOutputID=da32e3bbf9e74a1e2e64fd4fc5f6e7a6 DependenciesID=c7f6f4deaa07e34adf076b5bf2f538b0 StaticDependenciesID=7df732efdf87224a9187459c44a44317 
Number of updated asset objects reloaded before import = 0
Number of asset objects unloaded after import = 0
========================================================================
Received Import Request.
  Time of request: 2026-09-22T17:17:19.5166834Z
  Time since last request: 0.0001816 seconds.
  importAddress: GUID: 05f92e4a2414cb144a92157752dfa324 - Path: Packages/com.unity.test-framework/UnityEditor.TestRunner/Api/Filter.cs - Importer: ScriptedImporter/UnityEditor.QuickSearchModule:UnityEditor.Search:ASIAI0B
Importing 'GUID: 05f92e4a2414cb144a92157752dfa324 - Path: Packages/com.unity.test-framework/UnityEditor.TestRunner/Api/Filter.cs - Importer: ScriptedImporter/UnityEditor.QuickSearchModule:UnityEditor.Search:ASIAI0B' with importer (ScriptedImporter : UnityEditor.QuickSearchModule:UnityEditor.Search:ASIAI0B)
Imported 'GUID: 05f92e4a2414cb144a92157752dfa324' -> (Import Result ID: 'dab2710c5538b24697d6f2a6cc0f3752') in 0.001 seconds [static and dynamic dependencies]. Details - ImportResultOutputID=4682a1a99bd1d33cbf2bd98e6bb264c1 DependenciesID=c45ce1e6588e79780adc98f52181aef9 StaticDependenciesID=60c9d2d5f92c0f9c549a7b45435fd27e 
Number of updated asset objects reloaded before import = 0
Number of asset objects unloaded after import = 0
========================================================================
Received Import Request.
  Time of request: 2026-09-22T17:17:19.5181958Z
  Time since last request: 0.0002271 seconds.
  importAddress: GUID: 2adec19fac7df68adf1fd6eb83197bb1 - Path: Packages/com.unity.modules.wind/package.ModuleCompilationTrigger - Importer: ScriptedImporter/UnityEditor.QuickSearchModule:UnityEditor.Search:ASIAI0B
Importing 'GUID: 2adec19fac7df68adf1fd6eb83197bb1 - Path: Packages/com.unity.modules.wind/package.ModuleCompilationTrigger - Importer: ScriptedImporter/UnityEditor.QuickSearchModule:UnityEditor.Search:ASIAI0B' with importer (ScriptedImporter : UnityEditor.QuickSearchModule:UnityEditor.Search:ASIAI0B)
Imported 'GUID: 2adec19fac7df68adf1fd6eb83197bb1' -> (Import Result ID: 'e6baa081c0ebd53965e02763aa03126a') in 0.001 seconds [static and dynamic dependencies]. Details - ImportResultOutputID=2c05593be198a5f1a1f3ad599a5922b3 DependenciesID=c05b6eeb8f778b05dc504c7d54ab24c1 StaticDependenciesID=7d6377f0c2e07b3fdbd76e5e99217c9c 
Number of updated asset objects reloaded before import = 0
Number of asset objects unloaded after import = 1
========================================================================
Received Import Request.
  Time of request: 2026-09-22T17:17:19.5199509Z
  Time since last request: 0.0002554 seconds.
  importAddress: GUID: bfd567a3d1631a761bca9e99fa53d86d - Path: Packages/com.unity.modules.ui/package.json - Importer: ScriptedImporter/UnityEditor.QuickSearchModule:UnityEditor.Search:ASIAI0B
Importing 'GUID: bfd567a3d1631a761bca9e99fa53d86d - Path: Packages/com.unity.modules.ui/package.json - Importer: ScriptedImporter/UnityEditor.QuickSearchModule:UnityEditor.Search:ASIAI0B' with importer (ScriptedImporter : UnityEditor.QuickSearchModule:UnityEditor.Search:ASIAI0B)
Imported 'GUID: bfd567a3d1631a761bca9e99fa53d86d' -> (Import Result ID: '955a4830bbebc1f7170d95fb2bafc558') in 0.001 seconds [static and dynamic dependencies]. Details - ImportResultOutputID=4576494f2dafab95c360257856ebc73f DependenciesID=3b76b855b8d5889ff66709a47f077cb0 StaticDependenciesID=527c6c7bdd026b4fe5d73a6d3bd673b4 
Number of updated asset objects reloaded before import = 0
Number of asset objects unloaded after import = 1
========================================================================
Received Import Request.
  Time of request: 2026-09-22T17:17:19.521356Z
  Time since last request: 0.0001798 seconds.
  importAddress: GUID: 26a4f29db434fd79025c91f6126382cc - Path: Packages/com.unity.modules.unityanalytics/package.json - Importer: ScriptedImporter/UnityEditor.QuickSearchModule:UnityEditor.Search:ASIAI0B
Importing 'GUID: 26a4f29db434fd79025c91f6126382cc - Path: Packages/com.unity.modules.unityanalytics/package.json - Importer: ScriptedImporter/UnityEditor.QuickSearchModule:UnityEditor.Search:ASIAI0B' with importer (ScriptedImporter : UnityEditor.QuickSearchModule:UnityEditor.Search:ASIAI0B)
Imported 'GUID: 26a4f29db434fd79025c91f6126382cc' -> (Import Result ID: '9e190a0b287b290272421ceff8409593') in 0.001 seconds [static and dynamic dependencies]. Details - ImportResultOutputID=c1f124f2d2802d96b95bf2a6df5fbd26 DependenciesID=6b82500443e5b3526d697aba2a680102 StaticDependenciesID=6f60170cfa0ce512ddb616ebe8b1a8a5 
Number of updated asset objects reloaded before import = 0
Number of asset objects unloaded after import = 1
========================================================================
Received Import Request.
  Time of request: 2026-09-22T17:17:19.5225092Z
  Time since last request: 0.0001882 seconds.
  importAddress: GUID: d2146428d3f1ad54eb7326c9a44b3284 - Path: Packages/com.unity.test-framework/UnityEditor.TestRunner/RequirePlatformSupportAttribute.cs - Importer: ScriptedImporter/UnityEditor.QuickSearchModule:UnityEditor.Search:ASIAI0B
Importing 'GUID: d2146428d3f1ad54eb7326c9a44b3284 - Path: Packages/com.unity.test-framework/UnityEditor.TestRunner/RequirePlatformSupportAttribute.cs - Importer: ScriptedImporter/UnityEditor.QuickSearchModule:UnityEditor.Search:ASIAI0B' with importer (ScriptedImporter : UnityEditor.QuickSearchModule:UnityEditor.Search:ASIAI0B)
Imported 'GUID: d2146428d3f1ad54eb7326c9a44b3284' -> (Import Result ID: '3be096cac3e8ca1b4e4d0c12a57739b6') in 0.001 seconds [static and dynamic dependencies]. Details - ImportResultOutputID=dcc7323335276368ea0d30fb71129486 DependenciesID=e1f32c5f560a3bc8201c49361cd0e5f5 StaticDependenciesID=9946ec7ecbdf91e9f8b4ed83349dbc8f 
Number of updated asset objects reloaded before import = 0
Number of asset objects unloaded after import = 0
========================================================================
Received Import Request.
  Time of request: 2026-09-22T17:17:19.5240234Z
  Time since last request: 0.0002401 seconds.
  importAddress: GUID: d6a2e6e4803de7b43baacdc355fc144d - Path: Packages/com.unity.test-framework/package.json - Importer: ScriptedImporter/UnityEditor.QuickSearchModule:UnityEditor.Search:ASIAI0B
Importing 'GUID: d6a2e6e4803de7b43baacdc355fc144d - Path: Packages/com.unity.test-framework/package.json - Importer: ScriptedImporter/UnityEditor.QuickSearchModule:UnityEditor.Search:ASIAI0B' with importer (ScriptedImporter : UnityEditor.QuickSearchModule:UnityEditor.Search:ASIAI0B)
Imported 'GUID: d6a2e6e4803de7b43baacdc355fc144d' -> (Import Result ID: '422ac4577ebf540b074d46ca1e19b4fd') in 0.001 seconds [static and dynamic dependencies]. Details - ImportResultOutputID=86b307b3f40281ee6d7a7bae02b12f45 DependenciesID=ab75fb444de6bb7f85f2379bc2dd56c7 StaticDependenciesID=b823cd5048a980fd864347b07ed3262d 
Number of updated asset objects reloaded before import = 0
Number of asset objects unloaded after import = 1
========================================================================
Received Import Request.
  Time of request: 2026-09-22T17:17:19.5252627Z
  Time since last request: 0.0001662 seconds.
  importAddress: GUID: d691174143fd3774ba63d7c493633b99 - Path: Packages/com.unity.test-framework/CHANGELOG.md - Importer: ScriptedImporter/UnityEditor.QuickSearchModule:UnityEditor.Search:ASIAI0B
Importing 'GUID: d691174143fd3774ba63d7c493633b99 - Path: Packages/com.unity.test-framework/CHANGELOG.md - Importer: ScriptedImporter/UnityEditor.QuickSearchModule:UnityEditor.Search:ASIAI0B' with importer (ScriptedImporter : UnityEditor.QuickSearchModule:UnityEditor.Search:ASIAI0B)
Imported 'GUID: d691174143fd3774ba63d7c493633b99' -> (Import Result ID: '5b1130d4abab6f8b6af3dd30dbc36d13') in 0.001 seconds [static and dynamic dependencies]. Details - ImportResultOutputID=f7126287e84b27caf514df203a726efa DependenciesID=61efefac353436028b797e94e59473a8 StaticDependenciesID=e387f95e43dc5026f29d0c5dda8c95f4 
Number of updated asset objects reloaded before import = 0
Number of asset objects unloaded after import = 1
========================================================================
Received Import Request.
  Time of request: 2026-09-22T17:17:19.5313063Z
  Time since last request: 0.0051377 seconds.
  importAddress: GUID: fd57cf917f61bbb42b8f030436426ddd - Path: Packages/com.unity.test-framework/UnityEditor.TestRunner/GUI/IGuiHelper.cs - Importer: ScriptedImporter/UnityEditor.QuickSearchModule:UnityEditor.Search:ASIAI0B
Importing 'GUID: fd57cf917f61bbb42b8f030436426ddd - Path: Packages/com.unity.test-framework/UnityEditor.TestRunner/GUI/IGuiHelper.cs - Importer: ScriptedImporter/UnityEditor.QuickSearchModule:UnityEditor.Search:ASIAI0B' with importer (ScriptedImporter : UnityEditor.QuickSearchModule:UnityEditor.Search:ASIAI0B)
Imported 'GUID: fd57cf917f61bbb42b8f030436426ddd' -> (Import Result ID: '72e824e18c32dca3d27b2aab29547870') in 0.001 seconds [static and dynamic dependencies]. Details - ImportResultOutputID=0416abb20ca61ab8ae782c2da7ee9447 DependenciesID=9b862fd73279a6c41b86240aa192177b StaticDependenciesID=2eb4cef07b65690c274a0a3b7cdbd376 
Number of updated asset objects reloaded before import = 0
Number of asset objects unloaded after import = 0
========================================================================
Received Import Request.
  Time of request: 2026-09-22T17:17:19.5331616Z
  Time since last request: 0.000309 seconds.
  importAddress: GUID: 1ebc1994f9a3d5649a1201d3a84b38df - Path: Packages/com.unity.test-framework/UnityEditor.TestRunner/TestRunner/EditorEnumeratorTestWorkItem.cs - Importer: ScriptedImporter/UnityEditor.QuickSearchModule:UnityEditor.Search:ASIAI0B
Importing 'GUID: 1ebc1994f9a3d5649a1201d3a84b38df - Path: Packages/com.unity.test-framework/UnityEditor.TestRunner/TestRunner/EditorEnumeratorTestWorkItem.cs - Importer: ScriptedImporter/UnityEditor.QuickSearchModule:UnityEditor.Search:ASIAI0B' with importer (ScriptedImporter : UnityEditor.QuickSearchModule:UnityEditor.Search:ASIAI0B)
Imported 'GUID: 1ebc1994f9a3d5649a1201d3a84b38df' -> (Import Result ID: 'f53b49dd80c7022d2d727ca465533ff4') in 0.001 seconds [static and dynamic dependencies]. Details - ImportResultOutputID=a314787b5026a656c6d13f12c6faf616 DependenciesID=9f63bd9e4b9469d8dda23c9aa6909c4c StaticDependenciesID=b6a9a3b86269b0e2314f180a312048da 
Number of updated asset objects reloaded before import = 0
Number of asset objects unloaded after import = 0
========================================================================
Received Import Request.
  Time of request: 2026-09-22T17:17:19.5347544Z
  Time since last request: 0.0002172 seconds.
  importAddress: GUID: 9ec94545c5b00344c9bd8e691f15d799 - Path: Packages/com.unity.test-framework/UnityEditor.TestRunner/Api/TestStatus.cs - Importer: ScriptedImporter/UnityEditor.QuickSearchModule:UnityEditor.Search:ASIAI0B
Importing 'GUID: 9ec94545c5b00344c9bd8e691f15d799 - Path: Packages/com.unity.test-framework/UnityEditor.TestRunner/Api/TestStatus.cs - Importer: ScriptedImporter/UnityEditor.QuickSearchModule:UnityEditor.Search:ASIAI0B' with importer (ScriptedImporter : UnityEditor.QuickSearchModule:UnityEditor.Search:ASIAI0B)
Imported 'GUID: 9ec94545c5b00344c9bd8e691f15d799' -> (Import Result ID: 'e766611125d7b9bad01161fdfe5ff437') in 0.001 seconds [static and dynamic dependencies]. Details - ImportResultOutputID=2b5f2276e3940989726d9613054720b2 DependenciesID=16a0d4f0141dd0b85892eb376ed26374 StaticDependenciesID=9c779fc6beac438917aa1e2fbf7c51e3 
Number of updated asset objects reloaded before import = 0
Number of asset objects unloaded after import = 0
========================================================================
Received Import Request.
  Time of request: 2026-09-22T17:17:19.5361258Z
  Time since last request: 0.000245 seconds.
  importAddress: GUID: c3a75354f6ceac94ca15ca9d96593290 - Path: Packages/com.unity.test-framework/UnityEditor.TestRunner/CommandLineTest/ExecutionSettings.cs - Importer: ScriptedImporter/UnityEditor.QuickSearchModule:UnityEditor.Search:ASIAI0B
Importing 'GUID: c3a75354f6ceac94ca15ca9d96593290 - Path: Packages/com.unity.test-framework/UnityEditor.TestRunner/CommandLineTest/ExecutionSettings.cs - Importer: ScriptedImporter/UnityEditor.QuickSearchModule:UnityEditor.Search:ASIAI0B' with importer (ScriptedImporter : UnityEditor.QuickSearchModule:UnityEditor.Search:ASIAI0B)
Imported 'GUID: c3a75354f6ceac94ca15ca9d96593290' -> (Import Result ID: '6eebd51bd3240d6ba779c185cd339534') in 0.001 seconds [static and dynamic dependencies]. Details - ImportResultOutputID=ebc3009166328802351e143906aa9c69 DependenciesID=21a757e4b9106c5bb9eef189ec615d0c StaticDependenciesID=afa8476758fc3d377f20edf925d7f160 
Number of updated asset objects reloaded before import = 0
Number of asset objects unloaded after import = 0
========================================================================
Received Import Request.
  Time of request: 2026-09-22T17:17:19.5374958Z
  Time since last request: 0.0001709 seconds.
  importAddress: GUID: 0b677ddfd54046c498a20446baa4f932 - Path: Packages/com.unity.test-framework/UnityEditor.TestRunner/TestRun/TestJobRunner.cs - Importer: ScriptedImporter/UnityEditor.QuickSearchModule:UnityEditor.Search:ASIAI0B
Importing 'GUID: 0b677ddfd54046c498a20446baa4f932 - Path: Packages/com.unity.test-framework/UnityEditor.TestRunner/TestRun/TestJobRunner.cs - Importer: ScriptedImporter/UnityEditor.QuickSearchModule:UnityEditor.Search:ASIAI0B' with importer (ScriptedImporter : UnityEditor.QuickSearchModule:UnityEditor.Search:ASIAI0B)
Imported 'GUID: 0b677ddfd54046c498a20446baa4f932' -> (Import Result ID: 'd57131161fe1d943ba4e67b5751ed3b2') in 0.002 seconds [static and dynamic dependencies]. Details - ImportResultOutputID=1ea54c84d05b0657dea33cd43f5133e7 DependenciesID=f5dded49109d81a876759f2d8ccfd554 StaticDependenciesID=8fd506d74e5289bd98d42135746853d4 
Number of updated asset objects reloaded before import = 0
Number of asset objects unloaded after import = 0
========================================================================
Received Import Request.
  Time of request: 2026-09-22T17:17:19.5398159Z
  Time since last request: 0.000255 seconds.
  importAddress: GUID: c1cba6f3ed484514097080a3bb835958 - Path: Packages/com.unity.test-framework/UnityEditor.TestRunner/TestLaunchers/PlayerLauncherTestRunSettings.cs - Importer: ScriptedImporter/UnityEditor.QuickSearchModule:UnityEditor.Search:ASIAI0B
Importing 'GUID: c1cba6f3ed484514097080a3bb835958 - Path: Packages/com.unity.test-framework/UnityEditor.TestRunner/TestLaunchers/PlayerLauncherTestRunSettings.cs - Importer: ScriptedImporter/UnityEditor.QuickSearchModule:UnityEditor.Search:ASIAI0B' with importer (ScriptedImporter : UnityEditor.QuickSearchModule:UnityEditor.Search:ASIAI0B)
Imported 'GUID: c1cba6f3ed484514097080a3bb835958' -> (Import Result ID: 'ad60feb2eab012e1e8358b40bb66909c') in 0.002 seconds [static and dynamic dependencies]. Details - ImportResultOutputID=6bad16740d4da8799ada05890cab7fe5 DependenciesID=2409d44749e15f51375141a57211a2f7 StaticDependenciesID=3155a1a25699f8d3115a1267ff76b403 
Number of updated asset objects reloaded before import = 0
Number of asset objects unloaded after import = 0
========================================================================
Received Import Request.
  Time of request: 2026-09-22T17:17:19.5418372Z
  Time since last request: 0.0001877 seconds.
  importAddress: GUID: 68993ba529ae04440916cb7c23bf3279 - Path: Packages/com.unity.test-framework/UnityEditor.TestRunner/Api/TestRunnerApi.cs - Importer: ScriptedImporter/UnityEditor.QuickSearchModule:UnityEditor.Search:ASIAI0B
Importing 'GUID: 68993ba529ae04440916cb7c23bf3279 - Path: Packages/com.unity.test-framework/UnityEditor.TestRunner/Api/TestRunnerApi.cs - Importer: ScriptedImporter/UnityEditor.QuickSearchModule:UnityEditor.Search:ASIAI0B' with importer (ScriptedImporter : UnityEditor.QuickSearchModule:UnityEditor.Search:ASIAI0B)
Imported 'GUID: 68993ba529ae04440916cb7c23bf3279' -> (Import Result ID: '190dd041fbfa4660535936e1c6b2143e') in 0.001 seconds [static and dynamic dependencies]. Details - ImportResultOutputID=c4446a8b4834bc60d1fff6bc507d1a55 DependenciesID=6de3e8eee79aded34a6c69268d58ac79 StaticDependenciesID=754849f34c4b4068be8d2faa9209612d 
Number of updated asset objects reloaded before import = 0
Number of asset objects unloaded after import = 0
========================================================================
Received Import Request.
  Time of request: 2026-09-22T17:17:19.5432928Z
  Time since last request: 0.0002238 seconds.
  importAddress: GUID: 6965880f76f40194593cb53a88f74005 - Path: Packages/com.unity.test-framework/UnityEditor.TestRunner/TestLaunchers/PlayerLauncherContextSettings.cs - Importer: ScriptedImporter/UnityEditor.QuickSearchModule:UnityEditor.Search:ASIAI0B
Importing 'GUID: 6965880f76f40194593cb53a88f74005 - Path: Packages/com.unity.test-framework/UnityEditor.TestRunner/TestLaunchers/PlayerLauncherContextSettings.cs - Importer: ScriptedImporter/UnityEditor.QuickSearchModule:UnityEditor.Search:ASIAI0B' with importer (ScriptedImporter : UnityEditor.QuickSearchModule:UnityEditor.Search:ASIAI0B)
Imported 'GUID: 6965880f76f40194593cb53a88f74005' -> (Import Result ID: 'fa60e22cc451bc80e4679282a34ffc3e') in 0.001 seconds [static and dynamic dependencies]. Details - ImportResultOutputID=c0700644cc77736e63667ce615a340fa DependenciesID=27cb9d11bcb2413873df95eb57655cfa StaticDependenciesID=34d0ed5a4f429a95e311cc363dac0794 
Number of updated asset objects reloaded before import = 0
Number of asset objects unloaded after import = 0
========================================================================
Received Import Request.
  Time of request: 2026-09-22T17:17:19.5450519Z
  Time since last request: 0.0002862 seconds.
  importAddress: GUID: d061ada5d3169454daf54243390b5fdb - Path: Packages/com.unity.test-framework/UnityEditor.TestRunner/Api/TestResultAdaptor.cs - Importer: ScriptedImporter/UnityEditor.QuickSearchModule:UnityEditor.Search:ASIAI0B
Importing 'GUID: d061ada5d3169454daf54243390b5fdb - Path: Packages/com.unity.test-framework/UnityEditor.TestRunner/Api/TestResultAdaptor.cs - Importer: ScriptedImporter/UnityEditor.QuickSearchModule:UnityEditor.Search:ASIAI0B' with importer (ScriptedImporter : UnityEditor.QuickSearchModule:UnityEditor.Search:ASIAI0B)
Imported 'GUID: d061ada5d3169454daf54243390b5fdb' -> (Import Result ID: 'da863c65ba0e549490bb21766044fe49') in 0.001 seconds [static and dynamic dependencies]. Details - ImportResultOutputID=b73a5a434b5cea29d3041ce97daa49c4 DependenciesID=ffb5573e2bf1d7f9277487b25cc49dd2 StaticDependenciesID=51ba3c87d01a84bd9d7eed4b08bd2246 
Number of updated asset objects reloaded before import = 0
Number of asset objects unloaded after import = 0
========================================================================
Received Import Request.
  Time of request: 2026-09-22T17:17:19.5467291Z
  Time since last request: 0.0001982 seconds.
  importAddress: GUID: 0efb23ecb373b6d4bbe5217485785138 - Path: Packages/com.unity.test-framework/UnityEditor.TestRunner/TestLaunchers/RuntimeTestLauncherBase.cs - Importer: ScriptedImporter/UnityEditor.QuickSearchModule:UnityEditor.Search:ASIAI0B
Importing 'GUID: 0efb23ecb373b6d4bbe5217485785138 - Path: Packages/com.unity.test-framework/UnityEditor.TestRunner/TestLaunchers/RuntimeTestLauncherBase.cs - Importer: ScriptedImporter/UnityEditor.QuickSearchModule:UnityEditor.Search:ASIAI0B' with importer (ScriptedImporter : UnityEditor.QuickSearchModule:UnityEditor.Search:ASIAI0B)
Imported 'GUID: 0efb23ecb373b6d4bbe5217485785138' -> (Import Result ID: 'a73e827cd7b18cf5eebfb5ae0a5263eb') in 0.001 seconds [static and dynamic dependencies]. Details - ImportResultOutputID=4f1ae78397e763b501abb2c92055cb4f DependenciesID=d38ba64523b057d91c5a52f7eb86e695 StaticDependenciesID=c701a182c46cb222181bc33d4be15d36 
Number of updated asset objects reloaded before import = 0
Number of asset objects unloaded after import = 0
========================================================================
Received Import Request.
  Time of request: 2026-09-22T17:17:19.5484115Z
  Time since last request: 0.0002225 seconds.
  importAddress: GUID: 317f06562c344e22991ba4117cf7b71c - Path: Packages/com.unity.test-framework/UnityEditor.TestRunner/CommandLineTest/TestState.cs - Importer: ScriptedImporter/UnityEditor.QuickSearchModule:UnityEditor.Search:ASIAI0B
Importing 'GUID: 317f06562c344e22991ba4117cf7b71c - Path: Packages/com.unity.test-framework/UnityEditor.TestRunner/CommandLineTest/TestState.cs - Importer: ScriptedImporter/UnityEditor.QuickSearchModule:UnityEditor.Search:ASIAI0B' with importer (ScriptedImporter : UnityEditor.QuickSearchModule:UnityEditor.Search:ASIAI0B)
Imported 'GUID: 317f06562c344e22991ba4117cf7b71c' -> (Import Result ID: '8788806e4c2f3991ae4bc98a6c6aa76c') in 0.001 seconds [static and dynamic dependencies]. Details - ImportResultOutputID=08df70d3d8a92c0478b402e1c660316e DependenciesID=32479aa1941354a4d19eb1832f911762 StaticDependenciesID=baf2324983a048270130813dd53baff7 
Number of updated asset objects reloaded before import = 0
Number of asset objects unloaded after import = 0
========================================================================
Received Import Request.
  Time of request: 2026-09-22T17:17:19.5500887Z
  Time since last request: 0.0002087 seconds.
  importAddress: GUID: d56e34a052c646e39a3317c404303e5f - Path: Packages/com.unity.test-framework/UnityEditor.TestRunner/CommandLineTest/IRunData.cs - Importer: ScriptedImporter/UnityEditor.QuickSearchModule:UnityEditor.Search:ASIAI0B
Importing 'GUID: d56e34a052c646e39a3317c404303e5f - Path: Packages/com.unity.test-framework/UnityEditor.TestRunner/CommandLineTest/IRunData.cs - Importer: ScriptedImporter/UnityEditor.QuickSearchModule:UnityEditor.Search:ASIAI0B' with importer (ScriptedImporter : UnityEditor.QuickSearchModule:UnityEditor.Search:ASIAI0B)
Imported 'GUID: d56e34a052c646e39a3317c404303e5f' -> (Import Result ID: 'da473cae911849a2fce57cc14db9c433') in 0.001 seconds [static and dynamic dependencies]. Details - ImportResultOutputID=c200478374e871fdb8be15897e19c112 DependenciesID=4d741d964bde4fc39ff151107d551683 StaticDependenciesID=7ff8c2ab1277532dcaf09c7e260f9470 
Number of updated asset objects reloaded before import = 0
Number of asset objects unloaded after import = 0
========================================================================
Received Import Request.
  Time of request: 2026-09-22T17:17:19.5516634Z
  Time since last request: 0.0001761 seconds.
  importAddress: GUID: 8d20eedbe40f0ce41a4c4f633f225de8 - Path: Packages/com.unity.test-framework/UnityEditor.TestRunner/CommandLineTest/LogSavingCallbacks.cs - Importer: ScriptedImporter/UnityEditor.QuickSearchModule:UnityEditor.Search:ASIAI0B
Importing 'GUID: 8d20eedbe40f0ce41a4c4f633f225de8 - Path: Packages/com.unity.test-framework/UnityEditor.TestRunner/CommandLineTest/LogSavingCallbacks.cs - Importer: ScriptedImporter/UnityEditor.QuickSearchModule:UnityEditor.Search:ASIAI0B' with importer (ScriptedImporter : UnityEditor.QuickSearchModule:UnityEditor.Search:ASIAI0B)
Imported 'GUID: 8d20eedbe40f0ce41a4c4f633f225de8' -> (Import Result ID: '7f286f4a3e1a1ffb6c86cae9fb4c030e') in 0.001 seconds [static and dynamic dependencies]. Details - ImportResultOutputID=ba165f2d445ab4c1f434a22b03e5729a DependenciesID=15f612bdd001ad131e5ae3a3481f2798 StaticDependenciesID=0d896d99350f2516a2cade7525b85541 
Number of updated asset objects reloaded before import = 0
Number of asset objects unloaded after import = 0
========================================================================
Received Import Request.
  Time of request: 2026-09-22T17:17:19.5535703Z
  Time since last request: 0.000316 seconds.
  importAddress: GUID: 416b65350c010294db54ceca7fd02072 - Path: Packages/com.unity.test-framework/UnityEditor.TestRunner/TestRun/RequiredTestRunDataMissingException.cs - Importer: ScriptedImporter/UnityEditor.QuickSearchModule:UnityEditor.Search:ASIAI0B
Importing 'GUID: 416b65350c010294db54ceca7fd02072 - Path: Packages/com.unity.test-framework/UnityEditor.TestRunner/TestRun/RequiredTestRunDataMissingException.cs - Importer: ScriptedImporter/UnityEditor.QuickSearchModule:UnityEditor.Search:ASIAI0B' with importer (ScriptedImporter : UnityEditor.QuickSearchModule:UnityEditor.Search:ASIAI0B)
Imported 'GUID: 416b65350c010294db54ceca7fd02072' -> (Import Result ID: 'a4a0d2691380dd414aef1c9d5d16467d') in 0.002 seconds [static and dynamic dependencies]. Details - ImportResultOutputID=112b6989319550e825b2eebd0c4b158c DependenciesID=b9ebf48db65750169d76cf78d8267933 StaticDependenciesID=7f8451ad5a97e2eab3824238b0281a7a 
Number of updated asset objects reloaded before import = 0
Number of asset objects unloaded after import = 0
========================================================================
Received Import Request.
  Time of request: 2026-09-22T17:17:19.5556601Z
  Time since last request: 0.0002983 seconds.
  importAddress: GUID: d0663d520c26b7c48a4135599e66acf8 - Path: Packages/com.unity.test-framework/UnityEditor.TestRunner/Api/TestAdaptorFactory.cs - Importer: ScriptedImporter/UnityEditor.QuickSearchModule:UnityEditor.Search:ASIAI0B
Importing 'GUID: d0663d520c26b7c48a4135599e66acf8 - Path: Packages/com.unity.test-framework/UnityEditor.TestRunner/Api/TestAdaptorFactory.cs - Importer: ScriptedImporter/UnityEditor.QuickSearchModule:UnityEditor.Search:ASIAI0B' with importer (ScriptedImporter : UnityEditor.QuickSearchModule:UnityEditor.Search:ASIAI0B)
Imported 'GUID: d0663d520c26b7c48a4135599e66acf8' -> (Import Result ID: '38cee0be2760ef9c35db777f03982924') in 0.001 seconds [static and dynamic dependencies]. Details - ImportResultOutputID=0d4a5c278726298637810f0c250e59ff DependenciesID=f7388a643d14dde283d7ae6a521d8c7b StaticDependenciesID=5af0bd7cc561666ccdf0dc8d20be5c40 
Number of updated asset objects reloaded before import = 0
Number of asset objects unloaded after import = 0
========================================================================
Received Import Request.
  Time of request: 2026-09-22T17:17:19.5574096Z
  Time since last request: 0.0001943 seconds.
  importAddress: GUID: edd2a1fe1acbbde43aad39862bb3f4a8 - Path: Packages/com.unity.test-framework/UnityEditor.TestRunner/TestLaunchers/RemotePlayerLogController.cs - Importer: ScriptedImporter/UnityEditor.QuickSearchModule:UnityEditor.Search:ASIAI0B
Importing 'GUID: edd2a1fe1acbbde43aad39862bb3f4a8 - Path: Packages/com.unity.test-framework/UnityEditor.TestRunner/TestLaunchers/RemotePlayerLogController.cs - Importer: ScriptedImporter/UnityEditor.QuickSearchModule:UnityEditor.Search:ASIAI0B' with importer (ScriptedImporter : UnityEditor.QuickSearchModule:UnityEditor.Search:ASIAI0B)
Imported 'GUID: edd2a1fe1acbbde43aad39862bb3f4a8' -> (Import Result ID: '573086f91447e7f80dabe5e4516201c1') in 0.001 seconds [static and dynamic dependencies]. Details - ImportResultOutputID=e0ca433538ec8eb63b8b5f8cf0444c0a DependenciesID=bbb01f4cbf9117baabdd2e908248afef StaticDependenciesID=3509356e995b61c04c12cf2b47524e8d 
Number of updated asset objects reloaded before import = 0
Number of asset objects unloaded after import = 0
========================================================================
Received Import Request.
  Time of request: 2026-09-22T17:17:19.5590252Z
  Time since last request: 0.0001792 seconds.
  importAddress: GUID: 8bb59cb2f66d156418ca1bd1e2703233 - Path: Packages/com.unity.test-framework/UnityEditor.TestRunner/Api/RunState.cs - Importer: ScriptedImporter/UnityEditor.QuickSearchModule:UnityEditor.Search:ASIAI0B
Importing 'GUID: 8bb59cb2f66d156418ca1bd1e2703233 - Path: Packages/com.unity.test-framework/UnityEditor.TestRunner/Api/RunState.cs - Importer: ScriptedImporter/UnityEditor.QuickSearchModule:UnityEditor.Search:ASIAI0B' with importer (ScriptedImporter : UnityEditor.QuickSearchModule:UnityEditor.Search:ASIAI0B)
Imported 'GUID: 8bb59cb2f66d156418ca1bd1e2703233' -> (Import Result ID: '56abb6bea73e0026bcff7dd79419d36f') in 0.001 seconds [static and dynamic dependencies]. Details - ImportResultOutputID=68911964723b74e2c84b3205a7408264 DependenciesID=dbc921cd1946fe5cfc2a68b0ce437e36 StaticDependenciesID=9cddaca81a533aa3a805354115d579c3 
Number of updated asset objects reloaded before import = 0
Number of asset objects unloaded after import = 0
========================================================================
Received Import Request.
  Time of request: 2026-09-22T17:17:19.5605202Z
  Time since last request: 0.0002158 seconds.
  importAddress: GUID: b7468a027a77337478e133b40b42b4f9 - Path: Packages/com.unity.test-framework/UnityEditor.TestRunner/CommandLineTest/SettingsBuilder.cs - Importer: ScriptedImporter/UnityEditor.QuickSearchModule:UnityEditor.Search:ASIAI0B
Importing 'GUID: b7468a027a77337478e133b40b42b4f9 - Path: Packages/com.unity.test-framework/UnityEditor.TestRunner/CommandLineTest/SettingsBuilder.cs - Importer: ScriptedImporter/UnityEditor.QuickSearchModule:UnityEditor.Search:ASIAI0B' with importer (ScriptedImporter : UnityEditor.QuickSearchModule:UnityEditor.Search:ASIAI0B)
Imported 'GUID: b7468a027a77337478e133b40b42b4f9' -> (Import Result ID: '4cfa2f5996cc495204cff935663977e7') in 0.001 seconds [static and dynamic dependencies]. Details - ImportResultOutputID=79d3a56a4e31c65f5de3ca18e7954147 DependenciesID=647d7ac623016b8a1f1b784749c03b0a StaticDependenciesID=0e63500128e71971651ed625c05d3f45 
Number of updated asset objects reloaded before import = 0
Number of asset objects unloaded after import = 0
========================================================================
Received Import Request.
  Time of request: 2026-09-22T17:17:19.5619218Z
  Time since last request: 0.0002678 seconds.
  importAddress: GUID: 208e46d59ff6e304db0318377d20f5a1 - Path: Packages/com.unity.test-framework/UnityEditor.TestRunner/GUI/IAssetsDatabaseHelper.cs - Importer: ScriptedImporter/UnityEditor.QuickSearchModule:UnityEditor.Search:ASIAI0B
Importing 'GUID: 208e46d59ff6e304db0318377d20f5a1 - Path: Packages/com.unity.test-framework/UnityEditor.TestRunner/GUI/IAssetsDatabaseHelper.cs - Importer: ScriptedImporter/UnityEditor.QuickSearchModule:UnityEditor.Search:ASIAI0B' with importer (ScriptedImporter : UnityEditor.QuickSearchModule:UnityEditor.Search:ASIAI0B)
Imported 'GUID: 208e46d59ff6e304db0318377d20f5a1' -> (Import Result ID: 'd74410899f7ece4085e01070e12983de') in 0.002 seconds [static and dynamic dependencies]. Details - ImportResultOutputID=a994d561aba0613a8ebbae46bf37aae8 DependenciesID=7259954c8db075fc9f0d09d1f340e635 StaticDependenciesID=c6a08eda1b3f95e9af55fb7e92f0cc00 
Number of updated asset objects reloaded before import = 0
Number of asset objects unloaded after import = 0
========================================================================
Received Import Request.
  Time of request: 2026-09-22T17:17:19.5638689Z
  Time since last request: 0.0002327 seconds.
  importAddress: GUID: d973fc1524e4d724081553934c55958c - Path: Packages/com.unity.test-framework/UnityEditor.TestRunner/TestLaunchers/PlayerLauncher.cs - Importer: ScriptedImporter/UnityEditor.QuickSearchModule:UnityEditor.Search:ASIAI0B
Importing 'GUID: d973fc1524e4d724081553934c55958c - Path: Packages/com.unity.test-framework/UnityEditor.TestRunner/TestLaunchers/PlayerLauncher.cs - Importer: ScriptedImporter/UnityEditor.QuickSearchModule:UnityEditor.Search:ASIAI0B' with importer (ScriptedImporter : UnityEditor.QuickSearchModule:UnityEditor.Search:ASIAI0B)
Imported 'GUID: d973fc1524e4d724081553934c55958c' -> (Import Result ID: 'dd4f5c079899277399937f4863a21225') in 0.002 seconds [static and dynamic dependencies]. Details - ImportResultOutputID=535a27938cef86f3292cb6b7f1c39843 DependenciesID=dacc3c6f42d57d627dfa46d614fb3c2c StaticDependenciesID=849a8994bf802e65c98f5245cd94d418 
Number of updated asset objects reloaded before import = 0
Number of asset objects unloaded after import = 0
========================================================================
Received Import Request.
  Time of request: 2026-09-22T17:17:19.5666648Z
  Time since last request: 0.0003253 seconds.
  importAddress: GUID: 05778dd1de4433d418793b6f3d3c18cf - Path: Packages/com.unity.test-framework/UnityEditor.TestRunner/CommandLineTest/LogWriter.cs - Importer: ScriptedImporter/UnityEditor.QuickSearchModule:UnityEditor.Search:ASIAI0B
Importing 'GUID: 05778dd1de4433d418793b6f3d3c18cf - Path: Packages/com.unity.test-framework/UnityEditor.TestRunner/CommandLineTest/LogWriter.cs - Importer: ScriptedImporter/UnityEditor.QuickSearchModule:UnityEditor.Search:ASIAI0B' with importer (ScriptedImporter : UnityEditor.QuickSearchModule:UnityEditor.Search:ASIAI0B)
Imported 'GUID: 05778dd1de4433d418793b6f3d3c18cf' -> (Import Result ID: 'd44c195ad5943bcdd9d49b2144c6ab14') in 0.001 seconds [static and dynamic dependencies]. Details - ImportResultOutputID=e42d5160fe6cc6f439f9d8caa4a12cd3 DependenciesID=248726720f05f88b9a55f2d39a603401 StaticDependenciesID=90df8af7d25f86a5e4c3090e4fbee6e1 
Number of updated asset objects reloaded before import = 0
Number of asset objects unloaded after import = 0
========================================================================
Received Import Request.
  Time of request: 2026-09-22T17:17:19.5682153Z
  Time since last request: 0.0003659 seconds.
  importAddress: GUID: 740b3785866edda4b8d1e1a05570a5f8 - Path: Packages/com.unity.test-framework/UnityEditor.TestRunner/GUI/AssetsDatabaseHelper.cs - Importer: ScriptedImporter/UnityEditor.QuickSearchModule:UnityEditor.Search:ASIAI0B
Importing 'GUID: 740b3785866edda4b8d1e1a05570a5f8 - Path: Packages/com.unity.test-framework/UnityEditor.TestRunner/GUI/AssetsDatabaseHelper.cs - Importer: ScriptedImporter/UnityEditor.QuickSearchModule:UnityEditor.Search:ASIAI0B' with importer (ScriptedImporter : UnityEditor.QuickSearchModule:UnityEditor.Search:ASIAI0B)
Imported 'GUID: 740b3785866edda4b8d1e1a05570a5f8' -> (Import Result ID: '23ad34f60693a665d6af6f0bc9ba27ca') in 0.001 seconds [static and dynamic dependencies]. Details - ImportResultOutputID=664ba47a31308ed3982173bf6571bec6 DependenciesID=4cd23c60ab7eaa4a73380b7b279cd6e6 StaticDependenciesID=0921012d74c92449f79ab7fc313dffc9 
Number of updated asset objects reloaded before import = 0
Number of asset objects unloaded after import = 0
========================================================================
Received Import Request.
  Time of request: 2026-09-22T17:17:19.569984Z
  Time since last request: 0.0003767 seconds.
  importAddress: GUID: 7d36034e63ad8254b9b2f55280fcc040 - Path: Packages/com.unity.test-framework/UnityEditor.TestRunner/TestLaunchers/RemotePlayerTestController.cs - Importer: ScriptedImporter/UnityEditor.QuickSearchModule:UnityEditor.Search:ASIAI0B
Importing 'GUID: 7d36034e63ad8254b9b2f55280fcc040 - Path: Packages/com.unity.test-framework/UnityEditor.TestRunner/TestLaunchers/RemotePlayerTestController.cs - Importer: ScriptedImporter/UnityEditor.QuickSearchModule:UnityEditor.Search:ASIAI0B' with importer (ScriptedImporter : UnityEditor.QuickSearchModule:UnityEditor.Search:ASIAI0B)
Imported 'GUID: 7d36034e63ad8254b9b2f55280fcc040' -> (Import Result ID: '1480fc5f00eb3b386c32bcb0299486f1') in 0.001 seconds [static and dynamic dependencies]. Details - ImportResultOutputID=5acf025afa474f56031d5f292659fb6c DependenciesID=2f744430c9046cb39245ae7e05fb1120 StaticDependenciesID=d70b242e8d00aeb010b7e137bfbd910f 
Number of updated asset objects reloaded before import = 0
Number of asset objects unloaded after import = 0
========================================================================
Received Import Request.
  Time of request: 2026-09-22T17:17:19.5712213Z
  Time since last request: 0.0001807 seconds.
  importAddress: GUID: 241a47157da9420aaafa8cda2afd41a0 - Path: Packages/com.unity.test-framework/UnityEditor.TestRunner/TestRun/WaitForPlayerRunTask.cs - Importer: ScriptedImporter/UnityEditor.QuickSearchModule:UnityEditor.Search:ASIAI0B
Importing 'GUID: 241a47157da9420aaafa8cda2afd41a0 - Path: Packages/com.unity.test-framework/UnityEditor.TestRunner/TestRun/WaitForPlayerRunTask.cs - Importer: ScriptedImporter/UnityEditor.QuickSearchModule:UnityEditor.Search:ASIAI0B' with importer (ScriptedImporter : UnityEditor.QuickSearchModule:UnityEditor.Search:ASIAI0B)
Imported 'GUID: 241a47157da9420aaafa8cda2afd41a0' -> (Import Result ID: '83b5133a4f650b7cc55a4578491fcc35') in 0.001 seconds [static and dynamic dependencies]. Details - ImportResultOutputID=0a5e4285f91f012706b429aadfde4ec6 DependenciesID=2d2e9867ee332256fa902117ecabecfa StaticDependenciesID=8ad52fd495f992caa15a50598a1e0787 
Number of updated asset objects reloaded before import = 0
Number of asset objects unloaded after import = 0
========================================================================
Received Import Request.
  Time of request: 2026-09-22T17:17:19.5723463Z
  Time since last request: 0.0001561 seconds.
  importAddress: GUID: f445ca0c614a846449fcd8ae648c24e2 - Path: Packages/com.unity.test-framework/UnityEditor.TestRunner/CommandLineParser/ICommandLineOption.cs - Importer: ScriptedImporter/UnityEditor.QuickSearchModule:UnityEditor.Search:ASIAI0B
Importing 'GUID: f445ca0c614a846449fcd8ae648c24e2 - Path: Packages/com.unity.test-framework/UnityEditor.TestRunner/CommandLineParser/ICommandLineOption.cs - Importer: ScriptedImporter/UnityEditor.QuickSearchModule:UnityEditor.Search:ASIAI0B' with importer (ScriptedImporter : UnityEditor.QuickSearchModule:UnityEditor.Search:ASIAI0B)
Imported 'GUID: f445ca0c614a846449fcd8ae648c24e2' -> (Import Result ID: '32e542d16f6f5c335653a25fd786b120') in 0.001 seconds [static and dynamic dependencies]. Details - ImportResultOutputID=47bf9dedcd8b4ffc33bd54f18ae1bd91 DependenciesID=55e3690bb2546448f9575e42823879d8 StaticDependenciesID=cabb16e27f9a054e65814b068f6532f6 
Number of updated asset objects reloaded before import = 0
Number of asset objects unloaded after import = 0
========================================================================
Received Import Request.
  Time of request: 2026-09-22T17:17:19.5734638Z
  Time since last request: 0.0001836 seconds.
  importAddress: GUID: 3dde15f260b0dd1469e60d16eaa795dc - Path: Packages/com.unity.test-framework/UnityEditor.TestRunner/TestRunner/EditmodeWorkItemFactory.cs - Importer: ScriptedImporter/UnityEditor.QuickSearchModule:UnityEditor.Search:ASIAI0B
Importing 'GUID: 3dde15f260b0dd1469e60d16eaa795dc - Path: Packages/com.unity.test-framework/UnityEditor.TestRunner/TestRunner/EditmodeWorkItemFactory.cs - Importer: ScriptedImporter/UnityEditor.QuickSearchModule:UnityEditor.Search:ASIAI0B' with importer (ScriptedImporter : UnityEditor.QuickSearchModule:UnityEditor.Search:ASIAI0B)
Imported 'GUID: 3dde15f260b0dd1469e60d16eaa795dc' -> (Import Result ID: 'cdb34355b27aa2595e378b4033a6a99f') in 0.002 seconds [static and dynamic dependencies]. Details - ImportResultOutputID=f36f546ee6c7c339bac4e0f7ebe1ff0a DependenciesID=323a0e5ac161a09b36c43a60cf55504d StaticDependenciesID=0f53fdcce648a1525cf9e012e89b357f 
Number of updated asset objects reloaded before import = 0
Number of asset objects unloaded after import = 0
========================================================================
Received Import Request.
  Time of request: 2026-09-22T17:17:19.5764448Z
  Time since last request: 0.0004062 seconds.
  importAddress: GUID: 1d45b9d3cf85bee4f99c1492fca8438a - Path: Packages/com.unity.test-framework/UnityEditor.TestRunner/TestRun/TestRunCanceledException.cs - Importer: ScriptedImporter/UnityEditor.QuickSearchModule:UnityEditor.Search:ASIAI0B
Importing 'GUID: 1d45b9d3cf85bee4f99c1492fca8438a - Path: Packages/com.unity.test-framework/UnityEditor.TestRunner/TestRun/TestRunCanceledException.cs - Importer: ScriptedImporter/UnityEditor.QuickSearchModule:UnityEditor.Search:ASIAI0B' with importer (ScriptedImporter : UnityEditor.QuickSearchModule:UnityEditor.Search:ASIAI0B)
Imported 'GUID: 1d45b9d3cf85bee4f99c1492fca8438a' -> (Import Result ID: 'd29048d94955a8775787923873a2a17b') in 0.001 seconds [static and dynamic dependencies]. Details - ImportResultOutputID=256e6a1d91b76f1328fa20a871813d60 DependenciesID=9aaeaf9f9186df94bd82f26a2dd52b24 StaticDependenciesID=c5b64bcc88e46362b0431913857a4f7f 
Number of updated asset objects reloaded before import = 0
Number of asset objects unloaded after import = 0
========================================================================
Received Import Request.
  Time of request: 2026-09-22T17:17:19.5780609Z
  Time since last request: 0.0001984 seconds.
  importAddress: GUID: 83eda34b7da01e04aa894f268158b0c0 - Path: Packages/com.unity.test-framework/UnityEditor.TestRunner/TestSettings/ITestSettings.cs - Importer: ScriptedImporter/UnityEditor.QuickSearchModule:UnityEditor.Search:ASIAI0B
Importing 'GUID: 83eda34b7da01e04aa894f268158b0c0 - Path: Packages/com.unity.test-framework/UnityEditor.TestRunner/TestSettings/ITestSettings.cs - Importer: ScriptedImporter/UnityEditor.QuickSearchModule:UnityEditor.Search:ASIAI0B' with importer (ScriptedImporter : UnityEditor.QuickSearchModule:UnityEditor.Search:ASIAI0B)
Imported 'GUID: 83eda34b7da01e04aa894f268158b0c0' -> (Import Result ID: '5cd3d6e704d007a21a7570e0353d2c09') in 0.001 seconds [static and dynamic dependencies]. Details - ImportResultOutputID=1fb2ede7b79b7bc8dd2ce29af6d3a1d8 DependenciesID=55628a3b7eb730344f67f77580b14a3e StaticDependenciesID=1ee88e7873ae3be3e45d899c099f6fea 
Number of updated asset objects reloaded before import = 0
Number of asset objects unloaded after import = 0
========================================================================
Received Import Request.
  Time of request: 2026-09-22T17:17:19.579593Z
  Time since last request: 0.0002197 seconds.
  importAddress: GUID: 8a13cbeb2099aca47bb456f49845f86c - Path: Packages/com.unity.test-framework/UnityEditor.TestRunner/CommandLineTest/ISettingsBuilder.cs - Importer: ScriptedImporter/UnityEditor.QuickSearchModule:UnityEditor.Search:ASIAI0B
Importing 'GUID: 8a13cbeb2099aca47bb456f49845f86c - Path: Packages/com.unity.test-framework/UnityEditor.TestRunner/CommandLineTest/ISettingsBuilder.cs - Importer: ScriptedImporter/UnityEditor.QuickSearchModule:UnityEditor.Search:ASIAI0B' with importer (ScriptedImporter : UnityEditor.QuickSearchModule:UnityEditor.Search:ASIAI0B)
Imported 'GUID: 8a13cbeb2099aca47bb456f49845f86c' -> (Import Result ID: '9fd26b3a0b1e87b80946d1cc5da412d8') in 0.001 seconds [static and dynamic dependencies]. Details - ImportResultOutputID=c31f0142158a6f4e297410971e4c08f9 DependenciesID=f53c462e78849e4afd83c61b32575e55 StaticDependenciesID=47b0f295a68c231ba8f63c847a09a3e9 
Number of updated asset objects reloaded before import = 0
Number of asset objects unloaded after import = 0
========================================================================
Received Import Request.
  Time of request: 2026-09-22T17:17:19.5809537Z
  Time since last request: 0.000235 seconds.
  importAddress: GUID: 15f870c6975ad6449b5b52514b90dc2b - Path: Packages/com.unity.test-framework/UnityEditor.TestRunner/GUI/TestRunnerUIFilter.cs - Importer: ScriptedImporter/UnityEditor.QuickSearchModule:UnityEditor.Search:ASIAI0B
Importing 'GUID: 15f870c6975ad6449b5b52514b90dc2b - Path: Packages/com.unity.test-framework/UnityEditor.TestRunner/GUI/TestRunnerUIFilter.cs - Importer: ScriptedImporter/UnityEditor.QuickSearchModule:UnityEditor.Search:ASIAI0B' with importer (ScriptedImporter : UnityEditor.QuickSearchModule:UnityEditor.Search:ASIAI0B)
Imported 'GUID: 15f870c6975ad6449b5b52514b90dc2b' -> (Import Result ID: '3086875ca6d98c4d732b46da84d54f68') in 0.001 seconds [static and dynamic dependencies]. Details - ImportResultOutputID=6efd890db625fdbd0be042b4cb94c899 DependenciesID=aaf2a383ca2c5cf15703d1f4c24aa060 StaticDependenciesID=192a23152de29eecb799ae1124678459 
Number of updated asset objects reloaded before import = 0
Number of asset objects unloaded after import = 0
========================================================================
Received Import Request.
  Time of request: 2026-09-22T17:17:19.5822902Z
  Time since last request: 0.0002172 seconds.
  importAddress: GUID: 2ae2ce6274819484fa8747a28cebdf3a - Path: Packages/com.unity.test-framework/UnityEditor.TestRunner/Api/ITestRunSettings.cs - Importer: ScriptedImporter/UnityEditor.QuickSearchModule:UnityEditor.Search:ASIAI0B
Importing 'GUID: 2ae2ce6274819484fa8747a28cebdf3a - Path: Packages/com.unity.test-framework/UnityEditor.TestRunner/Api/ITestRunSettings.cs - Importer: ScriptedImporter/UnityEditor.QuickSearchModule:UnityEditor.Search:ASIAI0B' with importer (ScriptedImporter : UnityEditor.QuickSearchModule:UnityEditor.Search:ASIAI0B)
Imported 'GUID: 2ae2ce6274819484fa8747a28cebdf3a' -> (Import Result ID: '9820a941a0b5e9a47bbbe1f496f7e0b7') in 0.001 seconds [static and dynamic dependencies]. Details - ImportResultOutputID=438f4111de7bbc4cb9a1d6878dd57f47 DependenciesID=bb2e7a3b924bced0a40f16e09ae641d5 StaticDependenciesID=66b5d7c7212324c36dd4454422e35726 
Number of updated asset objects reloaded before import = 0
Number of asset objects unloaded after import = 0
========================================================================
Received Import Request.
  Time of request: 2026-09-22T17:17:19.5837752Z
  Time since last request: 0.0001946 seconds.
  importAddress: GUID: b1516a46a16d458e8debc6b459b107ea - Path: Packages/com.unity.test-framework/UnityEditor.TestRunner/TestRun/TaskList.cs - Importer: ScriptedImporter/UnityEditor.QuickSearchModule:UnityEditor.Search:ASIAI0B
Importing 'GUID: b1516a46a16d458e8debc6b459b107ea - Path: Packages/com.unity.test-framework/UnityEditor.TestRunner/TestRun/TaskList.cs - Importer: ScriptedImporter/UnityEditor.QuickSearchModule:UnityEditor.Search:ASIAI0B' with importer (ScriptedImporter : UnityEditor.QuickSearchModule:UnityEditor.Search:ASIAI0B)
Imported 'GUID: b1516a46a16d458e8debc6b459b107ea' -> (Import Result ID: '40a844062b99025a00c53df0d8e66e59') in 0.001 seconds [static and dynamic dependencies]. Details - ImportResultOutputID=987c61406c621c979360c16240c8553e DependenciesID=92fc2e972ccdfba3b38545c79f2dae84 StaticDependenciesID=9d4b2927643aa1f783b668c75900e138 
Number of updated asset objects reloaded before import = 0
Number of asset objects unloaded after import = 0
========================================================================
Received Import Request.
  Time of request: 2026-09-22T17:17:19.5851373Z
  Time since last request: 0.0002627 seconds.
  importAddress: GUID: 29d603e0a726a9043b3503112271844a - Path: Packages/com.unity.test-framework/UnityEditor.TestRunner/Api/ResultsWriter.cs - Importer: ScriptedImporter/UnityEditor.QuickSearchModule:UnityEditor.Search:ASIAI0B
Importing 'GUID: 29d603e0a726a9043b3503112271844a - Path: Packages/com.unity.test-framework/UnityEditor.TestRunner/Api/ResultsWriter.cs - Importer: ScriptedImporter/UnityEditor.QuickSearchModule:UnityEditor.Search:ASIAI0B' with importer (ScriptedImporter : UnityEditor.QuickSearchModule:UnityEditor.Search:ASIAI0B)
Imported 'GUID: 29d603e0a726a9043b3503112271844a' -> (Import Result ID: '98e3a0126d5c22df98ae5240694c679c') in 0.001 seconds [static and dynamic dependencies]. Details - ImportResultOutputID=5a38aa1f689ad822428d9e761e00df1e DependenciesID=2f566a8f583acfe9e99571c0f90fdf4b StaticDependenciesID=b9db687649fc8f59583587177c615d9e 
Number of updated asset objects reloaded before import = 0
Number of asset objects unloaded after import = 0
========================================================================
Received Import Request.
  Time of request: 2026-09-22T17:17:19.5864977Z
  Time since last request: 0.0001839 seconds.
  importAddress: GUID: 6d16f2e78a356d34c9a32108929de932 - Path: Packages/com.unity.test-framework/UnityEditor.TestRunner/TestRunner/EditModePCHelper.cs - Importer: ScriptedImporter/UnityEditor.QuickSearchModule:UnityEditor.Search:ASIAI0B
Importing 'GUID: 6d16f2e78a356d34c9a32108929de932 - Path: Packages/com.unity.test-framework/UnityEditor.TestRunner/TestRunner/EditModePCHelper.cs - Importer: ScriptedImporter/UnityEditor.QuickSearchModule:UnityEditor.Search:ASIAI0B' with importer (ScriptedImporter : UnityEditor.QuickSearchModule:UnityEditor.Search:ASIAI0B)
Imported 'GUID: 6d16f2e78a356d34c9a32108929de932' -> (Import Result ID: '93bd2199f74db37b9bbd94172b2bfbb6') in 0.001 seconds [static and dynamic dependencies]. Details - ImportResultOutputID=fec5956578f25127386a0220e6ef0849 DependenciesID=2a4dc7e9940db6b945a975ef1435aee4 StaticDependenciesID=2770db619c5831844feeb9bcdc764e4b 
Number of updated asset objects reloaded before import = 0
Number of asset objects unloaded after import = 0
========================================================================
Received Import Request.
  Time of request: 2026-09-22T17:17:19.587723Z
  Time since last request: 0.0001954 seconds.
  importAddress: GUID: 8069e1fc631e461ababf11f19a9c0df3 - Path: Packages/com.unity.test-framework/UnityEditor.TestRunner/GUI/UITestRunnerFilter.cs - Importer: ScriptedImporter/UnityEditor.QuickSearchModule:UnityEditor.Search:ASIAI0B
Importing 'GUID: 8069e1fc631e461ababf11f19a9c0df3 - Path: Packages/com.unity.test-framework/UnityEditor.TestRunner/GUI/UITestRunnerFilter.cs - Importer: ScriptedImporter/UnityEditor.QuickSearchModule:UnityEditor.Search:ASIAI0B' with importer (ScriptedImporter : UnityEditor.QuickSearchModule:UnityEditor.Search:ASIAI0B)
Imported 'GUID: 8069e1fc631e461ababf11f19a9c0df3' -> (Import Result ID: '19133b38e57189674fe3b8b7e8f70668') in 0.001 seconds [static and dynamic dependencies]. Details - ImportResultOutputID=4acbc2e1e68f4d9d58cd30b409d26a57 DependenciesID=17d72125454bad84e16b640b82649270 StaticDependenciesID=b132c8a4e123e7e4f9873f5ef99add22 
Number of updated asset objects reloaded before import = 0
Number of asset objects unloaded after import = 0
========================================================================
Received Import Request.
  Time of request: 2026-09-22T17:17:19.5892732Z
  Time since last request: 0.0002457 seconds.
  importAddress: GUID: c9219e99d466b7741a057132d1994f35 - Path: Packages/com.unity.test-framework/UnityEditor.TestRunner/TestRunner/EditModeRunner.cs - Importer: ScriptedImporter/UnityEditor.QuickSearchModule:UnityEditor.Search:ASIAI0B
Importing 'GUID: c9219e99d466b7741a057132d1994f35 - Path: Packages/com.unity.test-framework/UnityEditor.TestRunner/TestRunner/EditModeRunner.cs - Importer: ScriptedImporter/UnityEditor.QuickSearchModule:UnityEditor.Search:ASIAI0B' with importer (ScriptedImporter : UnityEditor.QuickSearchModule:UnityEditor.Search:ASIAI0B)
Imported 'GUID: c9219e99d466b7741a057132d1994f35' -> (Import Result ID: '7f28970b4874082e2a80f55b42f64fb7') in 0.002 seconds [static and dynamic dependencies]. Details - ImportResultOutputID=527ee44544670c0c30ed7644cbf56573 DependenciesID=e224789e31240d31542187e822e9f06d StaticDependenciesID=346e0e45dfd618e301b6e42c366cfec3 
Number of updated asset objects reloaded before import = 0
Number of asset objects unloaded after import = 0
========================================================================
Received Import Request.
  Time of request: 2026-09-22T17:17:19.5911076Z
  Time since last request: 0.0002191 seconds.
  importAddress: GUID: 8a06b6fbaa6f4191aa47b7e31242f061 - Path: Packages/com.unity.test-framework/UnityEditor.TestRunner/Api/TestRunProgress.cs - Importer: ScriptedImporter/UnityEditor.QuickSearchModule:UnityEditor.Search:ASIAI0B
Importing 'GUID: 8a06b6fbaa6f4191aa47b7e31242f061 - Path: Packages/com.unity.test-framework/UnityEditor.TestRunner/Api/TestRunProgress.cs - Importer: ScriptedImporter/UnityEditor.QuickSearchModule:UnityEditor.Search:ASIAI0B' with importer (ScriptedImporter : UnityEditor.QuickSearchModule:UnityEditor.Search:ASIAI0B)
Imported 'GUID: 8a06b6fbaa6f4191aa47b7e31242f061' -> (Import Result ID: '9ca13f462481623918fe136eaed88e0b') in 0.001 seconds [static and dynamic dependencies]. Details - ImportResultOutputID=e19bb44a678f762944820c1f9ba847df DependenciesID=49950ff05e64d92f36c93b42c04faf22 StaticDependenciesID=216ba822a3288564a6d80cc58bfdb576 
Number of updated asset objects reloaded before import = 0
Number of asset objects unloaded after import = 0
========================================================================
Received Import Request.
  Time of request: 2026-09-22T17:17:19.5927333Z
  Time since last request: 0.0002603 seconds.
  importAddress: GUID: d0138170d24533e47b8e6c250c6d7fbc - Path: Packages/com.unity.test-framework/UnityEditor.TestRunner/GUI/GuiHelper.cs - Importer: ScriptedImporter/UnityEditor.QuickSearchModule:UnityEditor.Search:ASIAI0B
Importing 'GUID: d0138170d24533e47b8e6c250c6d7fbc - Path: Packages/com.unity.test-framework/UnityEditor.TestRunner/GUI/GuiHelper.cs - Importer: ScriptedImporter/UnityEditor.QuickSearchModule:UnityEditor.Search:ASIAI0B' with importer (ScriptedImporter : UnityEditor.QuickSearchModule:UnityEditor.Search:ASIAI0B)
Imported 'GUID: d0138170d24533e47b8e6c250c6d7fbc' -> (Import Result ID: 'd734cfac08991ba9222f97af4e700e18') in 0.001 seconds [static and dynamic dependencies]. Details - ImportResultOutputID=1d0c853fee6c9d7cc449ae57ef058a26 DependenciesID=904715b6469a2307189c6c01eae4fad2 StaticDependenciesID=c4aad321ee96d2652714c6a92fcde56c 
Number of updated asset objects reloaded before import = 0
Number of asset objects unloaded after import = 0
========================================================================
Received Import Request.
  Time of request: 2026-09-22T17:17:19.5941328Z
  Time since last request: 0.0002217 seconds.
  importAddress: GUID: ef563c5a6ecf64d4193dc144cb7d472a - Path: Packages/com.unity.test-framework/UnityEditor.TestRunner/CommandLineTest/ResultsSavingCallbacks.cs - Importer: ScriptedImporter/UnityEditor.QuickSearchModule:UnityEditor.Search:ASIAI0B
Importing 'GUID: ef563c5a6ecf64d4193dc144cb7d472a - Path: Packages/com.unity.test-framework/UnityEditor.TestRunner/CommandLineTest/ResultsSavingCallbacks.cs - Importer: ScriptedImporter/UnityEditor.QuickSearchModule:UnityEditor.Search:ASIAI0B' with importer (ScriptedImporter : UnityEditor.QuickSearchModule:UnityEditor.Search:ASIAI0B)
Imported 'GUID: ef563c5a6ecf64d4193dc144cb7d472a' -> (Import Result ID: 'dba833785017addb060716065280a4df') in 0.001 seconds [static and dynamic dependencies]. Details - ImportResultOutputID=69761f58be5d697d8c7732aca1d7b144 DependenciesID=de4ee4667add23982ea62ce114ecf481 StaticDependenciesID=da1b774daba185d0ef66cc308d53896f 
Number of updated asset objects reloaded before import = 0
Number of asset objects unloaded after import = 0
========================================================================
Received Import Request.
  Time of request: 2026-09-22T17:17:19.5954127Z
  Time since last request: 0.0001765 seconds.
  importAddress: GUID: a3529368f4cd0424a89aa51080a16b06 - Path: Packages/com.unity.test-framework/UnityEditor.TestRunner/CommandLineParser/CommandLineOption.cs - Importer: ScriptedImporter/UnityEditor.QuickSearchModule:UnityEditor.Search:ASIAI0B
Importing 'GUID: a3529368f4cd0424a89aa51080a16b06 - Path: Packages/com.unity.test-framework/UnityEditor.TestRunner/CommandLineParser/CommandLineOption.cs - Importer: ScriptedImporter/UnityEditor.QuickSearchModule:UnityEditor.Search:ASIAI0B' with importer (ScriptedImporter : UnityEditor.QuickSearchModule:UnityEditor.Search:ASIAI0B)
Imported 'GUID: a3529368f4cd0424a89aa51080a16b06' -> (Import Result ID: 'cfacf2674b0b0af6d1069c4d50a3108d') in 0.001 seconds [static and dynamic dependencies]. Details - ImportResultOutputID=b9e3579bc9b4cf4cd60c79fdaa0426e9 DependenciesID=59bb3aa9d32537bf8cd2129ba997b826 StaticDependenciesID=c82b75ad19da444e9d4849b2c3e2b796 
Number of updated asset objects reloaded before import = 0
Number of asset objects unloaded after import = 0
========================================================================
Received Import Request.
  Time of request: 2026-09-22T17:17:19.5965474Z
  Time since last request: 0.0002197 seconds.
  importAddress: GUID: 5a0dfda606a24736913c00edd76e55f6 - Path: Packages/com.unity.test-framework/UnityEditor.TestRunner/GUI/TestRunnerGUI.cs - Importer: ScriptedImporter/UnityEditor.QuickSearchModule:UnityEditor.Search:ASIAI0B
Importing 'GUID: 5a0dfda606a24736913c00edd76e55f6 - Path: Packages/com.unity.test-framework/UnityEditor.TestRunner/GUI/TestRunnerGUI.cs - Importer: ScriptedImporter/UnityEditor.QuickSearchModule:UnityEditor.Search:ASIAI0B' with importer (ScriptedImporter : UnityEditor.QuickSearchModule:UnityEditor.Search:ASIAI0B)
Imported 'GUID: 5a0dfda606a24736913c00edd76e55f6' -> (Import Result ID: 'd1cdaeaedb82f30b8ee2a99bb403c65d') in 0.001 seconds [static and dynamic dependencies]. Details - ImportResultOutputID=d71269a06ecddee080bf4ff1f672a983 DependenciesID=68517de6859c7a52501cb7d65a190e97 StaticDependenciesID=bc70309a1a9557307d7ccb61696d4ff2 
Number of updated asset objects reloaded before import = 0
Number of asset objects unloaded after import = 0
========================================================================
Received Import Request.
  Time of request: 2026-09-22T17:17:19.5980184Z
  Time since last request: 0.0002679 seconds.
  importAddress: GUID: a582090813554df479fb9ca03e9857d3 - Path: Packages/com.unity.test-framework/UnityEditor.TestRunner/TestLaunchers/EditModeLauncherContextSettings.cs - Importer: ScriptedImporter/UnityEditor.QuickSearchModule:UnityEditor.Search:ASIAI0B
Importing 'GUID: a582090813554df479fb9ca03e9857d3 - Path: Packages/com.unity.test-framework/UnityEditor.TestRunner/TestLaunchers/EditModeLauncherContextSettings.cs - Importer: ScriptedImporter/UnityEditor.QuickSearchModule:UnityEditor.Search:ASIAI0B' with importer (ScriptedImporter : UnityEditor.QuickSearchModule:UnityEditor.Search:ASIAI0B)
Imported 'GUID: a582090813554df479fb9ca03e9857d3' -> (Import Result ID: '43efc99131b0c30a83a7c22b5f627215') in 0.001 seconds [static and dynamic dependencies]. Details - ImportResultOutputID=e1879256a0e63ea5cfd305d6d8f2f594 DependenciesID=0ea633b41ac9a72560bf808911e8dacb StaticDependenciesID=3c475adf21912f6d0e95e3092bb0719a 
Number of updated asset objects reloaded before import = 0
Number of asset objects unloaded after import = 0
========================================================================
Received Import Request.
  Time of request: 2026-09-22T17:17:19.5993849Z
  Time since last request: 0.0002042 seconds.
  importAddress: GUID: 083c6a3a5426382449369ddc12b691d8 - Path: Packages/com.unity.test-framework/UnityEditor.TestRunner/CommandLineTest/Executer.cs - Importer: ScriptedImporter/UnityEditor.QuickSearchModule:UnityEditor.Search:ASIAI0B
Importing 'GUID: 083c6a3a5426382449369ddc12b691d8 - Path: Packages/com.unity.test-framework/UnityEditor.TestRunner/CommandLineTest/Executer.cs - Importer: ScriptedImporter/UnityEditor.QuickSearchModule:UnityEditor.Search:ASIAI0B' with importer (ScriptedImporter : UnityEditor.QuickSearchModule:UnityEditor.Search:ASIAI0B)
Imported 'GUID: 083c6a3a5426382449369ddc12b691d8' -> (Import Result ID: '3aeef72253588d71590f9338db2e90f1') in 0.001 seconds [static and dynamic dependencies]. Details - ImportResultOutputID=443a3d2716cbd3b3b70f724a070ece2b DependenciesID=7eb49d8748936c05a803c150986468fc StaticDependenciesID=d05281844b4357cf8d253fa4e221f22f 
Number of updated asset objects reloaded before import = 0
Number of asset objects unloaded after import = 0
========================================================================
Received Import Request.
  Time of request: 2026-09-22T17:17:19.6005293Z
  Time since last request: 0.0001793 seconds.
  importAddress: GUID: d3217d58bbd1d2b4aaee933e2e8b9195 - Path: Packages/com.unity.test-framework/UnityEditor.TestRunner/TestLaunchers/PlaymodeLauncher.cs - Importer: ScriptedImporter/UnityEditor.QuickSearchModule:UnityEditor.Search:ASIAI0B
Importing 'GUID: d3217d58bbd1d2b4aaee933e2e8b9195 - Path: Packages/com.unity.test-framework/UnityEditor.TestRunner/TestLaunchers/PlaymodeLauncher.cs - Importer: ScriptedImporter/UnityEditor.QuickSearchModule:UnityEditor.Search:ASIAI0B' with importer (ScriptedImporter : UnityEditor.QuickSearchModule:UnityEditor.Search:ASIAI0B)
Imported 'GUID: d3217d58bbd1d2b4aaee933e2e8b9195' -> (Import Result ID: 'd42540dd75ab6b81202decd21c11702a') in 0.001 seconds [static and dynamic dependencies]. Details - ImportResultOutputID=3983dca91b6259d7331a176abc82f032 DependenciesID=2f9513608f2259d014357efed404cae7 StaticDependenciesID=7ac4dea275d060b9a6af68f922bd4482 
Number of updated asset objects reloaded before import = 0
Number of asset objects unloaded after import = 0
========================================================================
Received Import Request.
  Time of request: 2026-09-22T17:17:19.601725Z
  Time since last request: 0.0001911 seconds.
  importAddress: GUID: 1cddf785b0d07434d8e0607c97b09135 - Path: Packages/com.unity.test-framework/UnityEditor.TestRunner/TestLaunchers/TestLauncherBase.cs - Importer: ScriptedImporter/UnityEditor.QuickSearchModule:UnityEditor.Search:ASIAI0B
Importing 'GUID: 1cddf785b0d07434d8e0607c97b09135 - Path: Packages/com.unity.test-framework/UnityEditor.TestRunner/TestLaunchers/TestLauncherBase.cs - Importer: ScriptedImporter/UnityEditor.QuickSearchModule:UnityEditor.Search:ASIAI0B' with importer (ScriptedImporter : UnityEditor.QuickSearchModule:UnityEditor.Search:ASIAI0B)
Imported 'GUID: 1cddf785b0d07434d8e0607c97b09135' -> (Import Result ID: '9d3c36cde378ba81617e558b4ee4e7f2') in 0.001 seconds [static and dynamic dependencies]. Details - ImportResultOutputID=2200a4391c3c670889e119aaa455872d DependenciesID=04848c609a9c8fdf1e838cd17ca318a3 StaticDependenciesID=b58f9560809b39118c2a9ffed61b114c 
Number of updated asset objects reloaded before import = 0
Number of asset objects unloaded after import = 0
========================================================================
Received Import Request.
  Time of request: 2026-09-22T17:17:19.603104Z
  Time since last request: 0.0002009 seconds.
  importAddress: GUID: 124533853216377448d786fd7c725701 - Path: Packages/com.unity.test-framework/UnityEditor.TestRunner/NUnitExtension/TestRunnerStateSerializer.cs - Importer: ScriptedImporter/UnityEditor.QuickSearchModule:UnityEditor.Search:ASIAI0B
Importing 'GUID: 124533853216377448d786fd7c725701 - Path: Packages/com.unity.test-framework/UnityEditor.TestRunner/NUnitExtension/TestRunnerStateSerializer.cs - Importer: ScriptedImporter/UnityEditor.QuickSearchModule:UnityEditor.Search:ASIAI0B' with importer (ScriptedImporter : UnityEditor.QuickSearchModule:UnityEditor.Search:ASIAI0B)
Imported 'GUID: 124533853216377448d786fd7c725701' -> (Import Result ID: '277f46c455e777524f7fe0c5af9769ad') in 0.001 seconds [static and dynamic dependencies]. Details - ImportResultOutputID=174aaa69aba390d6b96185544523e1e0 DependenciesID=e789c6fc60cbbecbf1de261697c9fdf8 StaticDependenciesID=42411b5f69b3d469d2ea48a2d22e45f4 
Number of updated asset objects reloaded before import = 0
Number of asset objects unloaded after import = 0
========================================================================
Received Import Request.
  Time of request: 2026-09-22T17:17:19.6044531Z
  Time since last request: 0.0001985 seconds.
  importAddress: GUID: 3297738ef11b478a8b7ee802953ae768 - Path: Packages/com.unity.test-framework/UnityEditor.TestRunner/CommandLineTest/IExecuter.cs - Importer: ScriptedImporter/UnityEditor.QuickSearchModule:UnityEditor.Search:ASIAI0B
Importing 'GUID: 3297738ef11b478a8b7ee802953ae768 - Path: Packages/com.unity.test-framework/UnityEditor.TestRunner/CommandLineTest/IExecuter.cs - Importer: ScriptedImporter/UnityEditor.QuickSearchModule:UnityEditor.Search:ASIAI0B' with importer (ScriptedImporter : UnityEditor.QuickSearchModule:UnityEditor.Search:ASIAI0B)
Imported 'GUID: 3297738ef11b478a8b7ee802953ae768' -> (Import Result ID: '05bfafa9e6880b0bb79ca964cf0592c3') in 0.001 seconds [static and dynamic dependencies]. Details - ImportResultOutputID=b1373a85bac6b5678b59329109fd1baf DependenciesID=5635850307e4ff7171f6dc17a59789a9 StaticDependenciesID=60739ca7899b5ea4f1f18d095c4f6cbb 
Number of updated asset objects reloaded before import = 0
Number of asset objects unloaded after import = 0
========================================================================
Received Import Request.
  Time of request: 2026-09-22T17:17:19.6056035Z
  Time since last request: 0.0001713 seconds.
  importAddress: GUID: 4230e406313f1db43a4b548e7a3ad2e2 - Path: Packages/com.unity.test-framework/UnityEditor.TestRunner/Api/ITestTreeRebuildCallbacks.cs - Importer: ScriptedImporter/UnityEditor.QuickSearchModule:UnityEditor.Search:ASIAI0B
Importing 'GUID: 4230e406313f1db43a4b548e7a3ad2e2 - Path: Packages/com.unity.test-framework/UnityEditor.TestRunner/Api/ITestTreeRebuildCallbacks.cs - Importer: ScriptedImporter/UnityEditor.QuickSearchModule:UnityEditor.Search:ASIAI0B' with importer (ScriptedImporter : UnityEditor.QuickSearchModule:UnityEditor.Search:ASIAI0B)
Imported 'GUID: 4230e406313f1db43a4b548e7a3ad2e2' -> (Import Result ID: '81ffac2474481a49f5fddc9413c72553') in 0.002 seconds [static and dynamic dependencies]. Details - ImportResultOutputID=8ad98fb5f1b4fe7159b0df792bc0b9ec DependenciesID=4e0f60d152038f709c515ad68b6d413c StaticDependenciesID=c3a32a4f991debf53fb383f0a1eda4d0 
Number of updated asset objects reloaded before import = 0
Number of asset objects unloaded after import = 0
========================================================================
Received Import Request.
  Time of request: 2026-09-22T17:17:19.6078514Z
  Time since last request: 0.0002518 seconds.
  importAddress: GUID: a7842a837a4b13e41ae16193db753418 - Path: Packages/com.unity.test-framework/UnityEditor.TestRunner/Api/ITestRunnerApi.cs - Importer: ScriptedImporter/UnityEditor.QuickSearchModule:UnityEditor.Search:ASIAI0B
Importing 'GUID: a7842a837a4b13e41ae16193db753418 - Path: Packages/com.unity.test-framework/UnityEditor.TestRunner/Api/ITestRunnerApi.cs - Importer: ScriptedImporter/UnityEditor.QuickSearchModule:UnityEditor.Search:ASIAI0B' with importer (ScriptedImporter : UnityEditor.QuickSearchModule:UnityEditor.Search:ASIAI0B)
Imported 'GUID: a7842a837a4b13e41ae16193db753418' -> (Import Result ID: '25561af343bdf6938ca10c43a86c850e') in 0.001 seconds [static and dynamic dependencies]. Details - ImportResultOutputID=0e3473660f93c6fecab0ad571c62f98a DependenciesID=9cc0a81460505949a3b4f4191bf5a675 StaticDependenciesID=431edeb2cdd646e3bace87b635c286b5 
Number of updated asset objects reloaded before import = 0
Number of asset objects unloaded after import = 0
========================================================================
Received Import Request.
  Time of request: 2026-09-22T17:17:19.6096563Z
  Time since last request: 0.0002828 seconds.
  importAddress: GUID: cad095eccea17b741bc4cd264e7441cd - Path: Packages/com.unity.test-framework/UnityEditor.TestRunner/Api/TestMode.cs - Importer: ScriptedImporter/UnityEditor.QuickSearchModule:UnityEditor.Search:ASIAI0B
Importing 'GUID: cad095eccea17b741bc4cd264e7441cd - Path: Packages/com.unity.test-framework/UnityEditor.TestRunner/Api/TestMode.cs - Importer: ScriptedImporter/UnityEditor.QuickSearchModule:UnityEditor.Search:ASIAI0B' with importer (ScriptedImporter : UnityEditor.QuickSearchModule:UnityEditor.Search:ASIAI0B)
Imported 'GUID: cad095eccea17b741bc4cd264e7441cd' -> (Import Result ID: 'd5dda04cced158ea08d105f1c18d06df') in 0.001 seconds [static and dynamic dependencies]. Details - ImportResultOutputID=1ccfbea760561545ef9f6b639531a9e7 DependenciesID=285aa7783309eb926835244520967194 StaticDependenciesID=c6d624315335bad22bd19f0e0b4d012f 
Number of updated asset objects reloaded before import = 0
Number of asset objects unloaded after import = 0
========================================================================
Received Import Request.
  Time of request: 2026-09-22T17:17:19.6113642Z
  Time since last request: 0.000223 seconds.
  importAddress: GUID: 4f90cfe4bf5cfb44f84a5b11387f2a42 - Path: Packages/com.unity.test-framework/UnityEditor.TestRunner/Api/ITestResultAdaptor.cs - Importer: ScriptedImporter/UnityEditor.QuickSearchModule:UnityEditor.Search:ASIAI0B
Importing 'GUID: 4f90cfe4bf5cfb44f84a5b11387f2a42 - Path: Packages/com.unity.test-framework/UnityEditor.TestRunner/Api/ITestResultAdaptor.cs - Importer: ScriptedImporter/UnityEditor.QuickSearchModule:UnityEditor.Search:ASIAI0B' with importer (ScriptedImporter : UnityEditor.QuickSearchModule:UnityEditor.Search:ASIAI0B)
Imported 'GUID: 4f90cfe4bf5cfb44f84a5b11387f2a42' -> (Import Result ID: '11685cddf2645560b351eae4c43ef335') in 0.001 seconds [static and dynamic dependencies]. Details - ImportResultOutputID=409a988b8f2a656477db82d284f8e486 DependenciesID=9d30fc8a2bf5f561ac6d55c68dc18c88 StaticDependenciesID=7615e1ccbcc4f4ebfa1fbb69444700eb 
Number of updated asset objects reloaded before import = 0
Number of asset objects unloaded after import = 0
========================================================================
Received Import Request.
  Time of request: 2026-09-22T17:17:19.6127802Z
  Time since last request: 0.0001819 seconds.
  importAddress: GUID: 4d616d1a494edd144b262cf6cd5e5fda - Path: Packages/com.unity.test-framework/UnityEditor.TestRunner/CommandLineTest/TestStarter.cs - Importer: ScriptedImporter/UnityEditor.QuickSearchModule:UnityEditor.Search:ASIAI0B
Importing 'GUID: 4d616d1a494edd144b262cf6cd5e5fda - Path: Packages/com.unity.test-framework/UnityEditor.TestRunner/CommandLineTest/TestStarter.cs - Importer: ScriptedImporter/UnityEditor.QuickSearchModule:UnityEditor.Search:ASIAI0B' with importer (ScriptedImporter : UnityEditor.QuickSearchModule:UnityEditor.Search:ASIAI0B)
Imported 'GUID: 4d616d1a494edd144b262cf6cd5e5fda' -> (Import Result ID: 'f1eb7c1988a0b78075e06a07c10164f5') in 0.001 seconds [static and dynamic dependencies]. Details - ImportResultOutputID=47ec2d2accafed9ef3b78ed0508f8518 DependenciesID=9328ec32c4b44888ba73c82d4e6e8273 StaticDependenciesID=fac7c0b1bb49194eaaec97ed7357de62 
Number of updated asset objects reloaded before import = 0
Number of asset objects unloaded after import = 0
========================================================================
Received Import Request.
  Time of request: 2026-09-22T17:17:19.614226Z
  Time since last request: 0.0002719 seconds.
  importAddress: GUID: a04a45bbed9e1714f9902fc9443669b9 - Path: Packages/com.unity.test-framework/UnityEditor.TestRunner/GUI/TestRunnerResult.cs - Importer: ScriptedImporter/UnityEditor.QuickSearchModule:UnityEditor.Search:ASIAI0B
Importing 'GUID: a04a45bbed9e1714f9902fc9443669b9 - Path: Packages/com.unity.test-framework/UnityEditor.TestRunner/GUI/TestRunnerResult.cs - Importer: ScriptedImporter/UnityEditor.QuickSearchModule:UnityEditor.Search:ASIAI0B' with importer (ScriptedImporter : UnityEditor.QuickSearchModule:UnityEditor.Search:ASIAI0B)
Imported 'GUID: a04a45bbed9e1714f9902fc9443669b9' -> (Import Result ID: '5279bbff311a12a2dda41c3ffdc5d0da') in 0.001 seconds [static and dynamic dependencies]. Details - ImportResultOutputID=91541e158518174fa1b1393d9debcecd DependenciesID=94d4d34e625075a90f6deeea659c85af StaticDependenciesID=ea80f2a239b09b2314958c27ca1dc9ab 
Number of updated asset objects reloaded before import = 0
Number of asset objects unloaded after import = 0
========================================================================
Received Import Request.
  Time of request: 2026-09-22T17:17:19.6159588Z
  Time since last request: 0.0002266 seconds.
  importAddress: GUID: 8173ba5b162e4e5882521d173c36acec - Path: Packages/com.unity.test-framework/UnityEditor.TestRunner/TestRun/ITestJobRunner.cs - Importer: ScriptedImporter/UnityEditor.QuickSearchModule:UnityEditor.Search:ASIAI0B
Importing 'GUID: 8173ba5b162e4e5882521d173c36acec - Path: Packages/com.unity.test-framework/UnityEditor.TestRunner/TestRun/ITestJobRunner.cs - Importer: ScriptedImporter/UnityEditor.QuickSearchModule:UnityEditor.Search:ASIAI0B' with importer (ScriptedImporter : UnityEditor.QuickSearchModule:UnityEditor.Search:ASIAI0B)
Imported 'GUID: 8173ba5b162e4e5882521d173c36acec' -> (Import Result ID: 'cdde2c3253604513c13746a302dae752') in 0.001 seconds [static and dynamic dependencies]. Details - ImportResultOutputID=f8c67ce7815b91d87cb84e8a3eb8c95c DependenciesID=24a3517b0ad61e1af58712f8d4e9c90c StaticDependenciesID=b90682fbc4914c23920fb6a4d6ecedd1 
Number of updated asset objects reloaded before import = 0
Number of asset objects unloaded after import = 0
========================================================================
Received Import Request.
  Time of request: 2026-09-22T17:17:19.6172372Z
  Time since last request: 0.0002233 seconds.
  importAddress: GUID: 3f8c1075884df0249b80e23a0598f9c1 - Path: Packages/com.unity.test-framework/UnityEditor.TestRunner/CommandLineTest/RunData.cs - Importer: ScriptedImporter/UnityEditor.QuickSearchModule:UnityEditor.Search:ASIAI0B
Importing 'GUID: 3f8c1075884df0249b80e23a0598f9c1 - Path: Packages/com.unity.test-framework/UnityEditor.TestRunner/CommandLineTest/RunData.cs - Importer: ScriptedImporter/UnityEditor.QuickSearchModule:UnityEditor.Search:ASIAI0B' with importer (ScriptedImporter : UnityEditor.QuickSearchModule:UnityEditor.Search:ASIAI0B)
Imported 'GUID: 3f8c1075884df0249b80e23a0598f9c1' -> (Import Result ID: 'f97cc2df05c82d9f5f7023105809ef46') in 0.002 seconds [static and dynamic dependencies]. Details - ImportResultOutputID=681874d88be57fe4bc6546d51f142f36 DependenciesID=f68cd41e6d1e9313dc26eec4181b7eb7 StaticDependenciesID=0f83f18ceea8e36fe309d07a3a1dc3d3 
Number of updated asset objects reloaded before import = 0
Number of asset objects unloaded after import = 0
========================================================================
Received Import Request.
  Time of request: 2026-09-22T17:17:19.6192526Z
  Time since last request: 0.0002288 seconds.
  importAddress: GUID: 63572993f2104574099a48392460b211 - Path: Packages/com.unity.test-framework/UnityEditor.TestRunner/CommandLineTest/SetupException.cs - Importer: ScriptedImporter/UnityEditor.QuickSearchModule:UnityEditor.Search:ASIAI0B
Importing 'GUID: 63572993f2104574099a48392460b211 - Path: Packages/com.unity.test-framework/UnityEditor.TestRunner/CommandLineTest/SetupException.cs - Importer: ScriptedImporter/UnityEditor.QuickSearchModule:UnityEditor.Search:ASIAI0B' with importer (ScriptedImporter : UnityEditor.QuickSearchModule:UnityEditor.Search:ASIAI0B)
Imported 'GUID: 63572993f2104574099a48392460b211' -> (Import Result ID: 'b776d65efec87377306e760348369452') in 0.001 seconds [static and dynamic dependencies]. Details - ImportResultOutputID=4af3024c2ddf53d0a0a2a39a066231ce DependenciesID=0a8927a80ff13231507923024be53a21 StaticDependenciesID=e2e3fb98f9af3000375b4c9714810ff7 
Number of updated asset objects reloaded before import = 0
Number of asset objects unloaded after import = 0
========================================================================
Received Import Request.
  Time of request: 2026-09-22T17:17:19.6208736Z
  Time since last request: 0.0001871 seconds.
  importAddress: GUID: 6e0e62db88935c74288c97c907243bd0 - Path: Packages/com.unity.test-framework/UnityEditor.TestRunner/Api/TestAdaptor.cs - Importer: ScriptedImporter/UnityEditor.QuickSearchModule:UnityEditor.Search:ASIAI0B
Importing 'GUID: 6e0e62db88935c74288c97c907243bd0 - Path: Packages/com.unity.test-framework/UnityEditor.TestRunner/Api/TestAdaptor.cs - Importer: ScriptedImporter/UnityEditor.QuickSearchModule:UnityEditor.Search:ASIAI0B' with importer (ScriptedImporter : UnityEditor.QuickSearchModule:UnityEditor.Search:ASIAI0B)
Imported 'GUID: 6e0e62db88935c74288c97c907243bd0' -> (Import Result ID: '57b9f03d54754590be1c793fe0a4a0a9') in 0.001 seconds [static and dynamic dependencies]. Details - ImportResultOutputID=8badc3039ec8e6e15577e26f349f8e99 DependenciesID=1b4be7890dc6815537bb4f1d28273775 StaticDependenciesID=253812df16c96a48e653d330e21dc382 
Number of updated asset objects reloaded before import = 0
Number of asset objects unloaded after import = 0
========================================================================
Received Import Request.
  Time of request: 2026-09-22T17:17:19.6222252Z
  Time since last request: 0.0002459 seconds.
  importAddress: GUID: 43db38ca7188900429bf8be95ebbe197 - Path: Packages/com.unity.test-framework/UnityEditor.TestRunner/CommandLineTest/RunStateCallbacks.cs - Importer: ScriptedImporter/UnityEditor.QuickSearchModule:UnityEditor.Search:ASIAI0B
Importing 'GUID: 43db38ca7188900429bf8be95ebbe197 - Path: Packages/com.unity.test-framework/UnityEditor.TestRunner/CommandLineTest/RunStateCallbacks.cs - Importer: ScriptedImporter/UnityEditor.QuickSearchModule:UnityEditor.Search:ASIAI0B' with importer (ScriptedImporter : UnityEditor.QuickSearchModule:UnityEditor.Search:ASIAI0B)
Imported 'GUID: 43db38ca7188900429bf8be95ebbe197' -> (Import Result ID: '3a0cac69e70785483f9f2e8e551deea3') in 0.001 seconds [static and dynamic dependencies]. Details - ImportResultOutputID=6b340e1cb865414c32b75b88ce3d7d30 DependenciesID=1692c61ef7d645711a00b0f596679f97 StaticDependenciesID=6b0307aabf28261cbfb70b87420b6753 
Number of updated asset objects reloaded before import = 0
Number of asset objects unloaded after import = 0
========================================================================
Received Import Request.
  Time of request: 2026-09-22T17:17:19.6239918Z
  Time since last request: 0.0003508 seconds.
  importAddress: GUID: 7d0a7ea6062a4f42bcea6cb642817537 - Path: Packages/com.unity.test-framework/UnityEditor.TestRunner/TestRun/ITestJobDataHolder.cs - Importer: ScriptedImporter/UnityEditor.QuickSearchModule:UnityEditor.Search:ASIAI0B
Importing 'GUID: 7d0a7ea6062a4f42bcea6cb642817537 - Path: Packages/com.unity.test-framework/UnityEditor.TestRunner/TestRun/ITestJobDataHolder.cs - Importer: ScriptedImporter/UnityEditor.QuickSearchModule:UnityEditor.Search:ASIAI0B' with importer (ScriptedImporter : UnityEditor.QuickSearchModule:UnityEditor.Search:ASIAI0B)
Imported 'GUID: 7d0a7ea6062a4f42bcea6cb642817537' -> (Import Result ID: 'dcc4746f7d31c3a11d96b221ae526ad1') in 0.001 seconds [static and dynamic dependencies]. Details - ImportResultOutputID=432517251a8791a5c7fd5bcd088d9c8d DependenciesID=2b6eba3a6ebba2b362f8732de5b7654e StaticDependenciesID=f17848506f2261f8ca834fc0d870aa63 
Number of updated asset objects reloaded before import = 0
Number of asset objects unloaded after import = 0
========================================================================
Received Import Request.
  Time of request: 2026-09-22T17:17:19.6254865Z
  Time since last request: 0.0002034 seconds.
  importAddress: GUID: 901b761c5c1e22d4e8a3ba7d95bc1f5d - Path: Packages/com.unity.test-framework/UnityEditor.TestRunner/TestRunner/EnumeratorStepHelper.cs - Importer: ScriptedImporter/UnityEditor.QuickSearchModule:UnityEditor.Search:ASIAI0B
Importing 'GUID: 901b761c5c1e22d4e8a3ba7d95bc1f5d - Path: Packages/com.unity.test-framework/UnityEditor.TestRunner/TestRunner/EnumeratorStepHelper.cs - Importer: ScriptedImporter/UnityEditor.QuickSearchModule:UnityEditor.Search:ASIAI0B' with importer (ScriptedImporter : UnityEditor.QuickSearchModule:UnityEditor.Search:ASIAI0B)
Imported 'GUID: 901b761c5c1e22d4e8a3ba7d95bc1f5d' -> (Import Result ID: 'edf1b41df8ea0a8d26b6d0116f425779') in 0.001 seconds [static and dynamic dependencies]. Details - ImportResultOutputID=0f8108ecd2538624ebd1875779ca93e1 DependenciesID=b0e5a7037c4cdf3a66e8148473cdf52e StaticDependenciesID=4c1d6a373c4d3471c3fdbdf1288a0f49 
Number of updated asset objects reloaded before import = 0
Number of asset objects unloaded after import = 0
========================================================================
Received Import Request.
  Time of request: 2026-09-22T17:17:19.6266142Z
  Time since last request: 0.0001563 seconds.
  importAddress: GUID: 59d3f5586b341a74c84c8f72144a4568 - Path: Packages/com.unity.test-framework/UnityEditor.TestRunner/CommandLineTest/RunSettings.cs - Importer: ScriptedImporter/UnityEditor.QuickSearchModule:UnityEditor.Search:ASIAI0B
Importing 'GUID: 59d3f5586b341a74c84c8f72144a4568 - Path: Packages/com.unity.test-framework/UnityEditor.TestRunner/CommandLineTest/RunSettings.cs - Importer: ScriptedImporter/UnityEditor.QuickSearchModule:UnityEditor.Search:ASIAI0B' with importer (ScriptedImporter : UnityEditor.QuickSearchModule:UnityEditor.Search:ASIAI0B)
Imported 'GUID: 59d3f5586b341a74c84c8f72144a4568' -> (Import Result ID: 'a444f726306f33767f74e9c4cac2a79d') in 0.001 seconds [static and dynamic dependencies]. Details - ImportResultOutputID=10d2986dac36af0fd7b87ce637ca916c DependenciesID=e26afc5ae67e448f5a5f92f96a56c921 StaticDependenciesID=b336cde5e829eb062f4a257f2cc97eaa 
Number of updated asset objects reloaded before import = 0
Number of asset objects unloaded after import = 0
========================================================================
Received Import Request.
  Time of request: 2026-09-22T17:17:19.627783Z
  Time since last request: 0.0002124 seconds.
  importAddress: GUID: 612b00d793cac3c49808ab3ee5428f16 - Path: Packages/com.unity.test-framework/UnityEditor.TestRunner/TestRun/TestJobDataHolder.cs - Importer: ScriptedImporter/UnityEditor.QuickSearchModule:UnityEditor.Search:ASIAI0B
Importing 'GUID: 612b00d793cac3c49808ab3ee5428f16 - Path: Packages/com.unity.test-framework/UnityEditor.TestRunner/TestRun/TestJobDataHolder.cs - Importer: ScriptedImporter/UnityEditor.QuickSearchModule:UnityEditor.Search:ASIAI0B' with importer (ScriptedImporter : UnityEditor.QuickSearchModule:UnityEditor.Search:ASIAI0B)
Imported 'GUID: 612b00d793cac3c49808ab3ee5428f16' -> (Import Result ID: 'b7005992d943bbf135a2d90da2f00bf9') in 0.001 seconds [static and dynamic dependencies]. Details - ImportResultOutputID=f40478d46cc5ecf5a3f0ba1e568747d5 DependenciesID=b5e3b4ef638dc4287bc163258b7f1697 StaticDependenciesID=e8cd520ddf92de4243c0851031bb837e 
Number of updated asset objects reloaded before import = 0
Number of asset objects unloaded after import = 0
========================================================================
Received Import Request.
  Time of request: 2026-09-22T17:17:19.6292118Z
  Time since last request: 0.0002361 seconds.
  importAddress: GUID: 139c5eac101a4dc4fb3098e30c29f15e - Path: Packages/com.unity.test-framework/UnityEditor.TestRunner/CommandLineParser/CommandLineOptionSet.cs - Importer: ScriptedImporter/UnityEditor.QuickSearchModule:UnityEditor.Search:ASIAI0B
Importing 'GUID: 139c5eac101a4dc4fb3098e30c29f15e - Path: Packages/com.unity.test-framework/UnityEditor.TestRunner/CommandLineParser/CommandLineOptionSet.cs - Importer: ScriptedImporter/UnityEditor.QuickSearchModule:UnityEditor.Search:ASIAI0B' with importer (ScriptedImporter : UnityEditor.QuickSearchModule:UnityEditor.Search:ASIAI0B)
Imported 'GUID: 139c5eac101a4dc4fb3098e30c29f15e' -> (Import Result ID: '64c4799937e204453a36e75a12376cbf') in 0.001 seconds [static and dynamic dependencies]. Details - ImportResultOutputID=d5179bd19b3400f2ec1c686e0699605e DependenciesID=22c550d48b86d3ebeb2d36775e5bea25 StaticDependenciesID=0f6c590342527609b347bf15d43341bc 
Number of updated asset objects reloaded before import = 0
Number of asset objects unloaded after import = 0
========================================================================
Received Import Request.
  Time of request: 2026-09-22T17:17:19.6304063Z
  Time since last request: 0.0001878 seconds.
  importAddress: GUID: d208a1684f8aa6a40ad91d6aa9600c14 - Path: Packages/com.unity.test-framework/UnityEditor.TestRunner/TestSettings/ITestSettingsDeserializer.cs - Importer: ScriptedImporter/UnityEditor.QuickSearchModule:UnityEditor.Search:ASIAI0B
Importing 'GUID: d208a1684f8aa6a40ad91d6aa9600c14 - Path: Packages/com.unity.test-framework/UnityEditor.TestRunner/TestSettings/ITestSettingsDeserializer.cs - Importer: ScriptedImporter/UnityEditor.QuickSearchModule:UnityEditor.Search:ASIAI0B' with importer (ScriptedImporter : UnityEditor.QuickSearchModule:UnityEditor.Search:ASIAI0B)
Imported 'GUID: d208a1684f8aa6a40ad91d6aa9600c14' -> (Import Result ID: 'a5ca80021ddb2ac064247fe273b05a3d') in 0.001 seconds [static and dynamic dependencies]. Details - ImportResultOutputID=68f32e9c59ef139db25b66588b63dd50 DependenciesID=891e572d6a2bbdf6766b4958fe299ead StaticDependenciesID=ce55dee587119e94f4438c4bfb33550e 
Number of updated asset objects reloaded before import = 0
Number of asset objects unloaded after import = 0
========================================================================
Received Import Request.
  Time of request: 2026-09-22T17:17:19.6334447Z
  Time since last request: 0.0019148 seconds.
  importAddress: GUID: 621fd19bcb071b64aa1d68f0271aa780 - Path: Packages/com.unity.test-framework/UnityEngine.TestRunner/Utils/PostBuildCleanupAttribute.cs - Importer: ScriptedImporter/UnityEditor.QuickSearchModule:UnityEditor.Search:ASIAI0B
Importing 'GUID: 621fd19bcb071b64aa1d68f0271aa780 - Path: Packages/com.unity.test-framework/UnityEngine.TestRunner/Utils/PostBuildCleanupAttribute.cs - Importer: ScriptedImporter/UnityEditor.QuickSearchModule:UnityEditor.Search:ASIAI0B' with importer (ScriptedImporter : UnityEditor.QuickSearchModule:UnityEditor.Search:ASIAI0B)
Imported 'GUID: 621fd19bcb071b64aa1d68f0271aa780' -> (Import Result ID: '2a085937375cc5071b9aeb20c72ff0fb') in 0.001 seconds [static and dynamic dependencies]. Details - ImportResultOutputID=da582501805e7e7c57032b20eb126215 DependenciesID=0e3cb69b848e2a9ebaf52d28b31a85c0 StaticDependenciesID=78bdeb71f8e7652a404ea4105cf91059 
Number of updated asset objects reloaded before import = 0
Number of asset objects unloaded after import = 0
========================================================================
Received Import Request.
  Time of request: 2026-09-22T17:17:19.6350581Z
  Time since last request: 0.0002759 seconds.
  importAddress: GUID: 68a48d1900320ed458e118415857faf6 - Path: Packages/com.unity.test-framework/UnityEngine.TestRunner/Assertions/ConstraintsExtensions.cs - Importer: ScriptedImporter/UnityEditor.QuickSearchModule:UnityEditor.Search:ASIAI0B
Importing 'GUID: 68a48d1900320ed458e118415857faf6 - Path: Packages/com.unity.test-framework/UnityEngine.TestRunner/Assertions/ConstraintsExtensions.cs - Importer: ScriptedImporter/UnityEditor.QuickSearchModule:UnityEditor.Search:ASIAI0B' with importer (ScriptedImporter : UnityEditor.QuickSearchModule:UnityEditor.Search:ASIAI0B)
Imported 'GUID: 68a48d1900320ed458e118415857faf6' -> (Import Result ID: '80564f785cf737b5f8987c5e893111b6') in 0.001 seconds [static and dynamic dependencies]. Details - ImportResultOutputID=4779e77a48ec2365e10ef9466aa5f50a DependenciesID=4ee296113406d500da64cd3a1187f81e StaticDependenciesID=726b293ea8fabd12a299c71f2a7c94be 
Number of updated asset objects reloaded before import = 0
Number of asset objects unloaded after import = 0
========================================================================
Received Import Request.
  Time of request: 2026-09-22T17:17:19.6366671Z
  Time since last request: 0.0002303 seconds.
  importAddress: GUID: 6a3af79041a1431ab3a2a9395a7ed2ae - Path: Packages/com.unity.test-framework/UnityEngine.TestRunner/NUnitExtensions/OrderedTestSuiteModifier.cs - Importer: ScriptedImporter/UnityEditor.QuickSearchModule:UnityEditor.Search:ASIAI0B
Importing 'GUID: 6a3af79041a1431ab3a2a9395a7ed2ae - Path: Packages/com.unity.test-framework/UnityEngine.TestRunner/NUnitExtensions/OrderedTestSuiteModifier.cs - Importer: ScriptedImporter/UnityEditor.QuickSearchModule:UnityEditor.Search:ASIAI0B' with importer (ScriptedImporter : UnityEditor.QuickSearchModule:UnityEditor.Search:ASIAI0B)
Imported 'GUID: 6a3af79041a1431ab3a2a9395a7ed2ae' -> (Import Result ID: '7ec1e5392d3d950c2219402a8e6d7c0d') in 0.001 seconds [static and dynamic dependencies]. Details - ImportResultOutputID=8aed9ca6b468ce69760dc4c15ebbb821 DependenciesID=740cd54c87b6594805a7cbbf3f131f79 StaticDependenciesID=50c93c9eb172938a2f02662e69adac9c 
Number of updated asset objects reloaded before import = 0
Number of asset objects unloaded after import = 0
========================================================================
Received Import Request.
  Time of request: 2026-09-22T17:17:19.6378443Z
  Time since last request: 0.0001677 seconds.
  importAddress: GUID: d0abdd8cb6b29a24c8ee19626ef741b9 - Path: Packages/com.unity.test-framework/UnityEditor.TestRunner/UnityTestProtocol/UtpDebuglogger.cs - Importer: ScriptedImporter/UnityEditor.QuickSearchModule:UnityEditor.Search:ASIAI0B
Importing 'GUID: d0abdd8cb6b29a24c8ee19626ef741b9 - Path: Packages/com.unity.test-framework/UnityEditor.TestRunner/UnityTestProtocol/UtpDebuglogger.cs - Importer: ScriptedImporter/UnityEditor.QuickSearchModule:UnityEditor.Search:ASIAI0B' with importer (ScriptedImporter : UnityEditor.QuickSearchModule:UnityEditor.Search:ASIAI0B)
Imported 'GUID: d0abdd8cb6b29a24c8ee19626ef741b9' -> (Import Result ID: '522ae7544a1a549842d31c4e5dedb1fe') in 0.001 seconds [static and dynamic dependencies]. Details - ImportResultOutputID=1e598065371c3e038cdb154d66da6944 DependenciesID=745f7b565ab0b9a986f49aa2151f1f72 StaticDependenciesID=5b535b7614bc63c1ebf69758cbff83a9 
Number of updated asset objects reloaded before import = 0
Number of asset objects unloaded after import = 0
========================================================================
Received Import Request.
  Time of request: 2026-09-22T17:17:19.6391174Z
  Time since last request: 0.0001844 seconds.
  importAddress: GUID: 2fcdb9402e0a4427bd5bd01f71ecf6d5 - Path: Packages/com.unity.test-framework/UnityEngine.TestRunner/Assertions/OutOfOrderExpectedLogMessageException.cs - Importer: ScriptedImporter/UnityEditor.QuickSearchModule:UnityEditor.Search:ASIAI0B
Importing 'GUID: 2fcdb9402e0a4427bd5bd01f71ecf6d5 - Path: Packages/com.unity.test-framework/UnityEngine.TestRunner/Assertions/OutOfOrderExpectedLogMessageException.cs - Importer: ScriptedImporter/UnityEditor.QuickSearchModule:UnityEditor.Search:ASIAI0B' with importer (ScriptedImporter : UnityEditor.QuickSearchModule:UnityEditor.Search:ASIAI0B)
Imported 'GUID: 2fcdb9402e0a4427bd5bd01f71ecf6d5' -> (Import Result ID: 'f3859d4f8dd7f892882d116066dca403') in 0.001 seconds [static and dynamic dependencies]. Details - ImportResultOutputID=bb9f5dbf4a4c65792b980d81d6e664f7 DependenciesID=bf7b9af7bdb364f658a9b8e121facd63 StaticDependenciesID=bf38950772d798f485d83e7a8634144a 
Number of updated asset objects reloaded before import = 0
Number of asset objects unloaded after import = 0
========================================================================
Received Import Request.
  Time of request: 2026-09-22T17:17:19.6404617Z
  Time since last request: 0.000175 seconds.
  importAddress: GUID: b9aec9d3b0a86466ab4647d01e8fc87d - Path: Packages/com.unity.test-framework/UnityEngine.TestRunner/TestRunner/SynchronousFilter.cs - Importer: ScriptedImporter/UnityEditor.QuickSearchModule:UnityEditor.Search:ASIAI0B
Importing 'GUID: b9aec9d3b0a86466ab4647d01e8fc87d - Path: Packages/com.unity.test-framework/UnityEngine.TestRunner/TestRunner/SynchronousFilter.cs - Importer: ScriptedImporter/UnityEditor.QuickSearchModule:UnityEditor.Search:ASIAI0B' with importer (ScriptedImporter : UnityEditor.QuickSearchModule:UnityEditor.Search:ASIAI0B)
Imported 'GUID: b9aec9d3b0a86466ab4647d01e8fc87d' -> (Import Result ID: '6bfc5d5f0404a155cfbb522fb3284b96') in 0.001 seconds [static and dynamic dependencies]. Details - ImportResultOutputID=febc6cea75f02e246ff17375b33b6f02 DependenciesID=500470f3827ecbae47316ea93d9641a3 StaticDependenciesID=59bab1847b440b73d006c027dfb66af6 
Number of updated asset objects reloaded before import = 0
Number of asset objects unloaded after import = 0
========================================================================
Received Import Request.
  Time of request: 2026-09-22T17:17:19.6417548Z
  Time since last request: 0.0001584 seconds.
  importAddress: GUID: 1dd36da2e4e5540d5b2e44fc928a9d50 - Path: Packages/com.unity.test-framework/UnityEngine.TestRunner/Utils/IPostbuildCleanupWithTestData.cs - Importer: ScriptedImporter/UnityEditor.QuickSearchModule:UnityEditor.Search:ASIAI0B
Importing 'GUID: 1dd36da2e4e5540d5b2e44fc928a9d50 - Path: Packages/com.unity.test-framework/UnityEngine.TestRunner/Utils/IPostbuildCleanupWithTestData.cs - Importer: ScriptedImporter/UnityEditor.QuickSearchModule:UnityEditor.Search:ASIAI0B' with importer (ScriptedImporter : UnityEditor.QuickSearchModule:UnityEditor.Search:ASIAI0B)
Imported 'GUID: 1dd36da2e4e5540d5b2e44fc928a9d50' -> (Import Result ID: 'ae19e34a36718940479d293bf9d3a0db') in 0.002 seconds [static and dynamic dependencies]. Details - ImportResultOutputID=348db06aace70821f24fd2af70259ee6 DependenciesID=bdcd4e5993668dd0991e7f196f176e11 StaticDependenciesID=4c113b1a78da5eeec1a57b56d50c51bb 
Number of updated asset objects reloaded before import = 0
Number of asset objects unloaded after import = 0
========================================================================
Received Import Request.
  Time of request: 2026-09-22T17:17:19.6439115Z
  Time since last request: 0.000282 seconds.
  importAddress: GUID: 4c006cc4132f4e2d8b3e7208af3e208c - Path: Packages/com.unity.test-framework/UnityEngine.TestRunner/NUnitExtensions/ITestSuiteModifier.cs - Importer: ScriptedImporter/UnityEditor.QuickSearchModule:UnityEditor.Search:ASIAI0B
Importing 'GUID: 4c006cc4132f4e2d8b3e7208af3e208c - Path: Packages/com.unity.test-framework/UnityEngine.TestRunner/NUnitExtensions/ITestSuiteModifier.cs - Importer: ScriptedImporter/UnityEditor.QuickSearchModule:UnityEditor.Search:ASIAI0B' with importer (ScriptedImporter : UnityEditor.QuickSearchModule:UnityEditor.Search:ASIAI0B)
Imported 'GUID: 4c006cc4132f4e2d8b3e7208af3e208c' -> (Import Result ID: '615c9e31b29bf4be9b5a6954f81fc1fe') in 0.001 seconds [static and dynamic dependencies]. Details - ImportResultOutputID=f6dc80c6afe737b83694085e2928b980 DependenciesID=073f6908e162d6fb34f6b69186513778 StaticDependenciesID=ba026b1739e23c854d8f2468d9048d02 
Number of updated asset objects reloaded before import = 0
Number of asset objects unloaded after import = 0
========================================================================
Received Import Request.
  Time of request: 2026-09-22T17:17:19.6455864Z
  Time since last request: 0.0002175 seconds.
  importAddress: GUID: d1b534518943030499685344fd1d476d - Path: Packages/com.unity.test-framework/UnityEngine.TestRunner/TestRunner/ITestRunnerListener.cs - Importer: ScriptedImporter/UnityEditor.QuickSearchModule:UnityEditor.Search:ASIAI0B
Importing 'GUID: d1b534518943030499685344fd1d476d - Path: Packages/com.unity.test-framework/UnityEngine.TestRunner/TestRunner/ITestRunnerListener.cs - Importer: ScriptedImporter/UnityEditor.QuickSearchModule:UnityEditor.Search:ASIAI0B' with importer (ScriptedImporter : UnityEditor.QuickSearchModule:UnityEditor.Search:ASIAI0B)
Imported 'GUID: d1b534518943030499685344fd1d476d' -> (Import Result ID: 'c5b6a779a1b6491f27e89a78264f772a') in 0.001 seconds [static and dynamic dependencies]. Details - ImportResultOutputID=45cf22c860ba3a0a566f16bcb37def08 DependenciesID=e78db9582ba145c9e4ac86fcfeb62a45 StaticDependenciesID=28032253b9303cf72c5b005a82f14348 
Number of updated asset objects reloaded before import = 0
Number of asset objects unloaded after import = 0
========================================================================
Received Import Request.
  Time of request: 2026-09-22T17:17:19.6469219Z
  Time since last request: 0.000218 seconds.
  importAddress: GUID: 1c15a1275ff24d1092facf3f75065ab6 - Path: Packages/com.unity.test-framework/UnityEngine.TestRunner/UnityTestProtocol/MessageForRetryRepeat.cs - Importer: ScriptedImporter/UnityEditor.QuickSearchModule:UnityEditor.Search:ASIAI0B
Importing 'GUID: 1c15a1275ff24d1092facf3f75065ab6 - Path: Packages/com.unity.test-framework/UnityEngine.TestRunner/UnityTestProtocol/MessageForRetryRepeat.cs - Importer: ScriptedImporter/UnityEditor.QuickSearchModule:UnityEditor.Search:ASIAI0B' with importer (ScriptedImporter : UnityEditor.QuickSearchModule:UnityEditor.Search:ASIAI0B)
Imported 'GUID: 1c15a1275ff24d1092facf3f75065ab6' -> (Import Result ID: 'aed7b63d62224ae001404e5cf05f537d') in 0.001 seconds [static and dynamic dependencies]. Details - ImportResultOutputID=c9f3c25f1220db9c9f0b5a0027f98f4c DependenciesID=30864abd6e9d874e782a762c25354801 StaticDependenciesID=f7dc7593bdb1eea1488ec03d60c13cff 
Number of updated asset objects reloaded before import = 0
Number of asset objects unloaded after import = 0
========================================================================
Received Import Request.
  Time of request: 2026-09-22T17:17:19.6483857Z
  Time since last request: 0.000242 seconds.
  importAddress: GUID: d09858396dd7adb4bbdb22ea0c8c3a37 - Path: Packages/com.unity.test-framework/UnityEngine.TestRunner/Assertions/AllocatingGCMemoryConstraint.cs - Importer: ScriptedImporter/UnityEditor.QuickSearchModule:UnityEditor.Search:ASIAI0B
Importing 'GUID: d09858396dd7adb4bbdb22ea0c8c3a37 - Path: Packages/com.unity.test-framework/UnityEngine.TestRunner/Assertions/AllocatingGCMemoryConstraint.cs - Importer: ScriptedImporter/UnityEditor.QuickSearchModule:UnityEditor.Search:ASIAI0B' with importer (ScriptedImporter : UnityEditor.QuickSearchModule:UnityEditor.Search:ASIAI0B)
Imported 'GUID: d09858396dd7adb4bbdb22ea0c8c3a37' -> (Import Result ID: 'f93d2dc8024a87696889813594ae4f7f') in 0.001 seconds [static and dynamic dependencies]. Details - ImportResultOutputID=80fcc5f3cf23308d593db434522b25a5 DependenciesID=77ba7fbd120c2ac76f6110c555d78302 StaticDependenciesID=ca87ca8195b421d19ee66942ab24bf48 
Number of updated asset objects reloaded before import = 0
Number of asset objects unloaded after import = 0
========================================================================
Received Import Request.
  Time of request: 2026-09-22T17:17:19.6499771Z
  Time since last request: 0.000204 seconds.
  importAddress: GUID: acc16f0c684508f44813662a300c574b - Path: Packages/com.unity.test-framework/UnityEngine.TestRunner/Utils/IPrebuildSetup.cs - Importer: ScriptedImporter/UnityEditor.QuickSearchModule:UnityEditor.Search:ASIAI0B
Importing 'GUID: acc16f0c684508f44813662a300c574b - Path: Packages/com.unity.test-framework/UnityEngine.TestRunner/Utils/IPrebuildSetup.cs - Importer: ScriptedImporter/UnityEditor.QuickSearchModule:UnityEditor.Search:ASIAI0B' with importer (ScriptedImporter : UnityEditor.QuickSearchModule:UnityEditor.Search:ASIAI0B)
Imported 'GUID: acc16f0c684508f44813662a300c574b' -> (Import Result ID: '36e462ca3a6ff7f33c4e5f6fce07a373') in 0.001 seconds [static and dynamic dependencies]. Details - ImportResultOutputID=bd85acc49ab6c4c8688d552cb6aea0f3 DependenciesID=18d0cf84fb249a4bce864448c46e8239 StaticDependenciesID=fdabb9252a60e7bfdda358e887294b63 
Number of updated asset objects reloaded before import = 0
Number of asset objects unloaded after import = 0
========================================================================
Received Import Request.
  Time of request: 2026-09-22T17:17:19.6514502Z
  Time since last request: 0.0002326 seconds.
  importAddress: GUID: 78776d25d6504b16a629856dba391764 - Path: Packages/com.unity.test-framework/UnityEditor.TestRunner/UnityTestProtocol/DeterministicGuid.cs - Importer: ScriptedImporter/UnityEditor.QuickSearchModule:UnityEditor.Search:ASIAI0B
Importing 'GUID: 78776d25d6504b16a629856dba391764 - Path: Packages/com.unity.test-framework/UnityEditor.TestRunner/UnityTestProtocol/DeterministicGuid.cs - Importer: ScriptedImporter/UnityEditor.QuickSearchModule:UnityEditor.Search:ASIAI0B' with importer (ScriptedImporter : UnityEditor.QuickSearchModule:UnityEditor.Search:ASIAI0B)
Imported 'GUID: 78776d25d6504b16a629856dba391764' -> (Import Result ID: '654ea66b81f704f01393e2a299983010') in 0.001 seconds [static and dynamic dependencies]. Details - ImportResultOutputID=20b73fe45e07c80b07d992c89629b63e DependenciesID=76ff575e36af7ef8fb37aa075c9bd92b StaticDependenciesID=e0c131ed3666daf60610986f2343ed27 
Number of updated asset objects reloaded before import = 0
Number of asset objects unloaded after import = 0
========================================================================
Received Import Request.
  Time of request: 2026-09-22T17:17:19.653119Z
  Time since last request: 0.0002067 seconds.
  importAddress: GUID: 8bc74398aa3944646ade4ee78cd57484 - Path: Packages/com.unity.test-framework/UnityEngine.TestRunner/NUnitExtensions/TestExtensions.cs - Importer: ScriptedImporter/UnityEditor.QuickSearchModule:UnityEditor.Search:ASIAI0B
Importing 'GUID: 8bc74398aa3944646ade4ee78cd57484 - Path: Packages/com.unity.test-framework/UnityEngine.TestRunner/NUnitExtensions/TestExtensions.cs - Importer: ScriptedImporter/UnityEditor.QuickSearchModule:UnityEditor.Search:ASIAI0B' with importer (ScriptedImporter : UnityEditor.QuickSearchModule:UnityEditor.Search:ASIAI0B)
Imported 'GUID: 8bc74398aa3944646ade4ee78cd57484' -> (Import Result ID: '9ca6b9d32af456f6f6c9a9b026141638') in 0.001 seconds [static and dynamic dependencies]. Details - ImportResultOutputID=682d359aa5fc756d6b819f9d38c109ac DependenciesID=7ebf92a34856c529c7869aeb48e9dcb5 StaticDependenciesID=8871af249e823c9db81ddfa9cf9fb3d5 
Number of updated asset objects reloaded before import = 0
Number of asset objects unloaded after import = 0
========================================================================
Received Import Request.
  Time of request: 2026-09-22T17:17:19.6545831Z
  Time since last request: 0.0002669 seconds.
  importAddress: GUID: 26d207ea119f34117a1dc1a439e285e3 - Path: Packages/com.unity.test-framework/UnityEngine.TestRunner/Utils/PrebuildSetupWithTestDataAttribute.cs - Importer: ScriptedImporter/UnityEditor.QuickSearchModule:UnityEditor.Search:ASIAI0B
Importing 'GUID: 26d207ea119f34117a1dc1a439e285e3 - Path: Packages/com.unity.test-framework/UnityEngine.TestRunner/Utils/PrebuildSetupWithTestDataAttribute.cs - Importer: ScriptedImporter/UnityEditor.QuickSearchModule:UnityEditor.Search:ASIAI0B' with importer (ScriptedImporter : UnityEditor.QuickSearchModule:UnityEditor.Search:ASIAI0B)
Imported 'GUID: 26d207ea119f34117a1dc1a439e285e3' -> (Import Result ID: '9255e6a677063e1c2f198f18188e1550') in 0.001 seconds [static and dynamic dependencies]. Details - ImportResultOutputID=b433d5cc2704de97ea5469d44b709615 DependenciesID=cca36f7ed4ec8b0e3a583350860fde3d StaticDependenciesID=92e9bfe92bbaa4a2101bed732bd678c3 
Number of updated asset objects reloaded before import = 0
Number of asset objects unloaded after import = 0
========================================================================
Received Import Request.
  Time of request: 2026-09-22T17:17:19.6562906Z
  Time since last request: 0.0002575 seconds.
  importAddress: GUID: ebcc5f899d9277642868aeda9a17cbaf - Path: Packages/com.unity.test-framework/UnityEditor.TestRunner/UnityTestProtocol/UtpMessageReporter.cs - Importer: ScriptedImporter/UnityEditor.QuickSearchModule:UnityEditor.Search:ASIAI0B
Importing 'GUID: ebcc5f899d9277642868aeda9a17cbaf - Path: Packages/com.unity.test-framework/UnityEditor.TestRunner/UnityTestProtocol/UtpMessageReporter.cs - Importer: ScriptedImporter/UnityEditor.QuickSearchModule:UnityEditor.Search:ASIAI0B' with importer (ScriptedImporter : UnityEditor.QuickSearchModule:UnityEditor.Search:ASIAI0B)
Imported 'GUID: ebcc5f899d9277642868aeda9a17cbaf' -> (Import Result ID: '1dc683b89fbd0ff7cdbecfee7d880be9') in 0.002 seconds [static and dynamic dependencies]. Details - ImportResultOutputID=87f86a26594e2aa6625562fab13f0765 DependenciesID=aba3afa5a5f7657d11e6c74453e32b39 StaticDependenciesID=47a33921c924918cc2e6f092ecd59ba5 
Number of updated asset objects reloaded before import = 0
Number of asset objects unloaded after import = 0
========================================================================
Received Import Request.
  Time of request: 2026-09-22T17:17:19.6582111Z
  Time since last request: 0.000219 seconds.
  importAddress: GUID: ae8ce3ffe04ac2c42945fd27e0291fc3 - Path: Packages/com.unity.test-framework/UnityEngine.TestRunner/Utils/AttributeHelper.cs - Importer: ScriptedImporter/UnityEditor.QuickSearchModule:UnityEditor.Search:ASIAI0B
Importing 'GUID: ae8ce3ffe04ac2c42945fd27e0291fc3 - Path: Packages/com.unity.test-framework/UnityEngine.TestRunner/Utils/AttributeHelper.cs - Importer: ScriptedImporter/UnityEditor.QuickSearchModule:UnityEditor.Search:ASIAI0B' with importer (ScriptedImporter : UnityEditor.QuickSearchModule:UnityEditor.Search:ASIAI0B)
Imported 'GUID: ae8ce3ffe04ac2c42945fd27e0291fc3' -> (Import Result ID: '3dbd568b2f04523a5029915975d62c9f') in 0.001 seconds [static and dynamic dependencies]. Details - ImportResultOutputID=fbbb533f9b8e99f305f7f81ad23a6dd8 DependenciesID=d1ee83b74d67529ba2f4a1190fa0d336 StaticDependenciesID=1f201109a9d0a26e8da0d5f131d09d62 
Number of updated asset objects reloaded before import = 0
Number of asset objects unloaded after import = 0
========================================================================
Received Import Request.
  Time of request: 2026-09-22T17:17:19.6599128Z
  Time since last request: 0.0002406 seconds.
  importAddress: GUID: 7dc341f3ffc346738912e0ae5aa6c7e4 - Path: Packages/com.unity.test-framework/UnityEditor.TestRunner/UnityTestProtocol/TesRunDataHolder.cs - Importer: ScriptedImporter/UnityEditor.QuickSearchModule:UnityEditor.Search:ASIAI0B
Importing 'GUID: 7dc341f3ffc346738912e0ae5aa6c7e4 - Path: Packages/com.unity.test-framework/UnityEditor.TestRunner/UnityTestProtocol/TesRunDataHolder.cs - Importer: ScriptedImporter/UnityEditor.QuickSearchModule:UnityEditor.Search:ASIAI0B' with importer (ScriptedImporter : UnityEditor.QuickSearchModule:UnityEditor.Search:ASIAI0B)
Imported 'GUID: 7dc341f3ffc346738912e0ae5aa6c7e4' -> (Import Result ID: 'f118c7e0c2aba87eb9210df77721ad10') in 0.002 seconds [static and dynamic dependencies]. Details - ImportResultOutputID=25d818a529700b8ecc197f9a872b396c DependenciesID=06b7805567da434403793caa2123ddfa StaticDependenciesID=e07db4270c99d1e0cc3ac75c07b2d484 
Number of updated asset objects reloaded before import = 0
Number of asset objects unloaded after import = 0
========================================================================
Received Import Request.
  Time of request: 2026-09-22T17:17:19.6618056Z
  Time since last request: 0.0002695 seconds.
  importAddress: GUID: 900aac3710bc14542a8d164e3f0ff820 - Path: Packages/com.unity.test-framework/UnityEditor.TestRunner/UnityTestProtocol/UnityTestProtocolListener.cs - Importer: ScriptedImporter/UnityEditor.QuickSearchModule:UnityEditor.Search:ASIAI0B
Importing 'GUID: 900aac3710bc14542a8d164e3f0ff820 - Path: Packages/com.unity.test-framework/UnityEditor.TestRunner/UnityTestProtocol/UnityTestProtocolListener.cs - Importer: ScriptedImporter/UnityEditor.QuickSearchModule:UnityEditor.Search:ASIAI0B' with importer (ScriptedImporter : UnityEditor.QuickSearchModule:UnityEditor.Search:ASIAI0B)
Imported 'GUID: 900aac3710bc14542a8d164e3f0ff820' -> (Import Result ID: 'f5549b35a1438c7e9d4fda5e7bc1fef1') in 0.001 seconds [static and dynamic dependencies]. Details - ImportResultOutputID=2aa4150882e92e18f13596db32c81140 DependenciesID=e40255e68764442ccac9522f1c9ca8c5 StaticDependenciesID=f3d2592525fa0e6ae6d711b2c5cc3f41 
Number of updated asset objects reloaded before import = 0
Number of asset objects unloaded after import = 0
========================================================================
Received Import Request.
  Time of request: 2026-09-22T17:17:19.6634217Z
  Time since last request: 0.0002001 seconds.
  importAddress: GUID: 319fe8cda376431bb7987d94f916819b - Path: Packages/com.unity.test-framework/UnityEditor.TestRunner/UnityTestProtocol/UtpMessageBuilder.cs - Importer: ScriptedImporter/UnityEditor.QuickSearchModule:UnityEditor.Search:ASIAI0B
Importing 'GUID: 319fe8cda376431bb7987d94f916819b - Path: Packages/com.unity.test-framework/UnityEditor.TestRunner/UnityTestProtocol/UtpMessageBuilder.cs - Importer: ScriptedImporter/UnityEditor.QuickSearchModule:UnityEditor.Search:ASIAI0B' with importer (ScriptedImporter : UnityEditor.QuickSearchModule:UnityEditor.Search:ASIAI0B)
Imported 'GUID: 319fe8cda376431bb7987d94f916819b' -> (Import Result ID: 'a1fd1ffebf26d1b7d0dcc9c094a04c6a') in 0.001 seconds [static and dynamic dependencies]. Details - ImportResultOutputID=a624fecf2730de70d38593435bfa737e DependenciesID=3ad06bf283cddc8bd37bb65c93746bd2 StaticDependenciesID=e9288374afc86d82bafa9aa59a779634 
Number of updated asset objects reloaded before import = 0
Number of asset objects unloaded after import = 0
========================================================================
Received Import Request.
  Time of request: 2026-09-22T17:17:19.6649367Z
  Time since last request: 0.000236 seconds.
  importAddress: GUID: 6d5833966abeadb429de247e4316eef4 - Path: Packages/com.unity.test-framework/UnityEngine.TestRunner/Assertions/Is.cs - Importer: ScriptedImporter/UnityEditor.QuickSearchModule:UnityEditor.Search:ASIAI0B
Importing 'GUID: 6d5833966abeadb429de247e4316eef4 - Path: Packages/com.unity.test-framework/UnityEngine.TestRunner/Assertions/Is.cs - Importer: ScriptedImporter/UnityEditor.QuickSearchModule:UnityEditor.Search:ASIAI0B' with importer (ScriptedImporter : UnityEditor.QuickSearchModule:UnityEditor.Search:ASIAI0B)
Imported 'GUID: 6d5833966abeadb429de247e4316eef4' -> (Import Result ID: '0724c75cfd8aabe4c14db6521067f498') in 0.001 seconds [static and dynamic dependencies]. Details - ImportResultOutputID=87ab48e6a2db79dac77bf4e1af6ee48f DependenciesID=ba9d8f6e0660567da0141c39e5445138 StaticDependenciesID=301cd2d91f2dfa7ea5f1d949278b6b78 
Number of updated asset objects reloaded before import = 0
Number of asset objects unloaded after import = 0
========================================================================
Received Import Request.
  Time of request: 2026-09-22T17:17:19.6665574Z
  Time since last request: 0.0001904 seconds.
  importAddress: GUID: 38d0b8a87b967304da08a2ae9b955066 - Path: Packages/com.unity.test-framework/UnityEngine.TestRunner/Utils/ITestRunCallback.cs - Importer: ScriptedImporter/UnityEditor.QuickSearchModule:UnityEditor.Search:ASIAI0B
Importing 'GUID: 38d0b8a87b967304da08a2ae9b955066 - Path: Packages/com.unity.test-framework/UnityEngine.TestRunner/Utils/ITestRunCallback.cs - Importer: ScriptedImporter/UnityEditor.QuickSearchModule:UnityEditor.Search:ASIAI0B' with importer (ScriptedImporter : UnityEditor.QuickSearchModule:UnityEditor.Search:ASIAI0B)
Imported 'GUID: 38d0b8a87b967304da08a2ae9b955066' -> (Import Result ID: 'ed1a3f3ddad35e44e2cd52f9bf3c027b') in 0.001 seconds [static and dynamic dependencies]. Details - ImportResultOutputID=756c9f1e03d330fd7f3bb9bc80053511 DependenciesID=54a4183e9fe26800adf345b41fa9bf67 StaticDependenciesID=16ffc7ab05eea7f1a31a33d006670fbf 
Number of updated asset objects reloaded before import = 0
Number of asset objects unloaded after import = 0
========================================================================
Received Import Request.
  Time of request: 2026-09-22T17:17:19.6680457Z
  Time since last request: 0.0001944 seconds.
  importAddress: GUID: 98ba0396e4b4ee8498a8f097affcfddf - Path: Packages/com.unity.test-framework/UnityEngine.TestRunner/NUnitExtensions/UnityTestAssemblyBuilder.cs - Importer: ScriptedImporter/UnityEditor.QuickSearchModule:UnityEditor.Search:ASIAI0B
Importing 'GUID: 98ba0396e4b4ee8498a8f097affcfddf - Path: Packages/com.unity.test-framework/UnityEngine.TestRunner/NUnitExtensions/UnityTestAssemblyBuilder.cs - Importer: ScriptedImporter/UnityEditor.QuickSearchModule:UnityEditor.Search:ASIAI0B' with importer (ScriptedImporter : UnityEditor.QuickSearchModule:UnityEditor.Search:ASIAI0B)
Imported 'GUID: 98ba0396e4b4ee8498a8f097affcfddf' -> (Import Result ID: '54bc165d333583050e44e101c20fd0d8') in 0.001 seconds [static and dynamic dependencies]. Details - ImportResultOutputID=f0a1b8e8dbe9256ea7bed0314a4c08bb DependenciesID=005d3a5e582c8cd209e33bafe2094422 StaticDependenciesID=ae87305df8d371546dacfac0d9514085 
Number of updated asset objects reloaded before import = 0
Number of asset objects unloaded after import = 0
========================================================================
Received Import Request.
  Time of request: 2026-09-22T17:17:19.6697254Z
  Time since last request: 0.0003489 seconds.
  importAddress: GUID: af5042802f06c804c8abddd544b77a4a - Path: Packages/com.unity.test-framework/UnityEngine.TestRunner/Utils/FloatEqualityComparer.cs - Importer: ScriptedImporter/UnityEditor.QuickSearchModule:UnityEditor.Search:ASIAI0B
Importing 'GUID: af5042802f06c804c8abddd544b77a4a - Path: Packages/com.unity.test-framework/UnityEngine.TestRunner/Utils/FloatEqualityComparer.cs - Importer: ScriptedImporter/UnityEditor.QuickSearchModule:UnityEditor.Search:ASIAI0B' with importer (ScriptedImporter : UnityEditor.QuickSearchModule:UnityEditor.Search:ASIAI0B)
Imported 'GUID: af5042802f06c804c8abddd544b77a4a' -> (Import Result ID: '362f61be1c87d48efae0b63ec34cd807') in 0.001 seconds [static and dynamic dependencies]. Details - ImportResultOutputID=926c1bedb66b4ac08b55d40b2bfd36ea DependenciesID=b5bbd360a3d51f7cd79308f308482cca StaticDependenciesID=6349da9e97ecdcce6cc0a26d36626f54 
Number of updated asset objects reloaded before import = 0
Number of asset objects unloaded after import = 0
========================================================================
Received Import Request.
  Time of request: 2026-09-22T17:17:19.6713373Z
  Time since last request: 0.0003347 seconds.
  importAddress: GUID: 102e512f651ee834f951a2516c1ea3b8 - Path: Packages/com.unity.test-framework/UnityEngine.TestRunner/TestRunner/PlaymodeTestsController.cs - Importer: ScriptedImporter/UnityEditor.QuickSearchModule:UnityEditor.Search:ASIAI0B
Importing 'GUID: 102e512f651ee834f951a2516c1ea3b8 - Path: Packages/com.unity.test-framework/UnityEngine.TestRunner/TestRunner/PlaymodeTestsController.cs - Importer: ScriptedImporter/UnityEditor.QuickSearchModule:UnityEditor.Search:ASIAI0B' with importer (ScriptedImporter : UnityEditor.QuickSearchModule:UnityEditor.Search:ASIAI0B)
Imported 'GUID: 102e512f651ee834f951a2516c1ea3b8' -> (Import Result ID: '199a36c56b50c5691432df5d8affa667') in 0.001 seconds [static and dynamic dependencies]. Details - ImportResultOutputID=2fb7f88d3dc220da60f3c4edeb348ac2 DependenciesID=8a7350d51fc9007ebe16063433817cac StaticDependenciesID=0e62e9ac0b374a2e5b0310ad5f6c0e91 
Number of updated asset objects reloaded before import = 0
Number of asset objects unloaded after import = 0
========================================================================
Received Import Request.
  Time of request: 2026-09-22T17:17:19.6729729Z
  Time since last request: 0.0002005 seconds.
  importAddress: GUID: 58082d6ef6fd84b288e832c55741961e - Path: Packages/com.unity.test-framework/UnityEngine.TestRunner/Utils/IPrebuildSetupWithTestData.cs - Importer: ScriptedImporter/UnityEditor.QuickSearchModule:UnityEditor.Search:ASIAI0B
Importing 'GUID: 58082d6ef6fd84b288e832c55741961e - Path: Packages/com.unity.test-framework/UnityEngine.TestRunner/Utils/IPrebuildSetupWithTestData.cs - Importer: ScriptedImporter/UnityEditor.QuickSearchModule:UnityEditor.Search:ASIAI0B' with importer (ScriptedImporter : UnityEditor.QuickSearchModule:UnityEditor.Search:ASIAI0B)
Imported 'GUID: 58082d6ef6fd84b288e832c55741961e' -> (Import Result ID: 'b3a082566462496f01e22683ca811eda') in 0.001 seconds [static and dynamic dependencies]. Details - ImportResultOutputID=de62d83203835296cea77adaef680cda DependenciesID=d3a030a0077c9379cf51856eb241f6e3 StaticDependenciesID=ca867c0f0dd2b3674fa6754d8559a783 
Number of updated asset objects reloaded before import = 0
Number of asset objects unloaded after import = 0
========================================================================
Received Import Request.
  Time of request: 2026-09-22T17:17:19.6743292Z
  Time since last request: 0.0002094 seconds.
  importAddress: GUID: 0fc9f45e5db884c07b28ac7207622a4b - Path: Packages/com.unity.test-framework/UnityEditor.TestRunner/UnityTestProtocol/TestRunData.cs - Importer: ScriptedImporter/UnityEditor.QuickSearchModule:UnityEditor.Search:ASIAI0B
Importing 'GUID: 0fc9f45e5db884c07b28ac7207622a4b - Path: Packages/com.unity.test-framework/UnityEditor.TestRunner/UnityTestProtocol/TestRunData.cs - Importer: ScriptedImporter/UnityEditor.QuickSearchModule:UnityEditor.Search:ASIAI0B' with importer (ScriptedImporter : UnityEditor.QuickSearchModule:UnityEditor.Search:ASIAI0B)
Imported 'GUID: 0fc9f45e5db884c07b28ac7207622a4b' -> (Import Result ID: '5aa79e5f0eaea8aec367b2eb0e10bd0b') in 0.001 seconds [static and dynamic dependencies]. Details - ImportResultOutputID=919a248fb42de3dc67ec48287d7caa30 DependenciesID=ef487dd4c535894c6effb0bd69a5a050 StaticDependenciesID=bf1d8bea8529122db7d9011b75cdee42 
Number of updated asset objects reloaded before import = 0
Number of asset objects unloaded after import = 0
========================================================================
Received Import Request.
  Time of request: 2026-09-22T17:17:19.6755374Z
  Time since last request: 0.0002042 seconds.
  importAddress: GUID: 2011a59d3f76b3d4a85cb53f945fceee - Path: Packages/com.unity.test-framework/UnityEditor.TestRunner/UnityTestProtocol/TestRunnerApiMapper.cs - Importer: ScriptedImporter/UnityEditor.QuickSearchModule:UnityEditor.Search:ASIAI0B
Importing 'GUID: 2011a59d3f76b3d4a85cb53f945fceee - Path: Packages/com.unity.test-framework/UnityEditor.TestRunner/UnityTestProtocol/TestRunnerApiMapper.cs - Importer: ScriptedImporter/UnityEditor.QuickSearchModule:UnityEditor.Search:ASIAI0B' with importer (ScriptedImporter : UnityEditor.QuickSearchModule:UnityEditor.Search:ASIAI0B)
Imported 'GUID: 2011a59d3f76b3d4a85cb53f945fceee' -> (Import Result ID: '6eafbcd55fd94bc34fceda6423ee18a4') in 0.001 seconds [static and dynamic dependencies]. Details - ImportResultOutputID=a956f955df4ba76bc4a6385b5117ae20 DependenciesID=c8fca3fef679028fe7253f33259dacdb StaticDependenciesID=427710f3c3b15e1ac0e82b0c0c41ee4f 
Number of updated asset objects reloaded before import = 0
Number of asset objects unloaded after import = 0
========================================================================
Received Import Request.
  Time of request: 2026-09-22T17:17:19.6766358Z
  Time since last request: 0.0002162 seconds.
  importAddress: GUID: fc748d99f1f0d484a811a566fc7915ec - Path: Packages/com.unity.test-framework/UnityEngine.TestRunner/Utils/StacktraceFilter.cs - Importer: ScriptedImporter/UnityEditor.QuickSearchModule:UnityEditor.Search:ASIAI0B
Importing 'GUID: fc748d99f1f0d484a811a566fc7915ec - Path: Packages/com.unity.test-framework/UnityEngine.TestRunner/Utils/StacktraceFilter.cs - Importer: ScriptedImporter/UnityEditor.QuickSearchModule:UnityEditor.Search:ASIAI0B' with importer (ScriptedImporter : UnityEditor.QuickSearchModule:UnityEditor.Search:ASIAI0B)
Imported 'GUID: fc748d99f1f0d484a811a566fc7915ec' -> (Import Result ID: '40243e73271f7f1712c20c7292b1b79e') in 0.002 seconds [static and dynamic dependencies]. Details - ImportResultOutputID=f7561ca206338e0737db86d8e342a2ca DependenciesID=33a8133d1e30aa66ba91bd111df8f7c9 StaticDependenciesID=72405cc725ed2008c1fb63474171a833 
Number of updated asset objects reloaded before import = 0
Number of asset objects unloaded after import = 0
========================================================================
Received Import Request.
  Time of request: 2026-09-22T17:17:19.6790682Z
  Time since last request: 0.0003015 seconds.
  importAddress: GUID: 77f432980bb30084299a138e15c6f571 - Path: Packages/com.unity.test-framework/UnityEditor.TestRunner/UnityTestProtocol/TestState.cs - Importer: ScriptedImporter/UnityEditor.QuickSearchModule:UnityEditor.Search:ASIAI0B
Importing 'GUID: 77f432980bb30084299a138e15c6f571 - Path: Packages/com.unity.test-framework/UnityEditor.TestRunner/UnityTestProtocol/TestState.cs - Importer: ScriptedImporter/UnityEditor.QuickSearchModule:UnityEditor.Search:ASIAI0B' with importer (ScriptedImporter : UnityEditor.QuickSearchModule:UnityEditor.Search:ASIAI0B)
Imported 'GUID: 77f432980bb30084299a138e15c6f571' -> (Import Result ID: '0440a8af536dc998b7e2b0dbd075c5f8') in 0.001 seconds [static and dynamic dependencies]. Details - ImportResultOutputID=7a16393170d3676e4d3b79747bcec3e4 DependenciesID=135dac67b9d1d5bfcfc883a4a672546e StaticDependenciesID=aa6c6f78376b512bb41706f5f048c405 
Number of updated asset objects reloaded before import = 0
Number of asset objects unloaded after import = 0
========================================================================
Received Import Request.
  Time of request: 2026-09-22T17:17:19.6802914Z
  Time since last request: 0.0001705 seconds.
  importAddress: GUID: c97b794b51780d349a16826a4c7898d7 - Path: Packages/com.unity.test-framework/UnityEngine.TestRunner/Assertions/LogAssert.cs - Importer: ScriptedImporter/UnityEditor.QuickSearchModule:UnityEditor.Search:ASIAI0B
Importing 'GUID: c97b794b51780d349a16826a4c7898d7 - Path: Packages/com.unity.test-framework/UnityEngine.TestRunner/Assertions/LogAssert.cs - Importer: ScriptedImporter/UnityEditor.QuickSearchModule:UnityEditor.Search:ASIAI0B' with importer (ScriptedImporter : UnityEditor.QuickSearchModule:UnityEditor.Search:ASIAI0B)
Imported 'GUID: c97b794b51780d349a16826a4c7898d7' -> (Import Result ID: 'cdec69ee740d2e29ca81581efb98591c') in 0.001 seconds [static and dynamic dependencies]. Details - ImportResultOutputID=79d82916a1031074bf328f4dc5c511c0 DependenciesID=e708730176b726fd1ff2c426eb4fd146 StaticDependenciesID=ff33135851cabfba31f960356b684e29 
Number of updated asset objects reloaded before import = 0
Number of asset objects unloaded after import = 0
========================================================================
Received Import Request.
  Time of request: 2026-09-22T17:17:19.6818262Z
  Time since last request: 0.0002833 seconds.
  importAddress: GUID: 1ac58cb55fc8daf4abd3945a2bbbb0c5 - Path: Packages/com.unity.test-framework/UnityEditor.TestRunner/UnityTestProtocol/UnityTestProtocolStarter.cs - Importer: ScriptedImporter/UnityEditor.QuickSearchModule:UnityEditor.Search:ASIAI0B
Importing 'GUID: 1ac58cb55fc8daf4abd3945a2bbbb0c5 - Path: Packages/com.unity.test-framework/UnityEditor.TestRunner/UnityTestProtocol/UnityTestProtocolStarter.cs - Importer: ScriptedImporter/UnityEditor.QuickSearchModule:UnityEditor.Search:ASIAI0B' with importer (ScriptedImporter : UnityEditor.QuickSearchModule:UnityEditor.Search:ASIAI0B)
Imported 'GUID: 1ac58cb55fc8daf4abd3945a2bbbb0c5' -> (Import Result ID: '9a8c1b451f5128db8015c233d0d81b0c') in 0.001 seconds [static and dynamic dependencies]. Details - ImportResultOutputID=ddd1e55cb616e341178c0324359b62c7 DependenciesID=31fc2f577ff787d1c6b61fb38298f049 StaticDependenciesID=30a95e37846cf2a4d7144356cb0ebc26 
Number of updated asset objects reloaded before import = 0
Number of asset objects unloaded after import = 0
========================================================================
Received Import Request.
  Time of request: 2026-09-22T17:17:19.6833937Z
  Time since last request: 0.0002509 seconds.
  importAddress: GUID: e64067e4f2ec4e818dba53b3d31847b8 - Path: Packages/com.unity.test-framework/UnityEngine.TestRunner/UnityTestProtocol/DeterministicGuid.cs - Importer: ScriptedImporter/UnityEditor.QuickSearchModule:UnityEditor.Search:ASIAI0B
Importing 'GUID: e64067e4f2ec4e818dba53b3d31847b8 - Path: Packages/com.unity.test-framework/UnityEngine.TestRunner/UnityTestProtocol/DeterministicGuid.cs - Importer: ScriptedImporter/UnityEditor.QuickSearchModule:UnityEditor.Search:ASIAI0B' with importer (ScriptedImporter : UnityEditor.QuickSearchModule:UnityEditor.Search:ASIAI0B)
Imported 'GUID: e64067e4f2ec4e818dba53b3d31847b8' -> (Import Result ID: '2f1577ae3ed0304c4c6898e440e82246') in 0.001 seconds [static and dynamic dependencies]. Details - ImportResultOutputID=1073205abd7be5a55800cc6ca362a8cd DependenciesID=acaf4dd0d89e77d39d3e74681aba8c89 StaticDependenciesID=b27a9181a27a9b92c38cd6e607ca0889 
Number of updated asset objects reloaded before import = 0
Number of asset objects unloaded after import = 0
========================================================================
Received Import Request.
  Time of request: 2026-09-22T17:17:19.6845662Z
  Time since last request: 0.0002025 seconds.
  importAddress: GUID: e440d63dae5d049ca83c823c9f246b17 - Path: Packages/com.unity.test-framework/UnityEngine.TestRunner/Utils/PostBuildCleanupWithTestDataAttribute.cs - Importer: ScriptedImporter/UnityEditor.QuickSearchModule:UnityEditor.Search:ASIAI0B
Importing 'GUID: e440d63dae5d049ca83c823c9f246b17 - Path: Packages/com.unity.test-framework/UnityEngine.TestRunner/Utils/PostBuildCleanupWithTestDataAttribute.cs - Importer: ScriptedImporter/UnityEditor.QuickSearchModule:UnityEditor.Search:ASIAI0B' with importer (ScriptedImporter : UnityEditor.QuickSearchModule:UnityEditor.Search:ASIAI0B)
Imported 'GUID: e440d63dae5d049ca83c823c9f246b17' -> (Import Result ID: '34198fca7af5f9ae5a12887059da263b') in 0.001 seconds [static and dynamic dependencies]. Details - ImportResultOutputID=d91d27d939aeb7aa55063c2fb8bd9c17 DependenciesID=57df20c4f64728d09d295e3945818c42 StaticDependenciesID=26731e8752a830bbc886b13afb3ea53f 
Number of updated asset objects reloaded before import = 0
Number of asset objects unloaded after import = 0
========================================================================
Received Import Request.
  Time of request: 2026-09-22T17:17:19.686179Z
  Time since last request: 0.0002566 seconds.
  importAddress: GUID: a8ed4063f2beecd41a234a582202f3c4 - Path: Packages/com.unity.test-framework/UnityEngine.TestRunner/Assertions/UnhandledLogMessageException.cs - Importer: ScriptedImporter/UnityEditor.QuickSearchModule:UnityEditor.Search:ASIAI0B
Importing 'GUID: a8ed4063f2beecd41a234a582202f3c4 - Path: Packages/com.unity.test-framework/UnityEngine.TestRunner/Assertions/UnhandledLogMessageException.cs - Importer: ScriptedImporter/UnityEditor.QuickSearchModule:UnityEditor.Search:ASIAI0B' with importer (ScriptedImporter : UnityEditor.QuickSearchModule:UnityEditor.Search:ASIAI0B)
Imported 'GUID: a8ed4063f2beecd41a234a582202f3c4' -> (Import Result ID: 'fc997a6a39605278f3590257e0ecf694') in 0.001 seconds [static and dynamic dependencies]. Details - ImportResultOutputID=352743ef98d5b0c9ef3e4aa6772981d4 DependenciesID=d7fca8c05081a00ce9a5fbbadc6e5584 StaticDependenciesID=558d6e1baa08e4766309a5b7607d27f5 
Number of updated asset objects reloaded before import = 0
Number of asset objects unloaded after import = 0
========================================================================
Received Import Request.
  Time of request: 2026-09-22T17:17:19.6873895Z
  Time since last request: 0.0002498 seconds.
  importAddress: GUID: db9a20ff62f649c7b64172ebec68370c - Path: Packages/com.unity.test-framework/UnityEngine.TestRunner/UnityTestProtocol/TestStartedMessage.cs - Importer: ScriptedImporter/UnityEditor.QuickSearchModule:UnityEditor.Search:ASIAI0B
Importing 'GUID: db9a20ff62f649c7b64172ebec68370c - Path: Packages/com.unity.test-framework/UnityEngine.TestRunner/UnityTestProtocol/TestStartedMessage.cs - Importer: ScriptedImporter/UnityEditor.QuickSearchModule:UnityEditor.Search:ASIAI0B' with importer (ScriptedImporter : UnityEditor.QuickSearchModule:UnityEditor.Search:ASIAI0B)
Imported 'GUID: db9a20ff62f649c7b64172ebec68370c' -> (Import Result ID: '126d6fd284be0110b8c3e1a39d128851') in 0.001 seconds [static and dynamic dependencies]. Details - ImportResultOutputID=a80721197da365d3bbc2d135d10c704a DependenciesID=a066f2f7d6a3f928c2b91a5c9bed3c37 StaticDependenciesID=3c3331a78e52204cabd749f32dcbae85 
Number of updated asset objects reloaded before import = 0
Number of asset objects unloaded after import = 0
========================================================================
Received Import Request.
  Time of request: 2026-09-22T17:17:19.6886441Z
  Time since last request: 0.0001936 seconds.
  importAddress: GUID: 4f939b9e23a0946439b812551e07ac81 - Path: Packages/com.unity.test-framework/UnityEngine.TestRunner/NUnitExtensions/ActionDelegator.cs - Importer: ScriptedImporter/UnityEditor.QuickSearchModule:UnityEditor.Search:ASIAI0B
Importing 'GUID: 4f939b9e23a0946439b812551e07ac81 - Path: Packages/com.unity.test-framework/UnityEngine.TestRunner/NUnitExtensions/ActionDelegator.cs - Importer: ScriptedImporter/UnityEditor.QuickSearchModule:UnityEditor.Search:ASIAI0B' with importer (ScriptedImporter : UnityEditor.QuickSearchModule:UnityEditor.Search:ASIAI0B)
Imported 'GUID: 4f939b9e23a0946439b812551e07ac81' -> (Import Result ID: '56649da2dd1642455f6b7ab58ebf92b3') in 0.001 seconds [static and dynamic dependencies]. Details - ImportResultOutputID=023a03f5a41ce0027909cde570f01d54 DependenciesID=974ae02da9ddbee7b02144b604d5fac4 StaticDependenciesID=02b9ad62588f617b4e7354207dd60cce 
Number of updated asset objects reloaded before import = 0
Number of asset objects unloaded after import = 0
========================================================================
Received Import Request.
  Time of request: 2026-09-22T17:17:19.6901058Z
  Time since last request: 0.0002532 seconds.
  importAddress: GUID: ff67c526455160f4690a44f74dee4cbe - Path: Packages/com.unity.test-framework/UnityEngine.TestRunner/Utils/IPostBuildCleanup.cs - Importer: ScriptedImporter/UnityEditor.QuickSearchModule:UnityEditor.Search:ASIAI0B
Importing 'GUID: ff67c526455160f4690a44f74dee4cbe - Path: Packages/com.unity.test-framework/UnityEngine.TestRunner/Utils/IPostBuildCleanup.cs - Importer: ScriptedImporter/UnityEditor.QuickSearchModule:UnityEditor.Search:ASIAI0B' with importer (ScriptedImporter : UnityEditor.QuickSearchModule:UnityEditor.Search:ASIAI0B)
Imported 'GUID: ff67c526455160f4690a44f74dee4cbe' -> (Import Result ID: 'd361918ef92c1ae5d8f9b7f7e42865f9') in 0.001 seconds [static and dynamic dependencies]. Details - ImportResultOutputID=2b8874f0c1514d1e6f727f734f037865 DependenciesID=ca5b46fdf74b4f6056df488f78bed469 StaticDependenciesID=67f69c9bf6c34726df08d55dd1fdc593 
Number of updated asset objects reloaded before import = 0
Number of asset objects unloaded after import = 0
========================================================================
Received Import Request.
  Time of request: 2026-09-22T17:17:19.6912675Z
  Time since last request: 0.0001647 seconds.
  importAddress: GUID: d6105bc8cf5ce544487daca4cbc62583 - Path: Packages/com.unity.test-framework/UnityEngine.TestRunner/Utils/ColorEqualityComparer.cs - Importer: ScriptedImporter/UnityEditor.QuickSearchModule:UnityEditor.Search:ASIAI0B
Importing 'GUID: d6105bc8cf5ce544487daca4cbc62583 - Path: Packages/com.unity.test-framework/UnityEngine.TestRunner/Utils/ColorEqualityComparer.cs - Importer: ScriptedImporter/UnityEditor.QuickSearchModule:UnityEditor.Search:ASIAI0B' with importer (ScriptedImporter : UnityEditor.QuickSearchModule:UnityEditor.Search:ASIAI0B)
Imported 'GUID: d6105bc8cf5ce544487daca4cbc62583' -> (Import Result ID: 'b13a643a114fa829d9f1dfe2a8ae8ff5') in 0.001 seconds [static and dynamic dependencies]. Details - ImportResultOutputID=4113f7dcb8e8bf1b7d2bfb2d7d5ec714 DependenciesID=f74c5845952d6efb299318abbd02f8bd StaticDependenciesID=533fe371e2ac62e7bd5742e759f58351 
Number of updated asset objects reloaded before import = 0
Number of asset objects unloaded after import = 0
========================================================================
Received Import Request.
  Time of request: 2026-09-22T17:17:19.6923281Z
  Time since last request: 0.0001477 seconds.
  importAddress: GUID: 37cea569bfefafe49a1513c4d7f0e9eb - Path: Packages/com.unity.test-framework/UnityEngine.TestRunner/NUnitExtensions/BaseDelegator.cs - Importer: ScriptedImporter/UnityEditor.QuickSearchModule:UnityEditor.Search:ASIAI0B
Importing 'GUID: 37cea569bfefafe49a1513c4d7f0e9eb - Path: Packages/com.unity.test-framework/UnityEngine.TestRunner/NUnitExtensions/BaseDelegator.cs - Importer: ScriptedImporter/UnityEditor.QuickSearchModule:UnityEditor.Search:ASIAI0B' with importer (ScriptedImporter : UnityEditor.QuickSearchModule:UnityEditor.Search:ASIAI0B)
Imported 'GUID: 37cea569bfefafe49a1513c4d7f0e9eb' -> (Import Result ID: '1b3a6473965fcb8d8a99311a185e6c2c') in 0.001 seconds [static and dynamic dependencies]. Details - ImportResultOutputID=bddc795a9cb5c920f36bb72df9d0611c DependenciesID=8e78269fe31110b3d8d83669db712f47 StaticDependenciesID=32bf78d5674fea506f0278351d54cebb 
Number of updated asset objects reloaded before import = 0
Number of asset objects unloaded after import = 0
========================================================================
Received Import Request.
  Time of request: 2026-09-22T17:17:19.6934782Z
  Time since last request: 0.00018 seconds.
  importAddress: GUID: 9650d910fcaefb34cb45f121c1993892 - Path: Packages/com.unity.test-framework/UnityEngine.TestRunner/Assertions/InvalidSignatureException.cs - Importer: ScriptedImporter/UnityEditor.QuickSearchModule:UnityEditor.Search:ASIAI0B
Importing 'GUID: 9650d910fcaefb34cb45f121c1993892 - Path: Packages/com.unity.test-framework/UnityEngine.TestRunner/Assertions/InvalidSignatureException.cs - Importer: ScriptedImporter/UnityEditor.QuickSearchModule:UnityEditor.Search:ASIAI0B' with importer (ScriptedImporter : UnityEditor.QuickSearchModule:UnityEditor.Search:ASIAI0B)
Imported 'GUID: 9650d910fcaefb34cb45f121c1993892' -> (Import Result ID: '74db9cce0499e12cc0348bb47c0902b1') in 0.001 seconds [static and dynamic dependencies]. Details - ImportResultOutputID=1c0a8b30b4c269dbdf5e12fd2f143799 DependenciesID=88b9d53ca63cbe7a2c2a776857cef2ef StaticDependenciesID=d7c257952aa301017607efb096a6d872 
Number of updated asset objects reloaded before import = 0
Number of asset objects unloaded after import = 0
========================================================================
Received Import Request.
  Time of request: 2026-09-22T17:17:19.6950327Z
  Time since last request: 0.0002499 seconds.
  importAddress: GUID: 5aec7938f118041779fb739b38477100 - Path: Packages/com.unity.test-framework/UnityEngine.TestRunner/TestRunner/TestTaskWrapper.cs - Importer: ScriptedImporter/UnityEditor.QuickSearchModule:UnityEditor.Search:ASIAI0B
Importing 'GUID: 5aec7938f118041779fb739b38477100 - Path: Packages/com.unity.test-framework/UnityEngine.TestRunner/TestRunner/TestTaskWrapper.cs - Importer: ScriptedImporter/UnityEditor.QuickSearchModule:UnityEditor.Search:ASIAI0B' with importer (ScriptedImporter : UnityEditor.QuickSearchModule:UnityEditor.Search:ASIAI0B)
Imported 'GUID: 5aec7938f118041779fb739b38477100' -> (Import Result ID: 'e3ca450d14e04e4d35eadb6d03937242') in 0.001 seconds [static and dynamic dependencies]. Details - ImportResultOutputID=1e6a01b01ae6f3060611c451eb87e478 DependenciesID=2cf370e3399672122e5ffe76dfac97d8 StaticDependenciesID=53bcdc76ae92de10dfaa1c6df908b270 
Number of updated asset objects reloaded before import = 0
Number of asset objects unloaded after import = 0
========================================================================
Received Import Request.
  Time of request: 2026-09-22T17:17:19.6962002Z
  Time since last request: 0.0001737 seconds.
  importAddress: GUID: 2799eb4c84e72e54092a292cf626936b - Path: Packages/com.unity.test-framework/UnityEngine.TestRunner/TestRunner/PlaymodeTestsControllerSettings.cs - Importer: ScriptedImporter/UnityEditor.QuickSearchModule:UnityEditor.Search:ASIAI0B
Importing 'GUID: 2799eb4c84e72e54092a292cf626936b - Path: Packages/com.unity.test-framework/UnityEngine.TestRunner/TestRunner/PlaymodeTestsControllerSettings.cs - Importer: ScriptedImporter/UnityEditor.QuickSearchModule:UnityEditor.Search:ASIAI0B' with importer (ScriptedImporter : UnityEditor.QuickSearchModule:UnityEditor.Search:ASIAI0B)
Imported 'GUID: 2799eb4c84e72e54092a292cf626936b' -> (Import Result ID: 'e5e8df386558ff52e436147833e86bd4') in 0.001 seconds [static and dynamic dependencies]. Details - ImportResultOutputID=c814f8b793ac404fa1dcba4ef1fd1123 DependenciesID=a66301089a9f4bfe1785004721673b74 StaticDependenciesID=83e0d7938f65b0bb58d510d53e424137 
Number of updated asset objects reloaded before import = 0
Number of asset objects unloaded after import = 0
========================================================================
Received Import Request.
  Time of request: 2026-09-22T17:17:19.6973207Z
  Time since last request: 0.0001776 seconds.
  importAddress: GUID: 9ad0b0c865b01af4ca1b414689e71259 - Path: Packages/com.unity.test-framework/UnityEngine.TestRunner/TestRunner/TestEnumeratorWrapper.cs - Importer: ScriptedImporter/UnityEditor.QuickSearchModule:UnityEditor.Search:ASIAI0B
Importing 'GUID: 9ad0b0c865b01af4ca1b414689e71259 - Path: Packages/com.unity.test-framework/UnityEngine.TestRunner/TestRunner/TestEnumeratorWrapper.cs - Importer: ScriptedImporter/UnityEditor.QuickSearchModule:UnityEditor.Search:ASIAI0B' with importer (ScriptedImporter : UnityEditor.QuickSearchModule:UnityEditor.Search:ASIAI0B)
Imported 'GUID: 9ad0b0c865b01af4ca1b414689e71259' -> (Import Result ID: '392584cc53735a8fd994aca8b0b05d5a') in 0.001 seconds [static and dynamic dependencies]. Details - ImportResultOutputID=eab466b7b5a908366ed8eb9ac8dc059b DependenciesID=0629b700567c128f500e634dbfeab2c4 StaticDependenciesID=7ea2ae6505329b6c74ed79a624a8c1ee 
Number of updated asset objects reloaded before import = 0
Number of asset objects unloaded after import = 0
========================================================================
Received Import Request.
  Time of request: 2026-09-22T17:17:19.6987276Z
  Time since last request: 0.0002916 seconds.
  importAddress: GUID: 24a158219395ebf44a60547b97784ddc - Path: Packages/com.unity.test-framework/UnityEngine.TestRunner/Utils/CoroutineRunner.cs - Importer: ScriptedImporter/UnityEditor.QuickSearchModule:UnityEditor.Search:ASIAI0B
Importing 'GUID: 24a158219395ebf44a60547b97784ddc - Path: Packages/com.unity.test-framework/UnityEngine.TestRunner/Utils/CoroutineRunner.cs - Importer: ScriptedImporter/UnityEditor.QuickSearchModule:UnityEditor.Search:ASIAI0B' with importer (ScriptedImporter : UnityEditor.QuickSearchModule:UnityEditor.Search:ASIAI0B)
Imported 'GUID: 24a158219395ebf44a60547b97784ddc' -> (Import Result ID: 'b4014e27a1dc0d2c44344f0ca15dcda4') in 0.001 seconds [static and dynamic dependencies]. Details - ImportResultOutputID=fe9d84dd00e8be4607d65ebc598f9d75 DependenciesID=625b103c322faf8fc6f3dec18d3ed997 StaticDependenciesID=c940ceee4ad8d056f7f8f58d3d1e1387 
Number of updated asset objects reloaded before import = 0
Number of asset objects unloaded after import = 0
========================================================================
Received Import Request.
  Time of request: 2026-09-22T17:17:19.7000959Z
  Time since last request: 0.0001801 seconds.
  importAddress: GUID: 5f875a14565308a40a5262d2504da705 - Path: Packages/com.unity.test-framework/UnityEngine.TestRunner/NUnitExtensions/IStateSerializer.cs - Importer: ScriptedImporter/UnityEditor.QuickSearchModule:UnityEditor.Search:ASIAI0B
Importing 'GUID: 5f875a14565308a40a5262d2504da705 - Path: Packages/com.unity.test-framework/UnityEngine.TestRunner/NUnitExtensions/IStateSerializer.cs - Importer: ScriptedImporter/UnityEditor.QuickSearchModule:UnityEditor.Search:ASIAI0B' with importer (ScriptedImporter : UnityEditor.QuickSearchModule:UnityEditor.Search:ASIAI0B)
Imported 'GUID: 5f875a14565308a40a5262d2504da705' -> (Import Result ID: '773486239b46bbf1c7802d9c65534fd4') in 0.001 seconds [static and dynamic dependencies]. Details - ImportResultOutputID=4768791d3f6d96460ff5aa6736948eb2 DependenciesID=2cbe4af5b5a1b6fed02ce0cff08e8559 StaticDependenciesID=196c3d7c4c2f0b9f6099cec56507a209 
Number of updated asset objects reloaded before import = 0
Number of asset objects unloaded after import = 0
========================================================================
Received Import Request.
  Time of request: 2026-09-22T17:17:19.7014846Z
  Time since last request: 0.0002322 seconds.
  importAddress: GUID: 5b2eeca598284bd4abb4a15c30df1576 - Path: Packages/com.unity.test-framework/UnityEngine.TestRunner/Assertions/UnexpectedLogMessageException.cs - Importer: ScriptedImporter/UnityEditor.QuickSearchModule:UnityEditor.Search:ASIAI0B
Importing 'GUID: 5b2eeca598284bd4abb4a15c30df1576 - Path: Packages/com.unity.test-framework/UnityEngine.TestRunner/Assertions/UnexpectedLogMessageException.cs - Importer: ScriptedImporter/UnityEditor.QuickSearchModule:UnityEditor.Search:ASIAI0B' with importer (ScriptedImporter : UnityEditor.QuickSearchModule:UnityEditor.Search:ASIAI0B)
Imported 'GUID: 5b2eeca598284bd4abb4a15c30df1576' -> (Import Result ID: '7bd12d9580ca866bf060e805f841b875') in 0.001 seconds [static and dynamic dependencies]. Details - ImportResultOutputID=aad409df4aaa1fc966ecb056b9a426fb DependenciesID=cc6671ea996671e107ce4770910860bc StaticDependenciesID=b9b624c5edc24d8662be001f5475fe3d 
Number of updated asset objects reloaded before import = 0
Number of asset objects unloaded after import = 0
========================================================================
Received Import Request.
  Time of request: 2026-09-22T17:17:19.7027773Z
  Time since last request: 0.0002586 seconds.
  importAddress: GUID: 75e7d7a9a57458841a85fe42d9c9141f - Path: Packages/com.unity.test-framework/UnityEditor.TestRunner/TestSettings/TestSettingsDeserializer.cs - Importer: ScriptedImporter/UnityEditor.QuickSearchModule:UnityEditor.Search:ASIAI0B
Importing 'GUID: 75e7d7a9a57458841a85fe42d9c9141f - Path: Packages/com.unity.test-framework/UnityEditor.TestRunner/TestSettings/TestSettingsDeserializer.cs - Importer: ScriptedImporter/UnityEditor.QuickSearchModule:UnityEditor.Search:ASIAI0B' with importer (ScriptedImporter : UnityEditor.QuickSearchModule:UnityEditor.Search:ASIAI0B)
Imported 'GUID: 75e7d7a9a57458841a85fe42d9c9141f' -> (Import Result ID: '4b0015ca6aa354c63de7ff8f6b46f1fa') in 0.001 seconds [static and dynamic dependencies]. Details - ImportResultOutputID=8207928c678c2f3e9317e22baaafea14 DependenciesID=08cecdb3418643cae4f1bcfb99d35e62 StaticDependenciesID=216657392b105f72220e1a70c99940af 
Number of updated asset objects reloaded before import = 0
Number of asset objects unloaded after import = 0
========================================================================
Received Import Request.
  Time of request: 2026-09-22T17:17:19.7042767Z
  Time since last request: 0.0002362 seconds.
  importAddress: GUID: 65fb6da362a78334ab360a125cfafdaf - Path: Packages/com.unity.test-framework/UnityEngine.TestRunner/NUnitExtensions/TestResultExtensions.cs - Importer: ScriptedImporter/UnityEditor.QuickSearchModule:UnityEditor.Search:ASIAI0B
Importing 'GUID: 65fb6da362a78334ab360a125cfafdaf - Path: Packages/com.unity.test-framework/UnityEngine.TestRunner/NUnitExtensions/TestResultExtensions.cs - Importer: ScriptedImporter/UnityEditor.QuickSearchModule:UnityEditor.Search:ASIAI0B' with importer (ScriptedImporter : UnityEditor.QuickSearchModule:UnityEditor.Search:ASIAI0B)
Imported 'GUID: 65fb6da362a78334ab360a125cfafdaf' -> (Import Result ID: '191112c5a4b0abb48a179c160cf5bf68') in 0.001 seconds [static and dynamic dependencies]. Details - ImportResultOutputID=4be290d70ed4ee3e5b48f91033f7c504 DependenciesID=25388d77fcf1a9f94791f71569078e3c StaticDependenciesID=0e692711ed8f0de3966e16b11a1a880d 
Number of updated asset objects reloaded before import = 0
Number of asset objects unloaded after import = 0
========================================================================
Received Import Request.
  Time of request: 2026-09-22T17:17:19.7058446Z
  Time since last request: 0.0001938 seconds.
  importAddress: GUID: c3aa5c3d59b94854e843f10b75b3ad63 - Path: Packages/com.unity.test-framework/UnityEngine.TestRunner/NUnitExtensions/IAsyncTestAssemblyBuilder.cs - Importer: ScriptedImporter/UnityEditor.QuickSearchModule:UnityEditor.Search:ASIAI0B
Importing 'GUID: c3aa5c3d59b94854e843f10b75b3ad63 - Path: Packages/com.unity.test-framework/UnityEngine.TestRunner/NUnitExtensions/IAsyncTestAssemblyBuilder.cs - Importer: ScriptedImporter/UnityEditor.QuickSearchModule:UnityEditor.Search:ASIAI0B' with importer (ScriptedImporter : UnityEditor.QuickSearchModule:UnityEditor.Search:ASIAI0B)
Imported 'GUID: c3aa5c3d59b94854e843f10b75b3ad63' -> (Import Result ID: '859d50a0673151dff31a38979d3ddbf3') in 0.002 seconds [static and dynamic dependencies]. Details - ImportResultOutputID=0dd9621b93be06475bb3908e75dccada DependenciesID=5c0c342ce9b218fcca12a7cb8e30bb79 StaticDependenciesID=f27ca3ec483cc9d22436258edaf85827 
Number of updated asset objects reloaded before import = 0
Number of asset objects unloaded after import = 0
========================================================================
Received Import Request.
  Time of request: 2026-09-22T17:17:19.7081442Z
  Time since last request: 0.0002063 seconds.
  importAddress: GUID: ffb335140c799c4408411d81789fb05c - Path: Packages/com.unity.test-framework/UnityEngine.TestRunner/Assertions/UnityTestTimeoutException.cs - Importer: ScriptedImporter/UnityEditor.QuickSearchModule:UnityEditor.Search:ASIAI0B
Importing 'GUID: ffb335140c799c4408411d81789fb05c - Path: Packages/com.unity.test-framework/UnityEngine.TestRunner/Assertions/UnityTestTimeoutException.cs - Importer: ScriptedImporter/UnityEditor.QuickSearchModule:UnityEditor.Search:ASIAI0B' with importer (ScriptedImporter : UnityEditor.QuickSearchModule:UnityEditor.Search:ASIAI0B)
Imported 'GUID: ffb335140c799c4408411d81789fb05c' -> (Import Result ID: 'ef1877584a772c47bfe2b67aab8d4f3f') in 0.001 seconds [static and dynamic dependencies]. Details - ImportResultOutputID=8c48482ee3570f19573203511d8ce750 DependenciesID=3763dda9db7ce8b883f68d2cd929d6d8 StaticDependenciesID=5c05da5d8b7e627dcbb1f08fe2cd9333 
Number of updated asset objects reloaded before import = 0
Number of asset objects unloaded after import = 0
========================================================================
Received Import Request.
  Time of request: 2026-09-22T17:17:19.709318Z
  Time since last request: 0.0001638 seconds.
  importAddress: GUID: d1b7ce919aa8864409412e809073cf96 - Path: Packages/com.unity.test-framework/UnityEngine.TestRunner/Utils/PrebuildSetupAttribute.cs - Importer: ScriptedImporter/UnityEditor.QuickSearchModule:UnityEditor.Search:ASIAI0B
Importing 'GUID: d1b7ce919aa8864409412e809073cf96 - Path: Packages/com.unity.test-framework/UnityEngine.TestRunner/Utils/PrebuildSetupAttribute.cs - Importer: ScriptedImporter/UnityEditor.QuickSearchModule:UnityEditor.Search:ASIAI0B' with importer (ScriptedImporter : UnityEditor.QuickSearchModule:UnityEditor.Search:ASIAI0B)
Imported 'GUID: d1b7ce919aa8864409412e809073cf96' -> (Import Result ID: '6359691952b6da199f3591a742f3988d') in 0.001 seconds [static and dynamic dependencies]. Details - ImportResultOutputID=eedcc8761127e891778c53740abb75b3 DependenciesID=a8dc258e8d7e3865a25d6f506f1bfcf1 StaticDependenciesID=d6faef74a295c2db2443cdd91e3c7d63 
Number of updated asset objects reloaded before import = 0
Number of asset objects unloaded after import = 0
========================================================================
Received Import Request.
  Time of request: 2026-09-22T17:17:19.7103184Z
  Time since last request: 0.0001663 seconds.
  importAddress: GUID: 73deb9b8722aa284eab27c4dc90956c6 - Path: Packages/com.unity.test-framework/UnityEngine.TestRunner/TestRunner/TestListenerWrapper.cs - Importer: ScriptedImporter/UnityEditor.QuickSearchModule:UnityEditor.Search:ASIAI0B
Importing 'GUID: 73deb9b8722aa284eab27c4dc90956c6 - Path: Packages/com.unity.test-framework/UnityEngine.TestRunner/TestRunner/TestListenerWrapper.cs - Importer: ScriptedImporter/UnityEditor.QuickSearchModule:UnityEditor.Search:ASIAI0B' with importer (ScriptedImporter : UnityEditor.QuickSearchModule:UnityEditor.Search:ASIAI0B)
Imported 'GUID: 73deb9b8722aa284eab27c4dc90956c6' -> (Import Result ID: 'e2fc39d29114aded703a668878ab3d21') in 0.001 seconds [static and dynamic dependencies]. Details - ImportResultOutputID=c52c7fe5688ded4a75076052d21d7e63 DependenciesID=02d8983c1ab6e75fefbb92fc1f7029ac StaticDependenciesID=a7671f5a814b2d4e4c709ba76a0e7c1c 
Number of updated asset objects reloaded before import = 0
Number of asset objects unloaded after import = 0
========================================================================
Received Import Request.
  Time of request: 2026-09-22T17:17:19.711732Z
  Time since last request: 0.0002442 seconds.
  importAddress: GUID: b42e1db66fe9c634798674cb9e1df2ca - Path: Packages/com.unity.test-framework/UnityEngine.TestRunner/NUnitExtensions/ConstructDelegator.cs - Importer: ScriptedImporter/UnityEditor.QuickSearchModule:UnityEditor.Search:ASIAI0B
Importing 'GUID: b42e1db66fe9c634798674cb9e1df2ca - Path: Packages/com.unity.test-framework/UnityEngine.TestRunner/NUnitExtensions/ConstructDelegator.cs - Importer: ScriptedImporter/UnityEditor.QuickSearchModule:UnityEditor.Search:ASIAI0B' with importer (ScriptedImporter : UnityEditor.QuickSearchModule:UnityEditor.Search:ASIAI0B)
Imported 'GUID: b42e1db66fe9c634798674cb9e1df2ca' -> (Import Result ID: '21e534fbf4062c01a32c2690d42aba1f') in 0.001 seconds [static and dynamic dependencies]. Details - ImportResultOutputID=3725339cc6965b256e9ebe7e70fc98b9 DependenciesID=d3114f649ead1474f55357325ef2fb70 StaticDependenciesID=b833a503219c410b42f9f64f86bcc18e 
Number of updated asset objects reloaded before import = 0
Number of asset objects unloaded after import = 0
========================================================================
Received Import Request.
  Time of request: 2026-09-22T17:17:19.7128638Z
  Time since last request: 0.0001785 seconds.
  importAddress: GUID: a025ba7ee40d0104db8d08b1d9eabb0d - Path: Packages/com.unity.test-framework/UnityEngine.TestRunner/TestRunner/RuntimeTestRunnerFilter.cs - Importer: ScriptedImporter/UnityEditor.QuickSearchModule:UnityEditor.Search:ASIAI0B
Importing 'GUID: a025ba7ee40d0104db8d08b1d9eabb0d - Path: Packages/com.unity.test-framework/UnityEngine.TestRunner/TestRunner/RuntimeTestRunnerFilter.cs - Importer: ScriptedImporter/UnityEditor.QuickSearchModule:UnityEditor.Search:ASIAI0B' with importer (ScriptedImporter : UnityEditor.QuickSearchModule:UnityEditor.Search:ASIAI0B)
Imported 'GUID: a025ba7ee40d0104db8d08b1d9eabb0d' -> (Import Result ID: '0f163d72d523c4241bff930fd9dea9c1') in 0.001 seconds [static and dynamic dependencies]. Details - ImportResultOutputID=a7bb7c52b889819c21a0089be9b75006 DependenciesID=a188d54765d784a7249108f1e08d8e38 StaticDependenciesID=e4a139442c62dd6ca123af36998a500b 
Number of updated asset objects reloaded before import = 0
Number of asset objects unloaded after import = 0
========================================================================
Received Import Request.
  Time of request: 2026-09-22T17:17:19.7141905Z
  Time since last request: 0.0002077 seconds.
  importAddress: GUID: b9c2a6302985d3846b7b9f6fd9e2da9a - Path: Packages/com.unity.test-framework/UnityEngine.TestRunner/Utils/IOuterUnityTestAction.cs - Importer: ScriptedImporter/UnityEditor.QuickSearchModule:UnityEditor.Search:ASIAI0B
Importing 'GUID: b9c2a6302985d3846b7b9f6fd9e2da9a - Path: Packages/com.unity.test-framework/UnityEngine.TestRunner/Utils/IOuterUnityTestAction.cs - Importer: ScriptedImporter/UnityEditor.QuickSearchModule:UnityEditor.Search:ASIAI0B' with importer (ScriptedImporter : UnityEditor.QuickSearchModule:UnityEditor.Search:ASIAI0B)
Imported 'GUID: b9c2a6302985d3846b7b9f6fd9e2da9a' -> (Import Result ID: 'fff94acafba2720cf1b1cd19ecd975af') in 0.001 seconds [static and dynamic dependencies]. Details - ImportResultOutputID=b2ff97acb9189985316b966be5159703 DependenciesID=8e63d2f5307f9a76346ae604d3923c9a StaticDependenciesID=9cd04d28b5d78932a6d7537f6f938f5e 
Number of updated asset objects reloaded before import = 0
Number of asset objects unloaded after import = 0
========================================================================
Received Import Request.
  Time of request: 2026-09-22T17:17:19.7156247Z
  Time since last request: 0.0002256 seconds.
  importAddress: GUID: 2cc8cb8ea0b84a54b6caf6601d63ece6 - Path: Packages/com.unity.test-framework/UnityEngine.TestRunner/UnityTestProtocol/TestFinishMessage.cs - Importer: ScriptedImporter/UnityEditor.QuickSearchModule:UnityEditor.Search:ASIAI0B
Importing 'GUID: 2cc8cb8ea0b84a54b6caf6601d63ece6 - Path: Packages/com.unity.test-framework/UnityEngine.TestRunner/UnityTestProtocol/TestFinishMessage.cs - Importer: ScriptedImporter/UnityEditor.QuickSearchModule:UnityEditor.Search:ASIAI0B' with importer (ScriptedImporter : UnityEditor.QuickSearchModule:UnityEditor.Search:ASIAI0B)
Imported 'GUID: 2cc8cb8ea0b84a54b6caf6601d63ece6' -> (Import Result ID: '86dde26d5bd4f7b1e3117189d7e4de2b') in 0.001 seconds [static and dynamic dependencies]. Details - ImportResultOutputID=4c85fd2818fbdec18bde4d9985ef8dca DependenciesID=e01e1e48500a9f72b99c191132c07c61 StaticDependenciesID=cbc935e5b48d430bad51500409a446c1 
Number of updated asset objects reloaded before import = 0
Number of asset objects unloaded after import = 0
========================================================================
Received Import Request.
  Time of request: 2026-09-22T17:17:19.7168392Z
  Time since last request: 0.0001603 seconds.
  importAddress: GUID: c3a9378562b345c4ac08e605d35c0d93 - Path: Packages/com.unity.test-framework/UnityEngine.TestRunner/UnityTestProtocol/TestState.cs - Importer: ScriptedImporter/UnityEditor.QuickSearchModule:UnityEditor.Search:ASIAI0B
Importing 'GUID: c3a9378562b345c4ac08e605d35c0d93 - Path: Packages/com.unity.test-framework/UnityEngine.TestRunner/UnityTestProtocol/TestState.cs - Importer: ScriptedImporter/UnityEditor.QuickSearchModule:UnityEditor.Search:ASIAI0B' with importer (ScriptedImporter : UnityEditor.QuickSearchModule:UnityEditor.Search:ASIAI0B)
Imported 'GUID: c3a9378562b345c4ac08e605d35c0d93' -> (Import Result ID: '266144b3021971b6c3d9ace5840a1ab1') in 0.001 seconds [static and dynamic dependencies]. Details - ImportResultOutputID=035281fc4b9c7eaefbd91b57b5b1365c DependenciesID=8966a12f519e7727bc249756ad6fada1 StaticDependenciesID=2d67e841e5832349a2d8057fb6d9f9a2 
Number of updated asset objects reloaded before import = 0
Number of asset objects unloaded after import = 0
========================================================================
Received Import Request.
  Time of request: 2026-09-22T17:17:19.7178286Z
  Time since last request: 0.0001571 seconds.
  importAddress: GUID: 6de79ae237e51554da96fd28f68b66a6 - Path: Packages/com.unity.test-framework/UnityEditor.TestRunner/UnityTestProtocol/ITestRunnerApiMapper.cs - Importer: ScriptedImporter/UnityEditor.QuickSearchModule:UnityEditor.Search:ASIAI0B
Importing 'GUID: 6de79ae237e51554da96fd28f68b66a6 - Path: Packages/com.unity.test-framework/UnityEditor.TestRunner/UnityTestProtocol/ITestRunnerApiMapper.cs - Importer: ScriptedImporter/UnityEditor.QuickSearchModule:UnityEditor.Search:ASIAI0B' with importer (ScriptedImporter : UnityEditor.QuickSearchModule:UnityEditor.Search:ASIAI0B)
Imported 'GUID: 6de79ae237e51554da96fd28f68b66a6' -> (Import Result ID: '8f94cbf49535d0301891fa9744ef9a86') in 0.001 seconds [static and dynamic dependencies]. Details - ImportResultOutputID=6b4e0720fddb8d74a822dbd2c7d28270 DependenciesID=53f3e14814e80792890b9884ab2e1f8d StaticDependenciesID=89112d57de1805e7587489a8b5a6db18 
Number of updated asset objects reloaded before import = 0
Number of asset objects unloaded after import = 0
========================================================================
Received Import Request.
  Time of request: 2026-09-22T17:17:19.7189338Z
  Time since last request: 0.0001759 seconds.
  importAddress: GUID: 952b3dc7b47846947b37c8d3ae46579a - Path: Packages/com.unity.test-framework/UnityEditor.TestRunner/UnityTestProtocol/IUtpMessageReporter.cs - Importer: ScriptedImporter/UnityEditor.QuickSearchModule:UnityEditor.Search:ASIAI0B
Importing 'GUID: 952b3dc7b47846947b37c8d3ae46579a - Path: Packages/com.unity.test-framework/UnityEditor.TestRunner/UnityTestProtocol/IUtpMessageReporter.cs - Importer: ScriptedImporter/UnityEditor.QuickSearchModule:UnityEditor.Search:ASIAI0B' with importer (ScriptedImporter : UnityEditor.QuickSearchModule:UnityEditor.Search:ASIAI0B)
Imported 'GUID: 952b3dc7b47846947b37c8d3ae46579a' -> (Import Result ID: 'e9c8a62aae801fb8b09385892c529bf4') in 0.001 seconds [static and dynamic dependencies]. Details - ImportResultOutputID=849833cb62aa0e3101f8f515b4a489f7 DependenciesID=a08cf70fd93d61e33ba5d0073a37a4ee StaticDependenciesID=234dbb7ca818d43766551dd6a7697d26 
Number of updated asset objects reloaded before import = 0
Number of asset objects unloaded after import = 0
========================================================================
Received Import Request.
  Time of request: 2026-09-22T17:17:19.7200442Z
  Time since last request: 0.000229 seconds.
  importAddress: GUID: 3b28913f21577de429da928d6d05219f - Path: Packages/com.unity.test-framework/UnityEngine.TestRunner/Utils/QuaternionEqualityComparer.cs - Importer: ScriptedImporter/UnityEditor.QuickSearchModule:UnityEditor.Search:ASIAI0B
Importing 'GUID: 3b28913f21577de429da928d6d05219f - Path: Packages/com.unity.test-framework/UnityEngine.TestRunner/Utils/QuaternionEqualityComparer.cs - Importer: ScriptedImporter/UnityEditor.QuickSearchModule:UnityEditor.Search:ASIAI0B' with importer (ScriptedImporter : UnityEditor.QuickSearchModule:UnityEditor.Search:ASIAI0B)
Imported 'GUID: 3b28913f21577de429da928d6d05219f' -> (Import Result ID: 'cfe1218e10b43abdd72f2368b7c9a8e0') in 0.001 seconds [static and dynamic dependencies]. Details - ImportResultOutputID=92b25e73e705253ae6e11b7cc805d9c9 DependenciesID=7935f5ee6dfdfb9481388bb00c2ebfa1 StaticDependenciesID=59648908930e86f1736f67ce2187dbc1 
Number of updated asset objects reloaded before import = 0
Number of asset objects unloaded after import = 0
========================================================================
Received Import Request.
  Time of request: 2026-09-22T17:17:19.7215606Z
  Time since last request: 0.0002046 seconds.
  importAddress: GUID: 743879b4db4bc1a4b829aae4386f4acf - Path: Packages/com.unity.test-framework/UnityEngine.TestRunner/TestRunner/TestPlatform.cs - Importer: ScriptedImporter/UnityEditor.QuickSearchModule:UnityEditor.Search:ASIAI0B
Importing 'GUID: 743879b4db4bc1a4b829aae4386f4acf - Path: Packages/com.unity.test-framework/UnityEngine.TestRunner/TestRunner/TestPlatform.cs - Importer: ScriptedImporter/UnityEditor.QuickSearchModule:UnityEditor.Search:ASIAI0B' with importer (ScriptedImporter : UnityEditor.QuickSearchModule:UnityEditor.Search:ASIAI0B)
Imported 'GUID: 743879b4db4bc1a4b829aae4386f4acf' -> (Import Result ID: 'e46019222555fd0e468fc7bfbc1ac4c5') in 0.001 seconds [static and dynamic dependencies]. Details - ImportResultOutputID=7ecc3c4fecc13d604d927c5dd61a1567 DependenciesID=e0c0ba102ad8e6b830bbc8f890c65e2e StaticDependenciesID=7046a8a6e975944206e7aecd3b203381 
Number of updated asset objects reloaded before import = 0
Number of asset objects unloaded after import = 0
========================================================================
Received Import Request.
  Time of request: 2026-09-22T17:17:19.7227409Z
  Time since last request: 0.0001683 seconds.
  importAddress: GUID: 6b32b6725087a0d4bb1670818d26996e - Path: Packages/com.unity.test-framework/UnityEditor.TestRunner/TestSettings/TestSettings.cs - Importer: ScriptedImporter/UnityEditor.QuickSearchModule:UnityEditor.Search:ASIAI0B
Importing 'GUID: 6b32b6725087a0d4bb1670818d26996e - Path: Packages/com.unity.test-framework/UnityEditor.TestRunner/TestSettings/TestSettings.cs - Importer: ScriptedImporter/UnityEditor.QuickSearchModule:UnityEditor.Search:ASIAI0B' with importer (ScriptedImporter : UnityEditor.QuickSearchModule:UnityEditor.Search:ASIAI0B)
Imported 'GUID: 6b32b6725087a0d4bb1670818d26996e' -> (Import Result ID: '43d77566a3cb146c1986c210d55e093d') in 0.001 seconds [static and dynamic dependencies]. Details - ImportResultOutputID=8c7e5ef35495379bca5cbf096e215334 DependenciesID=22aaa2058dc057950ca3c1e41f6fd5cc StaticDependenciesID=0b4f028a78075ea9d5982f884c65f4dd 
Number of updated asset objects reloaded before import = 0
Number of asset objects unloaded after import = 0
========================================================================
Received Import Request.
  Time of request: 2026-09-22T17:17:19.7237903Z
  Time since last request: 0.0001534 seconds.
  importAddress: GUID: 9014630255533ed42915965b4065cde8 - Path: Packages/com.unity.test-framework/UnityEditor.TestRunner/UnityTestProtocol/IUtpLogger.cs - Importer: ScriptedImporter/UnityEditor.QuickSearchModule:UnityEditor.Search:ASIAI0B
Importing 'GUID: 9014630255533ed42915965b4065cde8 - Path: Packages/com.unity.test-framework/UnityEditor.TestRunner/UnityTestProtocol/IUtpLogger.cs - Importer: ScriptedImporter/UnityEditor.QuickSearchModule:UnityEditor.Search:ASIAI0B' with importer (ScriptedImporter : UnityEditor.QuickSearchModule:UnityEditor.Search:ASIAI0B)
Imported 'GUID: 9014630255533ed42915965b4065cde8' -> (Import Result ID: 'eaa794d2a153abbb9d3602b270e13762') in 0.001 seconds [static and dynamic dependencies]. Details - ImportResultOutputID=3f1356f84b7cb8dc54f18d6154bb66cd DependenciesID=1727f4a9df65caafd1a98b614d6dbc56 StaticDependenciesID=8b0069c2cf2f72835734594596120d10 
Number of updated asset objects reloaded before import = 0
Number of asset objects unloaded after import = 0
========================================================================
Received Import Request.
  Time of request: 2026-09-22T17:17:19.7376097Z
  Time since last request: 0.0125904 seconds.
  importAddress: GUID: 58ad09607a0d62d458a78d7174665566 - Path: Packages/com.unity.test-framework/UnityEngine.TestRunner/Utils/Vector2EqualityComparer.cs - Importer: ScriptedImporter/UnityEditor.QuickSearchModule:UnityEditor.Search:ASIAI0B
Importing 'GUID: 58ad09607a0d62d458a78d7174665566 - Path: Packages/com.unity.test-framework/UnityEngine.TestRunner/Utils/Vector2EqualityComparer.cs - Importer: ScriptedImporter/UnityEditor.QuickSearchModule:UnityEditor.Search:ASIAI0B' with importer (ScriptedImporter : UnityEditor.QuickSearchModule:UnityEditor.Search:ASIAI0B)
Imported 'GUID: 58ad09607a0d62d458a78d7174665566' -> (Import Result ID: '72f38e698969bf46e83c4ba0a5c27d34') in 0.001 seconds [static and dynamic dependencies]. Details - ImportResultOutputID=ccfeede00aedd31c86b6219d7513fc0a DependenciesID=e0026c6eacc75f231b355063559c416d StaticDependenciesID=ba4f8ee790dde14d43e4821511715c5b 
Number of updated asset objects reloaded before import = 0
Number of asset objects unloaded after import = 0
========================================================================
Received Import Request.
  Time of request: 2026-09-22T17:17:19.7393176Z
  Time since last request: 0.0002911 seconds.
  importAddress: GUID: 65701ebe8bada6b4785e9c7afe7f5bee - Path: Packages/com.unity.test-framework/UnityEngine.TestRunner/Utils/Vector2ComparerWithEqualsOperator.cs - Importer: ScriptedImporter/UnityEditor.QuickSearchModule:UnityEditor.Search:ASIAI0B
Importing 'GUID: 65701ebe8bada6b4785e9c7afe7f5bee - Path: Packages/com.unity.test-framework/UnityEngine.TestRunner/Utils/Vector2ComparerWithEqualsOperator.cs - Importer: ScriptedImporter/UnityEditor.QuickSearchModule:UnityEditor.Search:ASIAI0B' with importer (ScriptedImporter : UnityEditor.QuickSearchModule:UnityEditor.Search:ASIAI0B)
Imported 'GUID: 65701ebe8bada6b4785e9c7afe7f5bee' -> (Import Result ID: '0ad1f108df63a4079d0f064d68eb8cb0') in 0.001 seconds [static and dynamic dependencies]. Details - ImportResultOutputID=3264db37bfeee99eada7f350459c366a DependenciesID=06a0d0afa2d2cdcf54482190d55caec7 StaticDependenciesID=1069afa9685ff28076db0800929fae9a 
Number of updated asset objects reloaded before import = 0
Number of asset objects unloaded after import = 0
========================================================================
Received Import Request.
  Time of request: 2026-09-22T17:17:19.7410955Z
  Time since last request: 0.0002222 seconds.
  importAddress: GUID: 76b3a3296de548f48b0c3d088fb4b490 - Path: Packages/com.unity.test-framework/UnityEngine.TestRunner/Utils/TestRunCallbackAttribute.cs - Importer: ScriptedImporter/UnityEditor.QuickSearchModule:UnityEditor.Search:ASIAI0B
Importing 'GUID: 76b3a3296de548f48b0c3d088fb4b490 - Path: Packages/com.unity.test-framework/UnityEngine.TestRunner/Utils/TestRunCallbackAttribute.cs - Importer: ScriptedImporter/UnityEditor.QuickSearchModule:UnityEditor.Search:ASIAI0B' with importer (ScriptedImporter : UnityEditor.QuickSearchModule:UnityEditor.Search:ASIAI0B)
Imported 'GUID: 76b3a3296de548f48b0c3d088fb4b490' -> (Import Result ID: '61c72dcee49c9bb20d77908502776de8') in 0.001 seconds [static and dynamic dependencies]. Details - ImportResultOutputID=219bb66db93257d4aa5e3c9f483bf488 DependenciesID=30d647e8f39e3dfd9dbd3b4c571567ce StaticDependenciesID=9222446dbe713b97a8cb33b6f7941bf7 
Number of updated asset objects reloaded before import = 0
Number of asset objects unloaded after import = 0
========================================================================
Received Import Request.
  Time of request: 2026-09-22T17:17:19.7424788Z
  Time since last request: 0.0001617 seconds.
  importAddress: GUID: 68f09f0f82599b5448579854e622a4c1 - Path: Packages/com.unity.test-framework/UnityEngine.TestRunner/Utils/TestRunCallbackListener.cs - Importer: ScriptedImporter/UnityEditor.QuickSearchModule:UnityEditor.Search:ASIAI0B
Importing 'GUID: 68f09f0f82599b5448579854e622a4c1 - Path: Packages/com.unity.test-framework/UnityEngine.TestRunner/Utils/TestRunCallbackListener.cs - Importer: ScriptedImporter/UnityEditor.QuickSearchModule:UnityEditor.Search:ASIAI0B' with importer (ScriptedImporter : UnityEditor.QuickSearchModule:UnityEditor.Search:ASIAI0B)
Imported 'GUID: 68f09f0f82599b5448579854e622a4c1' -> (Import Result ID: '6d01bf88f51c19fa07912849fec6b98c') in 0.001 seconds [static and dynamic dependencies]. Details - ImportResultOutputID=a62d4ac499e0b2a37ff67cef9ae22219 DependenciesID=81a393cc6d192ea90cec368698c62644 StaticDependenciesID=dcbab907a2b4182e6f4b0961eef767e3 
Number of updated asset objects reloaded before import = 0
Number of asset objects unloaded after import = 0
========================================================================
Received Import Request.
  Time of request: 2026-09-22T17:17:19.7434548Z
  Time since last request: 0.0001563 seconds.
  importAddress: GUID: 32da81683c22faf458026716a2b821aa - Path: Packages/com.unity.test-framework/UnityEngine.TestRunner/Utils/Vector4EqualityComparer.cs - Importer: ScriptedImporter/UnityEditor.QuickSearchModule:UnityEditor.Search:ASIAI0B
Importing 'GUID: 32da81683c22faf458026716a2b821aa - Path: Packages/com.unity.test-framework/UnityEngine.TestRunner/Utils/Vector4EqualityComparer.cs - Importer: ScriptedImporter/UnityEditor.QuickSearchModule:UnityEditor.Search:ASIAI0B' with importer (ScriptedImporter : UnityEditor.QuickSearchModule:UnityEditor.Search:ASIAI0B)
Imported 'GUID: 32da81683c22faf458026716a2b821aa' -> (Import Result ID: '4e4a30d4973713481df30fe6948b9149') in 0.001 seconds [static and dynamic dependencies]. Details - ImportResultOutputID=9d1a5d0862806cc989667abeb207ae40 DependenciesID=3cc8bd503394f4ab7e743c77d12955bc StaticDependenciesID=dc4a457866ceb21b6ca8d0dd95207b4a 
Number of updated asset objects reloaded before import = 0
Number of asset objects unloaded after import = 0
========================================================================
Received Import Request.
  Time of request: 2026-09-22T17:17:19.7443842Z
  Time since last request: 0.0001426 seconds.
  importAddress: GUID: d1bd8de22dbd64d6ea3e35a46217cb9b - Path: Packages/com.unity.test-framework/UnityEngine.TestRunner/Utils/TestMode.cs - Importer: ScriptedImporter/UnityEditor.QuickSearchModule:UnityEditor.Search:ASIAI0B
Importing 'GUID: d1bd8de22dbd64d6ea3e35a46217cb9b - Path: Packages/com.unity.test-framework/UnityEngine.TestRunner/Utils/TestMode.cs - Importer: ScriptedImporter/UnityEditor.QuickSearchModule:UnityEditor.Search:ASIAI0B' with importer (ScriptedImporter : UnityEditor.QuickSearchModule:UnityEditor.Search:ASIAI0B)
Imported 'GUID: d1bd8de22dbd64d6ea3e35a46217cb9b' -> (Import Result ID: 'f675b1c1e62a038cf64eeb6be7c12d9e') in 0.001 seconds [static and dynamic dependencies]. Details - ImportResultOutputID=d1d0da2f609eed83774f6139f42e00eb DependenciesID=32be63a2dd41ba0b9e4c5ed467732721 StaticDependenciesID=ddbb7478953663289e80d08084188643 
Number of updated asset objects reloaded before import = 0
Number of asset objects unloaded after import = 0
========================================================================
Received Import Request.
  Time of request: 2026-09-22T17:17:19.745367Z
  Time since last request: 0.0001507 seconds.
  importAddress: GUID: 44100f5f60f351348b9719b46d46cebe - Path: Packages/com.unity.test-framework/UnityEngine.TestRunner/Utils/Vector4ComparerWithEqualsOperator.cs - Importer: ScriptedImporter/UnityEditor.QuickSearchModule:UnityEditor.Search:ASIAI0B
Importing 'GUID: 44100f5f60f351348b9719b46d46cebe - Path: Packages/com.unity.test-framework/UnityEngine.TestRunner/Utils/Vector4ComparerWithEqualsOperator.cs - Importer: ScriptedImporter/UnityEditor.QuickSearchModule:UnityEditor.Search:ASIAI0B' with importer (ScriptedImporter : UnityEditor.QuickSearchModule:UnityEditor.Search:ASIAI0B)
Imported 'GUID: 44100f5f60f351348b9719b46d46cebe' -> (Import Result ID: '563bfd4f2372668516946ac8f5af0288') in 0.001 seconds [static and dynamic dependencies]. Details - ImportResultOutputID=2e14c50a06f888e63d26cde6ec77fc7a DependenciesID=9868022b40f670553d2ac083ac2f16cf StaticDependenciesID=4f1b05763f6c1213c60c150371b336b9 
Number of updated asset objects reloaded before import = 0
Number of asset objects unloaded after import = 0
========================================================================
Received Import Request.
  Time of request: 2026-09-22T17:17:19.746253Z
  Time since last request: 0.0001272 seconds.
  importAddress: GUID: 9502550ba4785e3499d6c9251fa2114b - Path: Packages/com.unity.test-framework/UnityEngine.TestRunner/Utils/Utils.cs - Importer: ScriptedImporter/UnityEditor.QuickSearchModule:UnityEditor.Search:ASIAI0B
Importing 'GUID: 9502550ba4785e3499d6c9251fa2114b - Path: Packages/com.unity.test-framework/UnityEngine.TestRunner/Utils/Utils.cs - Importer: ScriptedImporter/UnityEditor.QuickSearchModule:UnityEditor.Search:ASIAI0B' with importer (ScriptedImporter : UnityEditor.QuickSearchModule:UnityEditor.Search:ASIAI0B)
Imported 'GUID: 9502550ba4785e3499d6c9251fa2114b' -> (Import Result ID: 'e4aab3f9efe3ef6ddbab24a990f8b9d4') in 0.001 seconds [static and dynamic dependencies]. Details - ImportResultOutputID=89344fbbeb90f61118ab32e32614f203 DependenciesID=3c7416f74a1477fc301952e36dcfc2be StaticDependenciesID=e7eb67c597b1728ffcafb5f24aa04c66 
Number of updated asset objects reloaded before import = 0
Number of asset objects unloaded after import = 0
========================================================================
Received Import Request.
  Time of request: 2026-09-22T17:17:19.7472874Z
  Time since last request: 0.0002757 seconds.
  importAddress: GUID: 4bd2bc28ff24d5c488844851cb785db0 - Path: Packages/com.unity.test-framework/UnityEngine.TestRunner/Utils/Vector3EqualityComparer.cs - Importer: ScriptedImporter/UnityEditor.QuickSearchModule:UnityEditor.Search:ASIAI0B
Importing 'GUID: 4bd2bc28ff24d5c488844851cb785db0 - Path: Packages/com.unity.test-framework/UnityEngine.TestRunner/Utils/Vector3EqualityComparer.cs - Importer: ScriptedImporter/UnityEditor.QuickSearchModule:UnityEditor.Search:ASIAI0B' with importer (ScriptedImporter : UnityEditor.QuickSearchModule:UnityEditor.Search:ASIAI0B)
Imported 'GUID: 4bd2bc28ff24d5c488844851cb785db0' -> (Import Result ID: '0cb93014023f4c7744e905dafa13db96') in 0.002 seconds [static and dynamic dependencies]. Details - ImportResultOutputID=27b5f3c66cf86b59b988c571e6f5d356 DependenciesID=794373558333758e4dcaa4249e48b827 StaticDependenciesID=91455cb8ead7dea462bd4c8cdfecebbf 
Number of updated asset objects reloaded before import = 0
Number of asset objects unloaded after import = 0
========================================================================
Received Import Request.
  Time of request: 2026-09-22T17:17:19.7492775Z
  Time since last request: 0.0001798 seconds.
  importAddress: GUID: 5b994928117e3db418da69c821da7e19 - Path: Packages/com.unity.test-framework/UnityEngine.TestRunner/Utils/Vector3ComparerWithEqualsOperator.cs - Importer: ScriptedImporter/UnityEditor.QuickSearchModule:UnityEditor.Search:ASIAI0B
Importing 'GUID: 5b994928117e3db418da69c821da7e19 - Path: Packages/com.unity.test-framework/UnityEngine.TestRunner/Utils/Vector3ComparerWithEqualsOperator.cs - Importer: ScriptedImporter/UnityEditor.QuickSearchModule:UnityEditor.Search:ASIAI0B' with importer (ScriptedImporter : UnityEditor.QuickSearchModule:UnityEditor.Search:ASIAI0B)
Imported 'GUID: 5b994928117e3db418da69c821da7e19' -> (Import Result ID: '9393dfdf0fc4c5c553b33a5776c1c92c') in 0.001 seconds [static and dynamic dependencies]. Details - ImportResultOutputID=5e1129929fde032388ce1768ef694653 DependenciesID=cf789b65ace2fd3ad059272f0bbf0fc7 StaticDependenciesID=0811fe39c2c112e83124a019000d2dd7 
Number of updated asset objects reloaded before import = 0
Number of asset objects unloaded after import = 0
========================================================================
Received Import Request.
  Time of request: 2026-09-22T17:17:19.7508436Z
  Time since last request: 0.0002603 seconds.
  importAddress: GUID: 72ae18093c05147e4a680b41d4cd9e6f - Path: Packages/com.unity.test-framework/UnityEngine.TestRunner/Utils/TestData.cs - Importer: ScriptedImporter/UnityEditor.QuickSearchModule:UnityEditor.Search:ASIAI0B
Importing 'GUID: 72ae18093c05147e4a680b41d4cd9e6f - Path: Packages/com.unity.test-framework/UnityEngine.TestRunner/Utils/TestData.cs - Importer: ScriptedImporter/UnityEditor.QuickSearchModule:UnityEditor.Search:ASIAI0B' with importer (ScriptedImporter : UnityEditor.QuickSearchModule:UnityEditor.Search:ASIAI0B)
Imported 'GUID: 72ae18093c05147e4a680b41d4cd9e6f' -> (Import Result ID: '0dc69b73165a6c21151b54db76d76f09') in 0.001 seconds [static and dynamic dependencies]. Details - ImportResultOutputID=1048f8c9ba72d13b23f7e27e10548fbb DependenciesID=16041164050b912cd9c386426a06a9a8 StaticDependenciesID=a02a709bd8e0a70ddf467eaba3fd47a7 
Number of updated asset objects reloaded before import = 0
Number of asset objects unloaded after import = 0
========================================================================
Received Import Request.
  Time of request: 2026-09-22T17:17:19.755637Z
  Time since last request: 0.0038303 seconds.
  importAddress: GUID: c2247a4dfeae4607949780b219a7d3c8 - Path: Packages/com.unity.test-framework/UnityEditor.TestRunner/GUI/Controls/ISelectionDropDownContentProvider.cs - Importer: ScriptedImporter/UnityEditor.QuickSearchModule:UnityEditor.Search:ASIAI0B
Importing 'GUID: c2247a4dfeae4607949780b219a7d3c8 - Path: Packages/com.unity.test-framework/UnityEditor.TestRunner/GUI/Controls/ISelectionDropDownContentProvider.cs - Importer: ScriptedImporter/UnityEditor.QuickSearchModule:UnityEditor.Search:ASIAI0B' with importer (ScriptedImporter : UnityEditor.QuickSearchModule:UnityEditor.Search:ASIAI0B)
Imported 'GUID: c2247a4dfeae4607949780b219a7d3c8' -> (Import Result ID: '413a562cdf7998c6ca5c10ee956ff2d5') in 0.002 seconds [static and dynamic dependencies]. Details - ImportResultOutputID=9929047488de72def0ca5ec466b049b5 DependenciesID=75c20aad42d05a4fd46cbc17d55fff4e StaticDependenciesID=f2f5ef781686c56689840843da3f3b73 
Number of updated asset objects reloaded before import = 0
Number of asset objects unloaded after import = 0
========================================================================
Received Import Request.
  Time of request: 2026-09-22T17:17:19.7578973Z
  Time since last request: 0.000349 seconds.
  importAddress: GUID: d31403ec6b334194bdeb4c5ebad64097 - Path: Packages/com.unity.test-framework/UnityEditor.TestRunner/GUI/Controls/FlagEnumContentProvider.cs - Importer: ScriptedImporter/UnityEditor.QuickSearchModule:UnityEditor.Search:ASIAI0B
Importing 'GUID: d31403ec6b334194bdeb4c5ebad64097 - Path: Packages/com.unity.test-framework/UnityEditor.TestRunner/GUI/Controls/FlagEnumContentProvider.cs - Importer: ScriptedImporter/UnityEditor.QuickSearchModule:UnityEditor.Search:ASIAI0B' with importer (ScriptedImporter : UnityEditor.QuickSearchModule:UnityEditor.Search:ASIAI0B)
Imported 'GUID: d31403ec6b334194bdeb4c5ebad64097' -> (Import Result ID: '31f869eb20e3889844ad1025104056aa') in 0.002 seconds [static and dynamic dependencies]. Details - ImportResultOutputID=94caa39b7eb073276be2f113996284f9 DependenciesID=e8b71213d527c2555f167c5ef55f59f3 StaticDependenciesID=1f34a5314e20f568a3e3f3d704211c63 
Number of updated asset objects reloaded before import = 0
Number of asset objects unloaded after import = 0
========================================================================
Received Import Request.
  Time of request: 2026-09-22T17:17:19.7598998Z
  Time since last request: 0.0003235 seconds.
  importAddress: GUID: f7d5e5417ccd4aa0bfa39228c674f142 - Path: Packages/com.unity.test-framework/UnityEditor.TestRunner/GUI/Controls/SelectableItemContent.cs - Importer: ScriptedImporter/UnityEditor.QuickSearchModule:UnityEditor.Search:ASIAI0B
Importing 'GUID: f7d5e5417ccd4aa0bfa39228c674f142 - Path: Packages/com.unity.test-framework/UnityEditor.TestRunner/GUI/Controls/SelectableItemContent.cs - Importer: ScriptedImporter/UnityEditor.QuickSearchModule:UnityEditor.Search:ASIAI0B' with importer (ScriptedImporter : UnityEditor.QuickSearchModule:UnityEditor.Search:ASIAI0B)
Imported 'GUID: f7d5e5417ccd4aa0bfa39228c674f142' -> (Import Result ID: '64fd10bb53b2caed63d7986c48cf28ad') in 0.001 seconds [static and dynamic dependencies]. Details - ImportResultOutputID=2fb7ec2f6eff0aa4a817a57761d89045 DependenciesID=44e2a71175b72aa664d49177ee420388 StaticDependenciesID=e9b2ab212d03ff9c2c8da45c682d53b1 
Number of updated asset objects reloaded before import = 0
Number of asset objects unloaded after import = 0
========================================================================
Received Import Request.
  Time of request: 2026-09-22T17:17:19.7614818Z
  Time since last request: 0.0002205 seconds.
  importAddress: GUID: fb736ed47b6da4b499431bf9c6de5890 - Path: Packages/com.unity.test-framework/UnityEditor.TestRunner/GUI/Controls/MultiValueContentProvider.cs - Importer: ScriptedImporter/UnityEditor.QuickSearchModule:UnityEditor.Search:ASIAI0B
Importing 'GUID: fb736ed47b6da4b499431bf9c6de5890 - Path: Packages/com.unity.test-framework/UnityEditor.TestRunner/GUI/Controls/MultiValueContentProvider.cs - Importer: ScriptedImporter/UnityEditor.QuickSearchModule:UnityEditor.Search:ASIAI0B' with importer (ScriptedImporter : UnityEditor.QuickSearchModule:UnityEditor.Search:ASIAI0B)
Imported 'GUID: fb736ed47b6da4b499431bf9c6de5890' -> (Import Result ID: '95ef03da9bc3090faf92b91308857d69') in 0.001 seconds [static and dynamic dependencies]. Details - ImportResultOutputID=943731412708d629fd2a10311bc35d23 DependenciesID=9c00c71a321a331925f40e2010c5e1ea StaticDependenciesID=74cde1eb26e93187a72df7f92405c55d 
Number of updated asset objects reloaded before import = 0
Number of asset objects unloaded after import = 0
========================================================================
Received Import Request.
  Time of request: 2026-09-22T17:17:19.7632357Z
  Time since last request: 0.0001928 seconds.
  importAddress: GUID: f8f9b43d4e034c2d997f4eb6a0d85a96 - Path: Packages/com.unity.test-framework/UnityEditor.TestRunner/GUI/Controls/SelectionDropDown.cs - Importer: ScriptedImporter/UnityEditor.QuickSearchModule:UnityEditor.Search:ASIAI0B
Importing 'GUID: f8f9b43d4e034c2d997f4eb6a0d85a96 - Path: Packages/com.unity.test-framework/UnityEditor.TestRunner/GUI/Controls/SelectionDropDown.cs - Importer: ScriptedImporter/UnityEditor.QuickSearchModule:UnityEditor.Search:ASIAI0B' with importer (ScriptedImporter : UnityEditor.QuickSearchModule:UnityEditor.Search:ASIAI0B)
Imported 'GUID: f8f9b43d4e034c2d997f4eb6a0d85a96' -> (Import Result ID: '7b424349ba4f7d7c63921dcebee22aa4') in 0.001 seconds [static and dynamic dependencies]. Details - ImportResultOutputID=2f9de9ffef7723c3aa59f82e2cf498bc DependenciesID=45cb70da772635c1bd5fe9dd2fef7fd3 StaticDependenciesID=33d36cf9dd487d2b2520de4053e5c041 
Number of updated asset objects reloaded before import = 0
Number of asset objects unloaded after import = 0
========================================================================
Received Import Request.
  Time of request: 2026-09-22T17:17:19.7647992Z
  Time since last request: 0.0002227 seconds.
  importAddress: GUID: 24a5f331fec74c9aa9e1e5d74b5a9589 - Path: Packages/com.unity.test-framework/UnityEditor.TestRunner/GUI/Controls/BitUtility.cs - Importer: ScriptedImporter/UnityEditor.QuickSearchModule:UnityEditor.Search:ASIAI0B
Importing 'GUID: 24a5f331fec74c9aa9e1e5d74b5a9589 - Path: Packages/com.unity.test-framework/UnityEditor.TestRunner/GUI/Controls/BitUtility.cs - Importer: ScriptedImporter/UnityEditor.QuickSearchModule:UnityEditor.Search:ASIAI0B' with importer (ScriptedImporter : UnityEditor.QuickSearchModule:UnityEditor.Search:ASIAI0B)
Imported 'GUID: 24a5f331fec74c9aa9e1e5d74b5a9589' -> (Import Result ID: 'e857c1fd5529fcd4ec7f1408c13ee3e1') in 0.001 seconds [static and dynamic dependencies]. Details - ImportResultOutputID=d12db4914f24eda7860b9db028823e4f DependenciesID=4b6d497b63bc0ab31fe320987ef4790d StaticDependenciesID=b2406e46ae70c936b842e1db3aa6165e 
Number of updated asset objects reloaded before import = 0
Number of asset objects unloaded after import = 0
========================================================================
Received Import Request.
  Time of request: 2026-09-22T17:17:19.76663Z
  Time since last request: 0.000224 seconds.
  importAddress: GUID: f03c073fcc564ab582ac38999beb4b6d - Path: Packages/com.unity.test-framework/UnityEditor.TestRunner/GUI/TestAssets/CustomScriptAssemblyMappingFinder.cs - Importer: ScriptedImporter/UnityEditor.QuickSearchModule:UnityEditor.Search:ASIAI0B
Importing 'GUID: f03c073fcc564ab582ac38999beb4b6d - Path: Packages/com.unity.test-framework/UnityEditor.TestRunner/GUI/TestAssets/CustomScriptAssemblyMappingFinder.cs - Importer: ScriptedImporter/UnityEditor.QuickSearchModule:UnityEditor.Search:ASIAI0B' with importer (ScriptedImporter : UnityEditor.QuickSearchModule:UnityEditor.Search:ASIAI0B)
Imported 'GUID: f03c073fcc564ab582ac38999beb4b6d' -> (Import Result ID: '58164103d478e7072f024160028873be') in 0.001 seconds [static and dynamic dependencies]. Details - ImportResultOutputID=e46a4d8e0e1378dfe049dab06f8a0a4f DependenciesID=8cfaf48dc7b27bd49f6dd422778b2da3 StaticDependenciesID=58ffbd8b594ce84142d1bb1cf692f016 
Number of updated asset objects reloaded before import = 0
Number of asset objects unloaded after import = 0
========================================================================
Received Import Request.
  Time of request: 2026-09-22T17:17:19.7682454Z
  Time since last request: 0.0002605 seconds.
  importAddress: GUID: dc781c79a6ac490f817bb70a01490d5c - Path: Packages/com.unity.test-framework/UnityEditor.TestRunner/Api/Analytics/RunFinishedData.cs - Importer: ScriptedImporter/UnityEditor.QuickSearchModule:UnityEditor.Search:ASIAI0B
Importing 'GUID: dc781c79a6ac490f817bb70a01490d5c - Path: Packages/com.unity.test-framework/UnityEditor.TestRunner/Api/Analytics/RunFinishedData.cs - Importer: ScriptedImporter/UnityEditor.QuickSearchModule:UnityEditor.Search:ASIAI0B' with importer (ScriptedImporter : UnityEditor.QuickSearchModule:UnityEditor.Search:ASIAI0B)
Imported 'GUID: dc781c79a6ac490f817bb70a01490d5c' -> (Import Result ID: 'cceed745ce522bbfe66bcb47af1ec691') in 0.001 seconds [static and dynamic dependencies]. Details - ImportResultOutputID=b6b4590b4edad41d9538db5c475e4e67 DependenciesID=8550392d11513eccb851dea5567485ac StaticDependenciesID=dfc0d8e9017295ace84d42d207b01f39 
Number of updated asset objects reloaded before import = 0
Number of asset objects unloaded after import = 0
========================================================================
Received Import Request.
  Time of request: 2026-09-22T17:17:19.7699275Z
  Time since last request: 0.0002575 seconds.
  importAddress: GUID: f5e82966bb8646269e2e46b6ddf2d89f - Path: Packages/com.unity.test-framework/UnityEditor.TestRunner/Api/Analytics/AnalyticsTestCallback.cs - Importer: ScriptedImporter/UnityEditor.QuickSearchModule:UnityEditor.Search:ASIAI0B
Importing 'GUID: f5e82966bb8646269e2e46b6ddf2d89f - Path: Packages/com.unity.test-framework/UnityEditor.TestRunner/Api/Analytics/AnalyticsTestCallback.cs - Importer: ScriptedImporter/UnityEditor.QuickSearchModule:UnityEditor.Search:ASIAI0B' with importer (ScriptedImporter : UnityEditor.QuickSearchModule:UnityEditor.Search:ASIAI0B)
Imported 'GUID: f5e82966bb8646269e2e46b6ddf2d89f' -> (Import Result ID: 'f66bdff98c0ffb009fa974a1a2c00ced') in 0.001 seconds [static and dynamic dependencies]. Details - ImportResultOutputID=ab07322ca5bde5b35a06f9004da798fa DependenciesID=1ae14f65ef4a83c284dc156660fa3dca StaticDependenciesID=ca4e88669977f11e2aefc7261632e73b 
Number of updated asset objects reloaded before import = 0
Number of asset objects unloaded after import = 0
========================================================================
Received Import Request.
  Time of request: 2026-09-22T17:17:19.77124Z
  Time since last request: 0.0002201 seconds.
  importAddress: GUID: f47c66e80010e4020b6803b930eb432c - Path: Packages/com.unity.test-framework/UnityEditor.TestRunner/GUI/TestAssets/ActiveFolderTemplateAssetCreator.cs - Importer: ScriptedImporter/UnityEditor.QuickSearchModule:UnityEditor.Search:ASIAI0B
Importing 'GUID: f47c66e80010e4020b6803b930eb432c - Path: Packages/com.unity.test-framework/UnityEditor.TestRunner/GUI/TestAssets/ActiveFolderTemplateAssetCreator.cs - Importer: ScriptedImporter/UnityEditor.QuickSearchModule:UnityEditor.Search:ASIAI0B' with importer (ScriptedImporter : UnityEditor.QuickSearchModule:UnityEditor.Search:ASIAI0B)
Imported 'GUID: f47c66e80010e4020b6803b930eb432c' -> (Import Result ID: '0b1957bcb7cf10c39f411a171529c5ef') in 0.001 seconds [static and dynamic dependencies]. Details - ImportResultOutputID=ee0237a6fdeca5959234e70fe7fb59a3 DependenciesID=afa746bded64d59af03aeb9304231790 StaticDependenciesID=ca1be27b436a69aae2885f48219abf74 
Number of updated asset objects reloaded before import = 0
Number of asset objects unloaded after import = 0
========================================================================
Received Import Request.
  Time of request: 2026-09-22T17:17:19.7723873Z
  Time since last request: 0.0001554 seconds.
  importAddress: GUID: 3d92c578e28043ef95d4b703e008be64 - Path: Packages/com.unity.test-framework/UnityEditor.TestRunner/GUI/TestAssets/FolderPathTestCompilationContextProvider.cs - Importer: ScriptedImporter/UnityEditor.QuickSearchModule:UnityEditor.Search:ASIAI0B
Importing 'GUID: 3d92c578e28043ef95d4b703e008be64 - Path: Packages/com.unity.test-framework/UnityEditor.TestRunner/GUI/TestAssets/FolderPathTestCompilationContextProvider.cs - Importer: ScriptedImporter/UnityEditor.QuickSearchModule:UnityEditor.Search:ASIAI0B' with importer (ScriptedImporter : UnityEditor.QuickSearchModule:UnityEditor.Search:ASIAI0B)
Imported 'GUID: 3d92c578e28043ef95d4b703e008be64' -> (Import Result ID: 'a2169a651768c391358b6deeb3751fd7') in 0.001 seconds [static and dynamic dependencies]. Details - ImportResultOutputID=e331b082fbd9986360f1379d78f1fbc4 DependenciesID=659fbce2f3e6c691da2927bdfb91a23d StaticDependenciesID=a8ebafa2434c425993822fb2dce773e9 
Number of updated asset objects reloaded before import = 0
Number of asset objects unloaded after import = 0
========================================================================
Received Import Request.
  Time of request: 2026-09-22T17:17:19.7740227Z
  Time since last request: 0.0002755 seconds.
  importAddress: GUID: ea6cc55375344f10834cf6fa65197525 - Path: Packages/com.unity.test-framework/UnityEditor.TestRunner/GUI/Controls/FlagEnumUtility.cs - Importer: ScriptedImporter/UnityEditor.QuickSearchModule:UnityEditor.Search:ASIAI0B
Importing 'GUID: ea6cc55375344f10834cf6fa65197525 - Path: Packages/com.unity.test-framework/UnityEditor.TestRunner/GUI/Controls/FlagEnumUtility.cs - Importer: ScriptedImporter/UnityEditor.QuickSearchModule:UnityEditor.Search:ASIAI0B' with importer (ScriptedImporter : UnityEditor.QuickSearchModule:UnityEditor.Search:ASIAI0B)
Imported 'GUID: ea6cc55375344f10834cf6fa65197525' -> (Import Result ID: 'a37865369fa4580e6109628b48eb3f64') in 0.001 seconds [static and dynamic dependencies]. Details - ImportResultOutputID=a0fe53a5ae6061c0a4838074d871d29a DependenciesID=5bd70e609c81fc514770fcb4f5933412 StaticDependenciesID=6cf95613b7da14d7a3df255c6f1ccec3 
Number of updated asset objects reloaded before import = 0
Number of asset objects unloaded after import = 0
========================================================================
Received Import Request.
  Time of request: 2026-09-22T17:17:19.7757603Z
  Time since last request: 0.0001901 seconds.
  importAddress: GUID: 7b076e8f3150431baf926fe9ee030b1e - Path: Packages/com.unity.test-framework/UnityEditor.TestRunner/GUI/Controls/ISelectableItem.cs - Importer: ScriptedImporter/UnityEditor.QuickSearchModule:UnityEditor.Search:ASIAI0B
Importing 'GUID: 7b076e8f3150431baf926fe9ee030b1e - Path: Packages/com.unity.test-framework/UnityEditor.TestRunner/GUI/Controls/ISelectableItem.cs - Importer: ScriptedImporter/UnityEditor.QuickSearchModule:UnityEditor.Search:ASIAI0B' with importer (ScriptedImporter : UnityEditor.QuickSearchModule:UnityEditor.Search:ASIAI0B)
Imported 'GUID: 7b076e8f3150431baf926fe9ee030b1e' -> (Import Result ID: '934c57e63b169d3f0f1cb595503c53ca') in 0.001 seconds [static and dynamic dependencies]. Details - ImportResultOutputID=10697f91f54ee2c9b03d47a1da52dba7 DependenciesID=8ef67ffeeb7d9182f4eb0a3463fdbb7b StaticDependenciesID=fe3001bfb285b217e82979339165a92a 
Number of updated asset objects reloaded before import = 0
Number of asset objects unloaded after import = 0
========================================================================
Received Import Request.
  Time of request: 2026-09-22T17:17:19.7770516Z
  Time since last request: 0.000208 seconds.
  importAddress: GUID: 697ab794770540d6951f83d62b8fa444 - Path: Packages/com.unity.test-framework/UnityEditor.TestRunner/Api/Analytics/TestTreeData.cs - Importer: ScriptedImporter/UnityEditor.QuickSearchModule:UnityEditor.Search:ASIAI0B
Importing 'GUID: 697ab794770540d6951f83d62b8fa444 - Path: Packages/com.unity.test-framework/UnityEditor.TestRunner/Api/Analytics/TestTreeData.cs - Importer: ScriptedImporter/UnityEditor.QuickSearchModule:UnityEditor.Search:ASIAI0B' with importer (ScriptedImporter : UnityEditor.QuickSearchModule:UnityEditor.Search:ASIAI0B)
Imported 'GUID: 697ab794770540d6951f83d62b8fa444' -> (Import Result ID: '3c049edb9dee0c2dabfc8ef5e03c8659') in 0.001 seconds [static and dynamic dependencies]. Details - ImportResultOutputID=703ce12313e95aa09a94d0d8409dcca0 DependenciesID=dae5089f3ef0fb8220db003cf294c20f StaticDependenciesID=3990f2f8ab665037427a760fe10bf41e 
Number of updated asset objects reloaded before import = 0
Number of asset objects unloaded after import = 0
========================================================================
Received Import Request.
  Time of request: 2026-09-22T17:17:19.7787932Z
  Time since last request: 0.0002617 seconds.
  importAddress: GUID: 7348ecf02a70497d9a09bd05ad2038ac - Path: Packages/com.unity.test-framework/UnityEditor.TestRunner/GUI/Controls/GenericItemContentProvider.cs - Importer: ScriptedImporter/UnityEditor.QuickSearchModule:UnityEditor.Search:ASIAI0B
Importing 'GUID: 7348ecf02a70497d9a09bd05ad2038ac - Path: Packages/com.unity.test-framework/UnityEditor.TestRunner/GUI/Controls/GenericItemContentProvider.cs - Importer: ScriptedImporter/UnityEditor.QuickSearchModule:UnityEditor.Search:ASIAI0B' with importer (ScriptedImporter : UnityEditor.QuickSearchModule:UnityEditor.Search:ASIAI0B)
Imported 'GUID: 7348ecf02a70497d9a09bd05ad2038ac' -> (Import Result ID: 'aebc2e0dd7ad53b72eb8640a81414a5f') in 0.002 seconds [static and dynamic dependencies]. Details - ImportResultOutputID=984db58e2be819f526e5d5e9a78313ea DependenciesID=621f774bb1bb16f748d34721df4c34ef StaticDependenciesID=60049d141ded7416d2e10633b150d08e 
Number of updated asset objects reloaded before import = 0
Number of asset objects unloaded after import = 0
========================================================================
Received Import Request.
  Time of request: 2026-09-22T17:17:19.7807542Z
  Time since last request: 0.0002901 seconds.
  importAddress: GUID: a85430cc5a4a4279a992be322de12b29 - Path: Packages/com.unity.test-framework/UnityEditor.TestRunner/Api/Analytics/AnalyticsReporter.cs - Importer: ScriptedImporter/UnityEditor.QuickSearchModule:UnityEditor.Search:ASIAI0B
Importing 'GUID: a85430cc5a4a4279a992be322de12b29 - Path: Packages/com.unity.test-framework/UnityEditor.TestRunner/Api/Analytics/AnalyticsReporter.cs - Importer: ScriptedImporter/UnityEditor.QuickSearchModule:UnityEditor.Search:ASIAI0B' with importer (ScriptedImporter : UnityEditor.QuickSearchModule:UnityEditor.Search:ASIAI0B)
Imported 'GUID: a85430cc5a4a4279a992be322de12b29' -> (Import Result ID: 'f6c255b4fe531e43b9dfb2d9e1915eea') in 0.002 seconds [static and dynamic dependencies]. Details - ImportResultOutputID=675c031f319ad3be58e7fc938f7ddb5b DependenciesID=2196a512e526ba5760bb7ba6b10faaf4 StaticDependenciesID=9e59e4d91596ffffc4c45dbef021d001 
Number of updated asset objects reloaded before import = 0
Number of asset objects unloaded after import = 0
========================================================================
Received Import Request.
  Time of request: 2026-09-22T17:17:19.7908824Z
  Time since last request: 0.0082507 seconds.
  importAddress: GUID: c38ae0585d6a55042a2d678330689685 - Path: Packages/com.unity.test-framework/UnityEditor.TestRunner/TestLaunchers/PlatformSetup/LuminPlatformSetup.cs - Importer: ScriptedImporter/UnityEditor.QuickSearchModule:UnityEditor.Search:ASIAI0B
Importing 'GUID: c38ae0585d6a55042a2d678330689685 - Path: Packages/com.unity.test-framework/UnityEditor.TestRunner/TestLaunchers/PlatformSetup/LuminPlatformSetup.cs - Importer: ScriptedImporter/UnityEditor.QuickSearchModule:UnityEditor.Search:ASIAI0B' with importer (ScriptedImporter : UnityEditor.QuickSearchModule:UnityEditor.Search:ASIAI0B)
Imported 'GUID: c38ae0585d6a55042a2d678330689685' -> (Import Result ID: 'de3d5bcad83d17308c2ce41871eb82ab') in 0.001 seconds [static and dynamic dependencies]. Details - ImportResultOutputID=75290e8bc25e49f2e21fc7dd72e69d3c DependenciesID=56e62f3464905d3ea0e71d6bc1442d7f StaticDependenciesID=f5650ff5b7a1752a35f6da602b0b4bdc 
Number of updated asset objects reloaded before import = 0
Number of asset objects unloaded after import = 0
========================================================================
Received Import Request.
  Time of request: 2026-09-22T17:17:19.7927991Z
  Time since last request: 0.0004216 seconds.
  importAddress: GUID: 6d2f47eae5f447748892c46848956d5f - Path: Packages/com.unity.test-framework/UnityEditor.TestRunner/NUnitExtension/Attributes/ITestPlayerBuildModifier.cs - Importer: ScriptedImporter/UnityEditor.QuickSearchModule:UnityEditor.Search:ASIAI0B
Importing 'GUID: 6d2f47eae5f447748892c46848956d5f - Path: Packages/com.unity.test-framework/UnityEditor.TestRunner/NUnitExtension/Attributes/ITestPlayerBuildModifier.cs - Importer: ScriptedImporter/UnityEditor.QuickSearchModule:UnityEditor.Search:ASIAI0B' with importer (ScriptedImporter : UnityEditor.QuickSearchModule:UnityEditor.Search:ASIAI0B)
Imported 'GUID: 6d2f47eae5f447748892c46848956d5f' -> (Import Result ID: '8a2d96e0ab78003e34106b19d353c59e') in 0.001 seconds [static and dynamic dependencies]. Details - ImportResultOutputID=7f4b6bbf02480bb2a1dab619332867d0 DependenciesID=ee018f27bf3a8d5cd8281252ef0e317b StaticDependenciesID=e2d30ac6c9afb474de8b28fb8736fb97 
Number of updated asset objects reloaded before import = 0
Number of asset objects unloaded after import = 0
========================================================================
Received Import Request.
  Time of request: 2026-09-22T17:17:19.7944885Z
  Time since last request: 0.0001987 seconds.
  importAddress: GUID: 3b6931522502d68458016e3cadb89f1b - Path: Packages/com.unity.test-framework/UnityEditor.TestRunner/TestRun/Tasks/PostbuildCleanupTask.cs - Importer: ScriptedImporter/UnityEditor.QuickSearchModule:UnityEditor.Search:ASIAI0B
Importing 'GUID: 3b6931522502d68458016e3cadb89f1b - Path: Packages/com.unity.test-framework/UnityEditor.TestRunner/TestRun/Tasks/PostbuildCleanupTask.cs - Importer: ScriptedImporter/UnityEditor.QuickSearchModule:UnityEditor.Search:ASIAI0B' with importer (ScriptedImporter : UnityEditor.QuickSearchModule:UnityEditor.Search:ASIAI0B)
Imported 'GUID: 3b6931522502d68458016e3cadb89f1b' -> (Import Result ID: '142ca9c5e63d394df467daf31d1c3c53') in 0.001 seconds [static and dynamic dependencies]. Details - ImportResultOutputID=5d93df0098b0a81e15a2dbb823989f7a DependenciesID=0695daa142fbe98e440d84a8d1a725a0 StaticDependenciesID=72888b32d40ed95a96c36ad358f94872 
Number of updated asset objects reloaded before import = 0
Number of asset objects unloaded after import = 0
========================================================================
Received Import Request.
  Time of request: 2026-09-22T17:17:19.796023Z
  Time since last request: 0.0002843 seconds.
  importAddress: GUID: b9d121df8c444236a5b38ccfadfdd1a7 - Path: Packages/com.unity.test-framework/UnityEditor.TestRunner/TestLaunchers/Helpers/DelayedCallback.cs - Importer: ScriptedImporter/UnityEditor.QuickSearchModule:UnityEditor.Search:ASIAI0B
Importing 'GUID: b9d121df8c444236a5b38ccfadfdd1a7 - Path: Packages/com.unity.test-framework/UnityEditor.TestRunner/TestLaunchers/Helpers/DelayedCallback.cs - Importer: ScriptedImporter/UnityEditor.QuickSearchModule:UnityEditor.Search:ASIAI0B' with importer (ScriptedImporter : UnityEditor.QuickSearchModule:UnityEditor.Search:ASIAI0B)
Imported 'GUID: b9d121df8c444236a5b38ccfadfdd1a7' -> (Import Result ID: '2fde5cfef1fa7e158953eaa01311b75e') in 0.002 seconds [static and dynamic dependencies]. Details - ImportResultOutputID=a874cf5745eb8ead060b60570d18bc61 DependenciesID=512d3c26cba0fad2c6034fcb58e3c86a StaticDependenciesID=1feb9962cec60f446d5b202322e93149 
Number of updated asset objects reloaded before import = 0
Number of asset objects unloaded after import = 0
========================================================================
Received Import Request.
  Time of request: 2026-09-22T17:17:19.7979372Z
  Time since last request: 0.0002107 seconds.
  importAddress: GUID: ee6c7dc47e844c3d823b833abbd5f981 - Path: Packages/com.unity.test-framework/UnityEditor.TestRunner/TestRun/Tasks/GenerateContextTask.cs - Importer: ScriptedImporter/UnityEditor.QuickSearchModule:UnityEditor.Search:ASIAI0B
Importing 'GUID: ee6c7dc47e844c3d823b833abbd5f981 - Path: Packages/com.unity.test-framework/UnityEditor.TestRunner/TestRun/Tasks/GenerateContextTask.cs - Importer: ScriptedImporter/UnityEditor.QuickSearchModule:UnityEditor.Search:ASIAI0B' with importer (ScriptedImporter : UnityEditor.QuickSearchModule:UnityEditor.Search:ASIAI0B)
Imported 'GUID: ee6c7dc47e844c3d823b833abbd5f981' -> (Import Result ID: 'd0f7b33f6037ee98897a67654d43a384') in 0.001 seconds [static and dynamic dependencies]. Details - ImportResultOutputID=a2293268389df4659bbe922c7db9bd3d DependenciesID=6595e5164c23b40e2549cfe34d49a8a2 StaticDependenciesID=2dc1fccb149aaa479264a5532d6f61dc 
Number of updated asset objects reloaded before import = 0
Number of asset objects unloaded after import = 0
========================================================================
Received Import Request.
  Time of request: 2026-09-22T17:17:19.7994185Z
  Time since last request: 0.000204 seconds.
  importAddress: GUID: 961642509dec50b44a293d26240140ec - Path: Packages/com.unity.test-framework/UnityEditor.TestRunner/TestLaunchers/PlatformSetup/AndroidPlatformSetup.cs - Importer: ScriptedImporter/UnityEditor.QuickSearchModule:UnityEditor.Search:ASIAI0B
Importing 'GUID: 961642509dec50b44a293d26240140ec - Path: Packages/com.unity.test-framework/UnityEditor.TestRunner/TestLaunchers/PlatformSetup/AndroidPlatformSetup.cs - Importer: ScriptedImporter/UnityEditor.QuickSearchModule:UnityEditor.Search:ASIAI0B' with importer (ScriptedImporter : UnityEditor.QuickSearchModule:UnityEditor.Search:ASIAI0B)
Imported 'GUID: 961642509dec50b44a293d26240140ec' -> (Import Result ID: 'fcc331d8930286ec452c8d9dca50aa62') in 0.001 seconds [static and dynamic dependencies]. Details - ImportResultOutputID=3bce9dc05890675efd6e12f8407d0ab9 DependenciesID=04e3356d799c81640c6ec319d9e04c96 StaticDependenciesID=05e08fe0ba3cfd8435b0ee121fda9af2 
Number of updated asset objects reloaded before import = 0
Number of asset objects unloaded after import = 0
========================================================================
Received Import Request.
  Time of request: 2026-09-22T17:17:19.8005869Z
  Time since last request: 0.0001397 seconds.
  importAddress: GUID: b8abb41ceb6f62c45a00197ae59224c1 - Path: Packages/com.unity.test-framework/UnityEditor.TestRunner/GUI/Views/TestListGUIBase.cs - Importer: ScriptedImporter/UnityEditor.QuickSearchModule:UnityEditor.Search:ASIAI0B
Importing 'GUID: b8abb41ceb6f62c45a00197ae59224c1 - Path: Packages/com.unity.test-framework/UnityEditor.TestRunner/GUI/Views/TestListGUIBase.cs - Importer: ScriptedImporter/UnityEditor.QuickSearchModule:UnityEditor.Search:ASIAI0B' with importer (ScriptedImporter : UnityEditor.QuickSearchModule:UnityEditor.Search:ASIAI0B)
Imported 'GUID: b8abb41ceb6f62c45a00197ae59224c1' -> (Import Result ID: '9396f8256b6f6f1061a50c31d3a73ee6') in 0.001 seconds [static and dynamic dependencies]. Details - ImportResultOutputID=dc50ce1eade56a2a239e3f3eac041257 DependenciesID=6520fa29b7f599f0ca80da566d9eb503 StaticDependenciesID=9d98866598ef9dfd2c9ad6d8c8038057 
Number of updated asset objects reloaded before import = 0
Number of asset objects unloaded after import = 0
========================================================================
Received Import Request.
  Time of request: 2026-09-22T17:17:19.8016495Z
  Time since last request: 0.000196 seconds.
  importAddress: GUID: 0cd0deb81d984e58952ccd7e1dd6b2bb - Path: Packages/com.unity.test-framework/UnityEditor.TestRunner/GUI/TestAssets/ICustomScriptAssemblyMappingFinder.cs - Importer: ScriptedImporter/UnityEditor.QuickSearchModule:UnityEditor.Search:ASIAI0B
Importing 'GUID: 0cd0deb81d984e58952ccd7e1dd6b2bb - Path: Packages/com.unity.test-framework/UnityEditor.TestRunner/GUI/TestAssets/ICustomScriptAssemblyMappingFinder.cs - Importer: ScriptedImporter/UnityEditor.QuickSearchModule:UnityEditor.Search:ASIAI0B' with importer (ScriptedImporter : UnityEditor.QuickSearchModule:UnityEditor.Search:ASIAI0B)
Imported 'GUID: 0cd0deb81d984e58952ccd7e1dd6b2bb' -> (Import Result ID: '1a68980d6e116c9c132dc51f0e3141d6') in 0.001 seconds [static and dynamic dependencies]. Details - ImportResultOutputID=acab1257c47b71a65b33a20941a3b352 DependenciesID=7ade7483bae78cd18c16bab487a29023 StaticDependenciesID=90eab45cf87d9d14d59fe98e20a03366 
Number of updated asset objects reloaded before import = 0
Number of asset objects unloaded after import = 0
========================================================================
Received Import Request.
  Time of request: 2026-09-22T17:17:19.8027944Z
  Time since last request: 0.0002027 seconds.
  importAddress: GUID: 2c2dfcbbb77359547bcaa7cdabd47ebb - Path: Packages/com.unity.test-framework/UnityEditor.TestRunner/TestLaunchers/Helpers/PostbuildCleanupAttributeFinder.cs - Importer: ScriptedImporter/UnityEditor.QuickSearchModule:UnityEditor.Search:ASIAI0B
Importing 'GUID: 2c2dfcbbb77359547bcaa7cdabd47ebb - Path: Packages/com.unity.test-framework/UnityEditor.TestRunner/TestLaunchers/Helpers/PostbuildCleanupAttributeFinder.cs - Importer: ScriptedImporter/UnityEditor.QuickSearchModule:UnityEditor.Search:ASIAI0B' with importer (ScriptedImporter : UnityEditor.QuickSearchModule:UnityEditor.Search:ASIAI0B)
Imported 'GUID: 2c2dfcbbb77359547bcaa7cdabd47ebb' -> (Import Result ID: 'd63a82d03ebde234a3f48a8398a54453') in 0.001 seconds [static and dynamic dependencies]. Details - ImportResultOutputID=f9dd1325e7e51ac5b0b95b4eebb9fbd6 DependenciesID=1341b4d9c7e4c17e2f771ae9cca7d418 StaticDependenciesID=0a002db35d7ff94fb1db38cfb4e918c8 
Number of updated asset objects reloaded before import = 0
Number of asset objects unloaded after import = 0
========================================================================
Received Import Request.
  Time of request: 2026-09-22T17:17:19.8041337Z
  Time since last request: 0.0001951 seconds.
  importAddress: GUID: 84300802bfca1472f86e2179fa2a8ed7 - Path: Packages/com.unity.test-framework/UnityEditor.TestRunner/TestLaunchers/Helpers/TestFiltering.cs - Importer: ScriptedImporter/UnityEditor.QuickSearchModule:UnityEditor.Search:ASIAI0B
Importing 'GUID: 84300802bfca1472f86e2179fa2a8ed7 - Path: Packages/com.unity.test-framework/UnityEditor.TestRunner/TestLaunchers/Helpers/TestFiltering.cs - Importer: ScriptedImporter/UnityEditor.QuickSearchModule:UnityEditor.Search:ASIAI0B' with importer (ScriptedImporter : UnityEditor.QuickSearchModule:UnityEditor.Search:ASIAI0B)
Imported 'GUID: 84300802bfca1472f86e2179fa2a8ed7' -> (Import Result ID: '8520e3ca4b691089a75befa17e1e974d') in 0.001 seconds [static and dynamic dependencies]. Details - ImportResultOutputID=5326b83e1c898851a2fb9b2b2593699d DependenciesID=00597fc57636e37fa12abbe2f163180b StaticDependenciesID=c7fa15b132511511786d0ee0f10980ac 
Number of updated asset objects reloaded before import = 0
Number of asset objects unloaded after import = 0
========================================================================
Received Import Request.
  Time of request: 2026-09-22T17:17:19.805503Z
  Time since last request: 0.000167 seconds.
  importAddress: GUID: dd57b1176859fc84e93586103d3b5f73 - Path: Packages/com.unity.test-framework/UnityEditor.TestRunner/NUnitExtension/Attributes/TestPlayerBuildModifierAttribute.cs - Importer: ScriptedImporter/UnityEditor.QuickSearchModule:UnityEditor.Search:ASIAI0B
Importing 'GUID: dd57b1176859fc84e93586103d3b5f73 - Path: Packages/com.unity.test-framework/UnityEditor.TestRunner/NUnitExtension/Attributes/TestPlayerBuildModifierAttribute.cs - Importer: ScriptedImporter/UnityEditor.QuickSearchModule:UnityEditor.Search:ASIAI0B' with importer (ScriptedImporter : UnityEditor.QuickSearchModule:UnityEditor.Search:ASIAI0B)
Imported 'GUID: dd57b1176859fc84e93586103d3b5f73' -> (Import Result ID: '3fcf0b393389b7cdc4c5ec7bd0b83bdf') in 0.001 seconds [static and dynamic dependencies]. Details - ImportResultOutputID=ae5c8af462950ca83a0e4ea989b5726e DependenciesID=ad860646b3ce3dd6354c3263be5dd767 StaticDependenciesID=ab5d19821a274f18ec1a5b0cc356869b 
Number of updated asset objects reloaded before import = 0
Number of asset objects unloaded after import = 0
========================================================================
Received Import Request.
  Time of request: 2026-09-22T17:17:19.8068953Z
  Time since last request: 0.0002067 seconds.
  importAddress: GUID: 4b45f42910304b00a63958173ee2c76f - Path: Packages/com.unity.test-framework/UnityEditor.TestRunner/TestRun/Tasks/EnterPlayModeTask.cs - Importer: ScriptedImporter/UnityEditor.QuickSearchModule:UnityEditor.Search:ASIAI0B
Importing 'GUID: 4b45f42910304b00a63958173ee2c76f - Path: Packages/com.unity.test-framework/UnityEditor.TestRunner/TestRun/Tasks/EnterPlayModeTask.cs - Importer: ScriptedImporter/UnityEditor.QuickSearchModule:UnityEditor.Search:ASIAI0B' with importer (ScriptedImporter : UnityEditor.QuickSearchModule:UnityEditor.Search:ASIAI0B)
Imported 'GUID: 4b45f42910304b00a63958173ee2c76f' -> (Import Result ID: '19ba6acb030aee9f7c7a0d6eeac83ad9') in 0.001 seconds [static and dynamic dependencies]. Details - ImportResultOutputID=3c9025f28b65063c6a07147a259e8780 DependenciesID=1dd11d100edab9903d078de1a018c681 StaticDependenciesID=1f7bf1ca74654a8a169e2f6cef99b29b 
Number of updated asset objects reloaded before import = 0
Number of asset objects unloaded after import = 0
========================================================================
Received Import Request.
  Time of request: 2026-09-22T17:17:19.8081638Z
  Time since last request: 0.0002571 seconds.
  importAddress: GUID: 5640d0c51961421997c9f36f0ec45480 - Path: Packages/com.unity.test-framework/UnityEditor.TestRunner/TestRun/Tasks/BuildNUnitFilterTask.cs - Importer: ScriptedImporter/UnityEditor.QuickSearchModule:UnityEditor.Search:ASIAI0B
Importing 'GUID: 5640d0c51961421997c9f36f0ec45480 - Path: Packages/com.unity.test-framework/UnityEditor.TestRunner/TestRun/Tasks/BuildNUnitFilterTask.cs - Importer: ScriptedImporter/UnityEditor.QuickSearchModule:UnityEditor.Search:ASIAI0B' with importer (ScriptedImporter : UnityEditor.QuickSearchModule:UnityEditor.Search:ASIAI0B)
Imported 'GUID: 5640d0c51961421997c9f36f0ec45480' -> (Import Result ID: '49b3b7914a3dd63d12e51ee16968b4dd') in 0.001 seconds [static and dynamic dependencies]. Details - ImportResultOutputID=ce1709683d1dbd7d11205261b601d66b DependenciesID=0c7e6f3c0b2cd00e9c533d42192955d5 StaticDependenciesID=f9ca64e0c18271da3a53bb65861134d6 
Number of updated asset objects reloaded before import = 0
Number of asset objects unloaded after import = 0
========================================================================
Received Import Request.
  Time of request: 2026-09-22T17:17:19.8093749Z
  Time since last request: 0.0001549 seconds.
  importAddress: GUID: ad7bb166069f8414e9ad26606b305e66 - Path: Packages/com.unity.test-framework/UnityEditor.TestRunner/TestRun/Tasks/FileCleanupVerifierTaskBase.cs - Importer: ScriptedImporter/UnityEditor.QuickSearchModule:UnityEditor.Search:ASIAI0B
Importing 'GUID: ad7bb166069f8414e9ad26606b305e66 - Path: Packages/com.unity.test-framework/UnityEditor.TestRunner/TestRun/Tasks/FileCleanupVerifierTaskBase.cs - Importer: ScriptedImporter/UnityEditor.QuickSearchModule:UnityEditor.Search:ASIAI0B' with importer (ScriptedImporter : UnityEditor.QuickSearchModule:UnityEditor.Search:ASIAI0B)
Imported 'GUID: ad7bb166069f8414e9ad26606b305e66' -> (Import Result ID: '27cba8fd7c2eb222e4b131102357e225') in 0.001 seconds [static and dynamic dependencies]. Details - ImportResultOutputID=0f04fdb10fb40b583ec5ee5c483480fd DependenciesID=cb9061d85bffb34693d18f3f5d048ff2 StaticDependenciesID=14a19281fb9c630e796f88bba30f208a 
Number of updated asset objects reloaded before import = 0
Number of asset objects unloaded after import = 0
========================================================================
Received Import Request.
  Time of request: 2026-09-22T17:17:19.8107934Z
  Time since last request: 0.0002105 seconds.
  importAddress: GUID: 1bace19a170f47bb8d19645cfc580796 - Path: Packages/com.unity.test-framework/UnityEditor.TestRunner/GUI/TestAssets/TestScriptAssetsCreator.cs - Importer: ScriptedImporter/UnityEditor.QuickSearchModule:UnityEditor.Search:ASIAI0B
Importing 'GUID: 1bace19a170f47bb8d19645cfc580796 - Path: Packages/com.unity.test-framework/UnityEditor.TestRunner/GUI/TestAssets/TestScriptAssetsCreator.cs - Importer: ScriptedImporter/UnityEditor.QuickSearchModule:UnityEditor.Search:ASIAI0B' with importer (ScriptedImporter : UnityEditor.QuickSearchModule:UnityEditor.Search:ASIAI0B)
Imported 'GUID: 1bace19a170f47bb8d19645cfc580796' -> (Import Result ID: '64ca6b1bcd87e201637e42c11a3a8617') in 0.001 seconds [static and dynamic dependencies]. Details - ImportResultOutputID=bd1efbfe5e2e0ad3c336a96631f2bc32 DependenciesID=088a5aff79f24802558a4b03a000fb7e StaticDependenciesID=90f6fbe2e7cb41ddb7d4924c68cb7ed8 
Number of updated asset objects reloaded before import = 0
Number of asset objects unloaded after import = 0
========================================================================
Received Import Request.
  Time of request: 2026-09-22T17:17:19.8121418Z
  Time since last request: 0.0001997 seconds.
  importAddress: GUID: 32829ea9e75c475295f73ff867e2f9d0 - Path: Packages/com.unity.test-framework/UnityEditor.TestRunner/GUI/TestAssets/ICustomScriptAssembly.cs - Importer: ScriptedImporter/UnityEditor.QuickSearchModule:UnityEditor.Search:ASIAI0B
Importing 'GUID: 32829ea9e75c475295f73ff867e2f9d0 - Path: Packages/com.unity.test-framework/UnityEditor.TestRunner/GUI/TestAssets/ICustomScriptAssembly.cs - Importer: ScriptedImporter/UnityEditor.QuickSearchModule:UnityEditor.Search:ASIAI0B' with importer (ScriptedImporter : UnityEditor.QuickSearchModule:UnityEditor.Search:ASIAI0B)
Imported 'GUID: 32829ea9e75c475295f73ff867e2f9d0' -> (Import Result ID: '55776935c26fcc270bb7f2c02d1d47b3') in 0.001 seconds [static and dynamic dependencies]. Details - ImportResultOutputID=030bb4fe4c126284163d0f68ba18c3d1 DependenciesID=1af13a35c980717afac9e7c8edda9c37 StaticDependenciesID=a4d5ec0654491e1ed34492980aff5c54 
Number of updated asset objects reloaded before import = 0
Number of asset objects unloaded after import = 0
========================================================================
Received Import Request.
  Time of request: 2026-09-22T17:17:19.8136358Z
  Time since last request: 0.0002236 seconds.
  importAddress: GUID: bd3135cd5079e43b383e0e53242ef502 - Path: Packages/com.unity.test-framework/UnityEditor.TestRunner/TestLaunchers/Helpers/PrebuildSetupWithJobDataAttributeFinder.cs - Importer: ScriptedImporter/UnityEditor.QuickSearchModule:UnityEditor.Search:ASIAI0B
Importing 'GUID: bd3135cd5079e43b383e0e53242ef502 - Path: Packages/com.unity.test-framework/UnityEditor.TestRunner/TestLaunchers/Helpers/PrebuildSetupWithJobDataAttributeFinder.cs - Importer: ScriptedImporter/UnityEditor.QuickSearchModule:UnityEditor.Search:ASIAI0B' with importer (ScriptedImporter : UnityEditor.QuickSearchModule:UnityEditor.Search:ASIAI0B)
Imported 'GUID: bd3135cd5079e43b383e0e53242ef502' -> (Import Result ID: 'cb37af096ce4ebdc14677696baeafe13') in 0.002 seconds [static and dynamic dependencies]. Details - ImportResultOutputID=7207fcdb8c21a43316c0cec69fe9e3e6 DependenciesID=d343e844366f8a27c12a9c7100b8a349 StaticDependenciesID=9dc16fc3268cc4ab0dc05869d9d0af95 
Number of updated asset objects reloaded before import = 0
Number of asset objects unloaded after import = 0
========================================================================
Received Import Request.
  Time of request: 2026-09-22T17:17:19.8159071Z
  Time since last request: 0.0002347 seconds.
  importAddress: GUID: 1c97cd557b334b27bc325649466d1872 - Path: Packages/com.unity.test-framework/UnityEditor.TestRunner/TestRun/Tasks/CleanUpContext.cs - Importer: ScriptedImporter/UnityEditor.QuickSearchModule:UnityEditor.Search:ASIAI0B
Importing 'GUID: 1c97cd557b334b27bc325649466d1872 - Path: Packages/com.unity.test-framework/UnityEditor.TestRunner/TestRun/Tasks/CleanUpContext.cs - Importer: ScriptedImporter/UnityEditor.QuickSearchModule:UnityEditor.Search:ASIAI0B' with importer (ScriptedImporter : UnityEditor.QuickSearchModule:UnityEditor.Search:ASIAI0B)
Imported 'GUID: 1c97cd557b334b27bc325649466d1872' -> (Import Result ID: '59792a7de4486d937f0badfc79e596ce') in 0.001 seconds [static and dynamic dependencies]. Details - ImportResultOutputID=2e2ef12c0cb896c2a9642309cb61c405 DependenciesID=c90e67dae72c78c9ced258019d898460 StaticDependenciesID=0b395157f9c972062750bf8742ff7994 
Number of updated asset objects reloaded before import = 0
Number of asset objects unloaded after import = 0
========================================================================
Received Import Request.
  Time of request: 2026-09-22T17:17:19.8175364Z
  Time since last request: 0.0002293 seconds.
  importAddress: GUID: 06e624de88cb4a808350b63994eb39ed - Path: Packages/com.unity.test-framework/UnityEditor.TestRunner/TestRun/Data/TaskMode.cs - Importer: ScriptedImporter/UnityEditor.QuickSearchModule:UnityEditor.Search:ASIAI0B
Importing 'GUID: 06e624de88cb4a808350b63994eb39ed - Path: Packages/com.unity.test-framework/UnityEditor.TestRunner/TestRun/Data/TaskMode.cs - Importer: ScriptedImporter/UnityEditor.QuickSearchModule:UnityEditor.Search:ASIAI0B' with importer (ScriptedImporter : UnityEditor.QuickSearchModule:UnityEditor.Search:ASIAI0B)
Imported 'GUID: 06e624de88cb4a808350b63994eb39ed' -> (Import Result ID: 'b0f7aa80ff9df11f096946e426e18c6b') in 0.001 seconds [static and dynamic dependencies]. Details - ImportResultOutputID=e4d330cfba0403f20d7023d1a0be4cc4 DependenciesID=43983a7f5b5a367da880d61f6f1e6ae2 StaticDependenciesID=74bdf03c091536995455eec3bd2a59e5 
Number of updated asset objects reloaded before import = 0
Number of asset objects unloaded after import = 0
========================================================================
Received Import Request.
  Time of request: 2026-09-22T17:17:19.818936Z
  Time since last request: 0.0002783 seconds.
  importAddress: GUID: 52c907c81459f324497af504b84fd557 - Path: Packages/com.unity.test-framework/UnityEditor.TestRunner/GUI/TestListTreeView/TestListTreeViewGUI.cs - Importer: ScriptedImporter/UnityEditor.QuickSearchModule:UnityEditor.Search:ASIAI0B
Importing 'GUID: 52c907c81459f324497af504b84fd557 - Path: Packages/com.unity.test-framework/UnityEditor.TestRunner/GUI/TestListTreeView/TestListTreeViewGUI.cs - Importer: ScriptedImporter/UnityEditor.QuickSearchModule:UnityEditor.Search:ASIAI0B' with importer (ScriptedImporter : UnityEditor.QuickSearchModule:UnityEditor.Search:ASIAI0B)
Imported 'GUID: 52c907c81459f324497af504b84fd557' -> (Import Result ID: 'fbd6c0d19311094dd5d8cfa010c8da09') in 0.001 seconds [static and dynamic dependencies]. Details - ImportResultOutputID=b396389051cba48846b7a1b642c5f434 DependenciesID=42cbe9d48780427f0bcd4629f54da19f StaticDependenciesID=a36ee918f07ad4ce92c9369b7d3be367 
Number of updated asset objects reloaded before import = 0
Number of asset objects unloaded after import = 0
========================================================================
Received Import Request.
  Time of request: 2026-09-22T17:17:19.820253Z
  Time since last request: 0.0001642 seconds.
  importAddress: GUID: a155fee568ce42a4b561ee3a27d88532 - Path: Packages/com.unity.test-framework/UnityEditor.TestRunner/TestRun/Tasks/CleanupConstructDelegatorTask.cs - Importer: ScriptedImporter/UnityEditor.QuickSearchModule:UnityEditor.Search:ASIAI0B
Importing 'GUID: a155fee568ce42a4b561ee3a27d88532 - Path: Packages/com.unity.test-framework/UnityEditor.TestRunner/TestRun/Tasks/CleanupConstructDelegatorTask.cs - Importer: ScriptedImporter/UnityEditor.QuickSearchModule:UnityEditor.Search:ASIAI0B' with importer (ScriptedImporter : UnityEditor.QuickSearchModule:UnityEditor.Search:ASIAI0B)
Imported 'GUID: a155fee568ce42a4b561ee3a27d88532' -> (Import Result ID: '0f0aaae3af7ba6aaa56171bd08dbc5ba') in 0.001 seconds [static and dynamic dependencies]. Details - ImportResultOutputID=4267de380bc2e065f24750b29f26d2a6 DependenciesID=81ca1814084a669fc60dc1a7fa2a5e49 StaticDependenciesID=a1a0d3dd34e2df1e125e281e574bf61f 
Number of updated asset objects reloaded before import = 0
Number of asset objects unloaded after import = 0
========================================================================
Received Import Request.
  Time of request: 2026-09-22T17:17:19.8214343Z
  Time since last request: 0.00023 seconds.
  importAddress: GUID: aed7ab02155e43341a2dbcb7bc17c160 - Path: Packages/com.unity.test-framework/UnityEditor.TestRunner/TestLaunchers/PlatformSetup/XboxOnePlatformSetup.cs - Importer: ScriptedImporter/UnityEditor.QuickSearchModule:UnityEditor.Search:ASIAI0B
Importing 'GUID: aed7ab02155e43341a2dbcb7bc17c160 - Path: Packages/com.unity.test-framework/UnityEditor.TestRunner/TestLaunchers/PlatformSetup/XboxOnePlatformSetup.cs - Importer: ScriptedImporter/UnityEditor.QuickSearchModule:UnityEditor.Search:ASIAI0B' with importer (ScriptedImporter : UnityEditor.QuickSearchModule:UnityEditor.Search:ASIAI0B)
Imported 'GUID: aed7ab02155e43341a2dbcb7bc17c160' -> (Import Result ID: '022ded18aadee1f776c5173de7d053a1') in 0.001 seconds [static and dynamic dependencies]. Details - ImportResultOutputID=9ab2571d0aaa33d45289ec393f6403da DependenciesID=d004f6d0af683c234bee5e24fab90689 StaticDependenciesID=ea3c0e461385c5a9bf2fa81e8510c624 
Number of updated asset objects reloaded before import = 0
Number of asset objects unloaded after import = 0
========================================================================
Received Import Request.
  Time of request: 2026-09-22T17:17:19.8226636Z
  Time since last request: 0.0001833 seconds.
  importAddress: GUID: 881a6e4afaf6d1744a7aacea7f268f4c - Path: Packages/com.unity.test-framework/UnityEditor.TestRunner/TestRun/Data/TestProgress.cs - Importer: ScriptedImporter/UnityEditor.QuickSearchModule:UnityEditor.Search:ASIAI0B
Importing 'GUID: 881a6e4afaf6d1744a7aacea7f268f4c - Path: Packages/com.unity.test-framework/UnityEditor.TestRunner/TestRun/Data/TestProgress.cs - Importer: ScriptedImporter/UnityEditor.QuickSearchModule:UnityEditor.Search:ASIAI0B' with importer (ScriptedImporter : UnityEditor.QuickSearchModule:UnityEditor.Search:ASIAI0B)
Imported 'GUID: 881a6e4afaf6d1744a7aacea7f268f4c' -> (Import Result ID: 'ba3719e03287bc41dd172d2bb0045057') in 0.001 seconds [static and dynamic dependencies]. Details - ImportResultOutputID=8f3b372c5ce72b62d98aa84e10862f34 DependenciesID=554c4269915dd88fded293cad8e31850 StaticDependenciesID=e97c759ab4e5b111a28589d4df1d4c97 
Number of updated asset objects reloaded before import = 0
Number of asset objects unloaded after import = 0
========================================================================
Received Import Request.
  Time of request: 2026-09-22T17:17:19.8238653Z
  Time since last request: 0.0002253 seconds.
  importAddress: GUID: adf7bea9401c1834380d55601add6cfb - Path: Packages/com.unity.test-framework/UnityEditor.TestRunner/TestLaunchers/PlatformSetup/SwitchPlatformSetup.cs - Importer: ScriptedImporter/UnityEditor.QuickSearchModule:UnityEditor.Search:ASIAI0B
Importing 'GUID: adf7bea9401c1834380d55601add6cfb - Path: Packages/com.unity.test-framework/UnityEditor.TestRunner/TestLaunchers/PlatformSetup/SwitchPlatformSetup.cs - Importer: ScriptedImporter/UnityEditor.QuickSearchModule:UnityEditor.Search:ASIAI0B' with importer (ScriptedImporter : UnityEditor.QuickSearchModule:UnityEditor.Search:ASIAI0B)
Imported 'GUID: adf7bea9401c1834380d55601add6cfb' -> (Import Result ID: 'b4c8822e285021297f64f0c785448ff0') in 0.002 seconds [static and dynamic dependencies]. Details - ImportResultOutputID=9d1dabdbe05f3bda3a37ff0a494d4282 DependenciesID=b50e2212e9e8d3d9e3ca3c1796469e38 StaticDependenciesID=fe8a61b9fc851f4e7513da3bb9d138c0 
Number of updated asset objects reloaded before import = 0
Number of asset objects unloaded after import = 0
========================================================================
Received Import Request.
  Time of request: 2026-09-22T17:17:19.8257107Z
  Time since last request: 0.000246 seconds.
  importAddress: GUID: 0d2e1e2a782748e6acb8565ad040df60 - Path: Packages/com.unity.test-framework/UnityEditor.TestRunner/TestRun/Data/TaskInfo.cs - Importer: ScriptedImporter/UnityEditor.QuickSearchModule:UnityEditor.Search:ASIAI0B
Importing 'GUID: 0d2e1e2a782748e6acb8565ad040df60 - Path: Packages/com.unity.test-framework/UnityEditor.TestRunner/TestRun/Data/TaskInfo.cs - Importer: ScriptedImporter/UnityEditor.QuickSearchModule:UnityEditor.Search:ASIAI0B' with importer (ScriptedImporter : UnityEditor.QuickSearchModule:UnityEditor.Search:ASIAI0B)
Imported 'GUID: 0d2e1e2a782748e6acb8565ad040df60' -> (Import Result ID: '7a83fc3d34a4b62babba497dadbf0fc3') in 0.001 seconds [static and dynamic dependencies]. Details - ImportResultOutputID=2c5bcfcd2b3ca14aacd16a26e8182418 DependenciesID=728ac70d6e08c3bd9a9cd98356aab009 StaticDependenciesID=0da70dd1ab602ca620cce84db32cfeb5 
Number of updated asset objects reloaded before import = 0
Number of asset objects unloaded after import = 0
========================================================================
Received Import Request.
  Time of request: 2026-09-22T17:17:19.8274407Z
  Time since last request: 0.0003398 seconds.
  importAddress: GUID: 078a3968c1fd87047890f314894a20a1 - Path: Packages/com.unity.test-framework/UnityEditor.TestRunner/TestLaunchers/PlatformSetup/Switch2PlatformSetup.cs - Importer: ScriptedImporter/UnityEditor.QuickSearchModule:UnityEditor.Search:ASIAI0B
Importing 'GUID: 078a3968c1fd87047890f314894a20a1 - Path: Packages/com.unity.test-framework/UnityEditor.TestRunner/TestLaunchers/PlatformSetup/Switch2PlatformSetup.cs - Importer: ScriptedImporter/UnityEditor.QuickSearchModule:UnityEditor.Search:ASIAI0B' with importer (ScriptedImporter : UnityEditor.QuickSearchModule:UnityEditor.Search:ASIAI0B)
Imported 'GUID: 078a3968c1fd87047890f314894a20a1' -> (Import Result ID: '453303f78832101a2121594a2dd4537d') in 0.002 seconds [static and dynamic dependencies]. Details - ImportResultOutputID=cda552a97d3a23d13815b709528f724e DependenciesID=b5630d4ab56527d0963a3663e7cb0999 StaticDependenciesID=5eaaa514d066112840f72c7965b6ebe5 
Number of updated asset objects reloaded before import = 0
Number of asset objects unloaded after import = 0
========================================================================
Received Import Request.
  Time of request: 2026-09-22T17:17:19.8302318Z
  Time since last request: 0.000331 seconds.
  importAddress: GUID: 92de9780c7bec4f0f89c7c88a2ec15ed - Path: Packages/com.unity.test-framework/UnityEditor.TestRunner/TestRun/Tasks/FilterTestTreeTask.cs - Importer: ScriptedImporter/UnityEditor.QuickSearchModule:UnityEditor.Search:ASIAI0B
Importing 'GUID: 92de9780c7bec4f0f89c7c88a2ec15ed - Path: Packages/com.unity.test-framework/UnityEditor.TestRunner/TestRun/Tasks/FilterTestTreeTask.cs - Importer: ScriptedImporter/UnityEditor.QuickSearchModule:UnityEditor.Search:ASIAI0B' with importer (ScriptedImporter : UnityEditor.QuickSearchModule:UnityEditor.Search:ASIAI0B)
Imported 'GUID: 92de9780c7bec4f0f89c7c88a2ec15ed' -> (Import Result ID: '49469cc82826002d9178f5985c1b1914') in 0.001 seconds [static and dynamic dependencies]. Details - ImportResultOutputID=cd43b7b0dffaeaef981eb70dff9efeba DependenciesID=7a883e986c19e403365ee686b62902cb StaticDependenciesID=0be3586bc220bcdf1c292277996a16a0 
Number of updated asset objects reloaded before import = 0
Number of asset objects unloaded after import = 0
========================================================================
Received Import Request.
  Time of request: 2026-09-22T17:17:19.8317849Z
  Time since last request: 0.0002494 seconds.
  importAddress: GUID: a0288e1c9324e824bab7e2044a72a434 - Path: Packages/com.unity.test-framework/UnityEditor.TestRunner/TestRun/Tasks/BuildTestTreeTask.cs - Importer: ScriptedImporter/UnityEditor.QuickSearchModule:UnityEditor.Search:ASIAI0B
Importing 'GUID: a0288e1c9324e824bab7e2044a72a434 - Path: Packages/com.unity.test-framework/UnityEditor.TestRunner/TestRun/Tasks/BuildTestTreeTask.cs - Importer: ScriptedImporter/UnityEditor.QuickSearchModule:UnityEditor.Search:ASIAI0B' with importer (ScriptedImporter : UnityEditor.QuickSearchModule:UnityEditor.Search:ASIAI0B)
Imported 'GUID: a0288e1c9324e824bab7e2044a72a434' -> (Import Result ID: '12104ed686ad66656eaeb32fead329a0') in 0.001 seconds [static and dynamic dependencies]. Details - ImportResultOutputID=2f8d934c1b45fd6271b2914d9951a648 DependenciesID=865d430a130edff5925a6bc59f96ae5a StaticDependenciesID=f0c1b403ee61f3def0ea978e2a9806bc 
Number of updated asset objects reloaded before import = 0
Number of asset objects unloaded after import = 0
========================================================================
Received Import Request.
  Time of request: 2026-09-22T17:17:19.8335567Z
  Time since last request: 0.0005852 seconds.
  importAddress: GUID: ce87c287371edde43a4b5fcfdee7b9ef - Path: Packages/com.unity.test-framework/UnityEditor.TestRunner/GUI/TestListTreeView/TestListTreeViewDataSource.cs - Importer: ScriptedImporter/UnityEditor.QuickSearchModule:UnityEditor.Search:ASIAI0B
Importing 'GUID: ce87c287371edde43a4b5fcfdee7b9ef - Path: Packages/com.unity.test-framework/UnityEditor.TestRunner/GUI/TestListTreeView/TestListTreeViewDataSource.cs - Importer: ScriptedImporter/UnityEditor.QuickSearchModule:UnityEditor.Search:ASIAI0B' with importer (ScriptedImporter : UnityEditor.QuickSearchModule:UnityEditor.Search:ASIAI0B)
Imported 'GUID: ce87c287371edde43a4b5fcfdee7b9ef' -> (Import Result ID: '5e9c74bf7890307ba44487897f7fd9cf') in 0.001 seconds [static and dynamic dependencies]. Details - ImportResultOutputID=3ab64bea033ef74135603df67d6ff43e DependenciesID=3d4b8875b08dce9b60eee53c3c7c4c8e StaticDependenciesID=e538818c186595e241e47e4e0bffa2bf 
Number of updated asset objects reloaded before import = 0
Number of asset objects unloaded after import = 0
========================================================================
Received Import Request.
  Time of request: 2026-09-22T17:17:19.8353058Z
  Time since last request: 0.0002658 seconds.
  importAddress: GUID: b88caca58e05ee74486d86fb404c48e2 - Path: Packages/com.unity.test-framework/UnityEditor.TestRunner/NUnitExtension/Attributes/AssetPipelineIgnore.cs - Importer: ScriptedImporter/UnityEditor.QuickSearchModule:UnityEditor.Search:ASIAI0B
Importing 'GUID: b88caca58e05ee74486d86fb404c48e2 - Path: Packages/com.unity.test-framework/UnityEditor.TestRunner/NUnitExtension/Attributes/AssetPipelineIgnore.cs - Importer: ScriptedImporter/UnityEditor.QuickSearchModule:UnityEditor.Search:ASIAI0B' with importer (ScriptedImporter : UnityEditor.QuickSearchModule:UnityEditor.Search:ASIAI0B)
Imported 'GUID: b88caca58e05ee74486d86fb404c48e2' -> (Import Result ID: '4ca49f6a72ef147cc671450bd8e193c6') in 0.002 seconds [static and dynamic dependencies]. Details - ImportResultOutputID=b5bbd8617a5044c8c9dd0cff694e451c DependenciesID=50530812c9fe6f4945a5ccb8fa9a0fa5 StaticDependenciesID=18b665522edf4af167a5e37a631af96e 
Number of updated asset objects reloaded before import = 0
Number of asset objects unloaded after import = 0
========================================================================
Received Import Request.
  Time of request: 2026-09-22T17:17:19.837296Z
  Time since last request: 0.0002539 seconds.
  importAddress: GUID: e17c88b021c2a4c409b3f15b0d80ac62 - Path: Packages/com.unity.test-framework/UnityEditor.TestRunner/GUI/TestListBuilder/TestTreeViewBuilder.cs - Importer: ScriptedImporter/UnityEditor.QuickSearchModule:UnityEditor.Search:ASIAI0B
Importing 'GUID: e17c88b021c2a4c409b3f15b0d80ac62 - Path: Packages/com.unity.test-framework/UnityEditor.TestRunner/GUI/TestListBuilder/TestTreeViewBuilder.cs - Importer: ScriptedImporter/UnityEditor.QuickSearchModule:UnityEditor.Search:ASIAI0B' with importer (ScriptedImporter : UnityEditor.QuickSearchModule:UnityEditor.Search:ASIAI0B)
Imported 'GUID: e17c88b021c2a4c409b3f15b0d80ac62' -> (Import Result ID: 'a74bfe014b12b4ac0819786df2dc66ba') in 0.001 seconds [static and dynamic dependencies]. Details - ImportResultOutputID=375b4fc40445d1438f7099a0a72d5a06 DependenciesID=610d2d8642cd512407726ca07bd7ff3d StaticDependenciesID=e9fefd8cef01fca9ff4c98dd3c29ee0e 
Number of updated asset objects reloaded before import = 0
Number of asset objects unloaded after import = 0
========================================================================
Received Import Request.
  Time of request: 2026-09-22T17:17:19.8386969Z
  Time since last request: 0.0001854 seconds.
  importAddress: GUID: fb1abebffd37bd4458c84e15a5d7ab04 - Path: Packages/com.unity.test-framework/UnityEditor.TestRunner/TestRun/Tasks/PerformUndoTask.cs - Importer: ScriptedImporter/UnityEditor.QuickSearchModule:UnityEditor.Search:ASIAI0B
Importing 'GUID: fb1abebffd37bd4458c84e15a5d7ab04 - Path: Packages/com.unity.test-framework/UnityEditor.TestRunner/TestRun/Tasks/PerformUndoTask.cs - Importer: ScriptedImporter/UnityEditor.QuickSearchModule:UnityEditor.Search:ASIAI0B' with importer (ScriptedImporter : UnityEditor.QuickSearchModule:UnityEditor.Search:ASIAI0B)
Imported 'GUID: fb1abebffd37bd4458c84e15a5d7ab04' -> (Import Result ID: '3821c3dc582ad7375d0b2ff5056ab791') in 0.001 seconds [static and dynamic dependencies]. Details - ImportResultOutputID=204c7ca79a39f5c63354cf0de96bb212 DependenciesID=0f81dda886cb6f77085ee0f893efeba4 StaticDependenciesID=e3a5ff1d276db4f1cfb899cb513d7539 
Number of updated asset objects reloaded before import = 0
Number of asset objects unloaded after import = 0
========================================================================
Received Import Request.
  Time of request: 2026-09-22T17:17:19.8402855Z
  Time since last request: 0.000279 seconds.
  importAddress: GUID: 3c4ccfb0896bcf44da13e152b267aa49 - Path: Packages/com.unity.test-framework/UnityEditor.TestRunner/TestLaunchers/Helpers/PrebuildSetupAttributeFinder.cs - Importer: ScriptedImporter/UnityEditor.QuickSearchModule:UnityEditor.Search:ASIAI0B
Importing 'GUID: 3c4ccfb0896bcf44da13e152b267aa49 - Path: Packages/com.unity.test-framework/UnityEditor.TestRunner/TestLaunchers/Helpers/PrebuildSetupAttributeFinder.cs - Importer: ScriptedImporter/UnityEditor.QuickSearchModule:UnityEditor.Search:ASIAI0B' with importer (ScriptedImporter : UnityEditor.QuickSearchModule:UnityEditor.Search:ASIAI0B)
Imported 'GUID: 3c4ccfb0896bcf44da13e152b267aa49' -> (Import Result ID: 'f04489c8ecd443611e90ade2f6189bc2') in 0.001 seconds [static and dynamic dependencies]. Details - ImportResultOutputID=67356b768aa64f00d79ffb4b6a191323 DependenciesID=5611cdf0d6879b42eaef421e4db146e1 StaticDependenciesID=91ed79b4e56e171f8fa898e44502de47 
Number of updated asset objects reloaded before import = 0
Number of asset objects unloaded after import = 0
========================================================================
Received Import Request.
  Time of request: 2026-09-22T17:17:19.8420058Z
  Time since last request: 0.0001896 seconds.
  importAddress: GUID: e7f72702c2f04b999739380ef9c0de5f - Path: Packages/com.unity.test-framework/UnityEditor.TestRunner/GUI/TestAssets/ITestScriptAssetsCreator.cs - Importer: ScriptedImporter/UnityEditor.QuickSearchModule:UnityEditor.Search:ASIAI0B
Importing 'GUID: e7f72702c2f04b999739380ef9c0de5f - Path: Packages/com.unity.test-framework/UnityEditor.TestRunner/GUI/TestAssets/ITestScriptAssetsCreator.cs - Importer: ScriptedImporter/UnityEditor.QuickSearchModule:UnityEditor.Search:ASIAI0B' with importer (ScriptedImporter : UnityEditor.QuickSearchModule:UnityEditor.Search:ASIAI0B)
Imported 'GUID: e7f72702c2f04b999739380ef9c0de5f' -> (Import Result ID: 'ac080fedd5e29c67b61a88fdebd7effb') in 0.001 seconds [static and dynamic dependencies]. Details - ImportResultOutputID=512b2de673460f0ce4977cfa2913b15d DependenciesID=39a1b3c3533095f4c6cfe083c2a98f93 StaticDependenciesID=fd9cdaa09a47eb8e01e0f9ecdbbb43fd 
Number of updated asset objects reloaded before import = 0
Number of asset objects unloaded after import = 0
========================================================================
Received Import Request.
  Time of request: 2026-09-22T17:17:19.8433111Z
  Time since last request: 0.0001709 seconds.
  importAddress: GUID: 465c1d388f96ba143b216a9bbef88340 - Path: Packages/com.unity.test-framework/UnityEditor.TestRunner/TestLaunchers/PlatformSetup/GameCorePlatformSetup.cs - Importer: ScriptedImporter/UnityEditor.QuickSearchModule:UnityEditor.Search:ASIAI0B
Importing 'GUID: 465c1d388f96ba143b216a9bbef88340 - Path: Packages/com.unity.test-framework/UnityEditor.TestRunner/TestLaunchers/PlatformSetup/GameCorePlatformSetup.cs - Importer: ScriptedImporter/UnityEditor.QuickSearchModule:UnityEditor.Search:ASIAI0B' with importer (ScriptedImporter : UnityEditor.QuickSearchModule:UnityEditor.Search:ASIAI0B)
Imported 'GUID: 465c1d388f96ba143b216a9bbef88340' -> (Import Result ID: '02e292ac5fd49203ca0e2ecff92b2554') in 0.001 seconds [static and dynamic dependencies]. Details - ImportResultOutputID=bf7be21fb2a4aaf563a0b83800f4a152 DependenciesID=0aaefb4a7b6375d9f00121b2fe272626 StaticDependenciesID=ed9af26f82a873a600c76d2d878de50f 
Number of updated asset objects reloaded before import = 0
Number of asset objects unloaded after import = 0
========================================================================
Received Import Request.
  Time of request: 2026-09-22T17:17:19.8445654Z
  Time since last request: 0.0001725 seconds.
  importAddress: GUID: 19bb2cdbf1454aae9b90c628fb83ad9b - Path: Packages/com.unity.test-framework/UnityEditor.TestRunner/TestRun/Data/RunProgress.cs - Importer: ScriptedImporter/UnityEditor.QuickSearchModule:UnityEditor.Search:ASIAI0B
Importing 'GUID: 19bb2cdbf1454aae9b90c628fb83ad9b - Path: Packages/com.unity.test-framework/UnityEditor.TestRunner/TestRun/Data/RunProgress.cs - Importer: ScriptedImporter/UnityEditor.QuickSearchModule:UnityEditor.Search:ASIAI0B' with importer (ScriptedImporter : UnityEditor.QuickSearchModule:UnityEditor.Search:ASIAI0B)
Imported 'GUID: 19bb2cdbf1454aae9b90c628fb83ad9b' -> (Import Result ID: '60875dd5b7c8decc9d5595cb765fafd4') in 0.001 seconds [static and dynamic dependencies]. Details - ImportResultOutputID=41c4dc6c26c57299251140a78f60f9cb DependenciesID=b3ebf662db18d2f0dd9f398ad49213a8 StaticDependenciesID=243ab2950ea9e0e858954306c6592dfc 
Number of updated asset objects reloaded before import = 0
Number of asset objects unloaded after import = 0
========================================================================
Received Import Request.
  Time of request: 2026-09-22T17:17:19.8456843Z
  Time since last request: 0.0001932 seconds.
  importAddress: GUID: f6c189a159d3bde4c964cee562e508ea - Path: Packages/com.unity.test-framework/UnityEditor.TestRunner/TestLaunchers/PlatformSetup/ApplePlatformSetup.cs - Importer: ScriptedImporter/UnityEditor.QuickSearchModule:UnityEditor.Search:ASIAI0B
Importing 'GUID: f6c189a159d3bde4c964cee562e508ea - Path: Packages/com.unity.test-framework/UnityEditor.TestRunner/TestLaunchers/PlatformSetup/ApplePlatformSetup.cs - Importer: ScriptedImporter/UnityEditor.QuickSearchModule:UnityEditor.Search:ASIAI0B' with importer (ScriptedImporter : UnityEditor.QuickSearchModule:UnityEditor.Search:ASIAI0B)
Imported 'GUID: f6c189a159d3bde4c964cee562e508ea' -> (Import Result ID: '9d9ed58203c57c99627ecfe3f5519bd8') in 0.001 seconds [static and dynamic dependencies]. Details - ImportResultOutputID=e87173175fded4dfdc3fd52088133d7f DependenciesID=81c23148dacd02f7bf07060d424756c0 StaticDependenciesID=0a6664d6aff551e86fc0e508c11923f8 
Number of updated asset objects reloaded before import = 0
Number of asset objects unloaded after import = 0
========================================================================
Received Import Request.
  Time of request: 2026-09-22T17:17:19.8466753Z
  Time since last request: 0.0001536 seconds.
  importAddress: GUID: 667c6ad86a0b7a548aaa5c287f2c2861 - Path: Packages/com.unity.test-framework/UnityEditor.TestRunner/TestLaunchers/PlatformSetup/UwpPlatformSetup.cs - Importer: ScriptedImporter/UnityEditor.QuickSearchModule:UnityEditor.Search:ASIAI0B
Importing 'GUID: 667c6ad86a0b7a548aaa5c287f2c2861 - Path: Packages/com.unity.test-framework/UnityEditor.TestRunner/TestLaunchers/PlatformSetup/UwpPlatformSetup.cs - Importer: ScriptedImporter/UnityEditor.QuickSearchModule:UnityEditor.Search:ASIAI0B' with importer (ScriptedImporter : UnityEditor.QuickSearchModule:UnityEditor.Search:ASIAI0B)
Imported 'GUID: 667c6ad86a0b7a548aaa5c287f2c2861' -> (Import Result ID: '75a0390432d50368ffe13936799a4ebe') in 0.001 seconds [static and dynamic dependencies]. Details - ImportResultOutputID=0559717b6db570dd9be5bf3905829183 DependenciesID=645938a71c7ca62fd418163732bec932 StaticDependenciesID=cfb5afcb2e4b7be086051668d34792ba 
Number of updated asset objects reloaded before import = 0
Number of asset objects unloaded after import = 0
========================================================================
Received Import Request.
  Time of request: 2026-09-22T17:17:19.8476607Z
  Time since last request: 0.0001746 seconds.
  importAddress: GUID: 6cccd50ebf7384242bda4d7bcb282ebf - Path: Packages/com.unity.test-framework/UnityEditor.TestRunner/TestLaunchers/PlatformSetup/PlatformSpecificSetup.cs - Importer: ScriptedImporter/UnityEditor.QuickSearchModule:UnityEditor.Search:ASIAI0B
Importing 'GUID: 6cccd50ebf7384242bda4d7bcb282ebf - Path: Packages/com.unity.test-framework/UnityEditor.TestRunner/TestLaunchers/PlatformSetup/PlatformSpecificSetup.cs - Importer: ScriptedImporter/UnityEditor.QuickSearchModule:UnityEditor.Search:ASIAI0B' with importer (ScriptedImporter : UnityEditor.QuickSearchModule:UnityEditor.Search:ASIAI0B)
Imported 'GUID: 6cccd50ebf7384242bda4d7bcb282ebf' -> (Import Result ID: 'dbf17c32efbdb07bae05a9dd288d780b') in 0.001 seconds [static and dynamic dependencies]. Details - ImportResultOutputID=6a9346a06e07c71e75cfc9220501fefd DependenciesID=58f926a396c12fb04b912b5cef39263f StaticDependenciesID=f4d7d9fe8f8e77063bb14af1f66ec561 
Number of updated asset objects reloaded before import = 0
Number of asset objects unloaded after import = 0
========================================================================
Received Import Request.
  Time of request: 2026-09-22T17:17:19.8492918Z
  Time since last request: 0.000179 seconds.
  importAddress: GUID: b4246555189b5ee43b4857220f9fd29b - Path: Packages/com.unity.test-framework/UnityEditor.TestRunner/TestRun/Tasks/EditModeRunTask.cs - Importer: ScriptedImporter/UnityEditor.QuickSearchModule:UnityEditor.Search:ASIAI0B
Importing 'GUID: b4246555189b5ee43b4857220f9fd29b - Path: Packages/com.unity.test-framework/UnityEditor.TestRunner/TestRun/Tasks/EditModeRunTask.cs - Importer: ScriptedImporter/UnityEditor.QuickSearchModule:UnityEditor.Search:ASIAI0B' with importer (ScriptedImporter : UnityEditor.QuickSearchModule:UnityEditor.Search:ASIAI0B)
Imported 'GUID: b4246555189b5ee43b4857220f9fd29b' -> (Import Result ID: 'dd1b99e67c184a97cc08dc7ea2711fac') in 0.001 seconds [static and dynamic dependencies]. Details - ImportResultOutputID=8e996781b4dcd4d35239ebf27602443a DependenciesID=ded205923131f9093c15b720ce272747 StaticDependenciesID=898101cd5a11b2cedae299c7336b3273 
Number of updated asset objects reloaded before import = 0
Number of asset objects unloaded after import = 0
========================================================================
Received Import Request.
  Time of request: 2026-09-22T17:17:19.8504135Z
  Time since last request: 0.0001538 seconds.
  importAddress: GUID: 3c702cb84a2a4576bf275a76bc17f8e8 - Path: Packages/com.unity.test-framework/UnityEditor.TestRunner/GUI/TestAssets/TestScriptAssetMenuItems.cs - Importer: ScriptedImporter/UnityEditor.QuickSearchModule:UnityEditor.Search:ASIAI0B
Importing 'GUID: 3c702cb84a2a4576bf275a76bc17f8e8 - Path: Packages/com.unity.test-framework/UnityEditor.TestRunner/GUI/TestAssets/TestScriptAssetMenuItems.cs - Importer: ScriptedImporter/UnityEditor.QuickSearchModule:UnityEditor.Search:ASIAI0B' with importer (ScriptedImporter : UnityEditor.QuickSearchModule:UnityEditor.Search:ASIAI0B)
Imported 'GUID: 3c702cb84a2a4576bf275a76bc17f8e8' -> (Import Result ID: '0920f1dc8c347ac6315df7717e97c103') in 0.001 seconds [static and dynamic dependencies]. Details - ImportResultOutputID=3c196b3cbe81046626accf8e1096ca04 DependenciesID=4c209d6d8fb202304f685ae25de9e278 StaticDependenciesID=a8d3b8b3420fd576ed690b971f4e909f 
Number of updated asset objects reloaded before import = 0
Number of asset objects unloaded after import = 0
========================================================================
Received Import Request.
  Time of request: 2026-09-22T17:17:19.8514916Z
  Time since last request: 0.000158 seconds.
  importAddress: GUID: 5842bd968af34a328bb5a3f3c78db54a - Path: Packages/com.unity.test-framework/UnityEditor.TestRunner/TestRun/Tasks/ExitPlayModeTask.cs - Importer: ScriptedImporter/UnityEditor.QuickSearchModule:UnityEditor.Search:ASIAI0B
Importing 'GUID: 5842bd968af34a328bb5a3f3c78db54a - Path: Packages/com.unity.test-framework/UnityEditor.TestRunner/TestRun/Tasks/ExitPlayModeTask.cs - Importer: ScriptedImporter/UnityEditor.QuickSearchModule:UnityEditor.Search:ASIAI0B' with importer (ScriptedImporter : UnityEditor.QuickSearchModule:UnityEditor.Search:ASIAI0B)
Imported 'GUID: 5842bd968af34a328bb5a3f3c78db54a' -> (Import Result ID: '25876d4966f0a723c4fc479fa0b15538') in 0.001 seconds [static and dynamic dependencies]. Details - ImportResultOutputID=239de404d60d5f75414cfaf8116dc05b DependenciesID=756621ebeefd1866de5e4465816598f4 StaticDependenciesID=cc64b336cdf2785045c5bd91c0956316 
Number of updated asset objects reloaded before import = 0
Number of asset objects unloaded after import = 0
========================================================================
Received Import Request.
  Time of request: 2026-09-22T17:17:19.8524726Z
  Time since last request: 0.0001507 seconds.
  importAddress: GUID: 822fa0a65be2467b95721422157c93f0 - Path: Packages/com.unity.test-framework/UnityEditor.TestRunner/TestRun/Tasks/CleanupTestControllerTask.cs - Importer: ScriptedImporter/UnityEditor.QuickSearchModule:UnityEditor.Search:ASIAI0B
Importing 'GUID: 822fa0a65be2467b95721422157c93f0 - Path: Packages/com.unity.test-framework/UnityEditor.TestRunner/TestRun/Tasks/CleanupTestControllerTask.cs - Importer: ScriptedImporter/UnityEditor.QuickSearchModule:UnityEditor.Search:ASIAI0B' with importer (ScriptedImporter : UnityEditor.QuickSearchModule:UnityEditor.Search:ASIAI0B)
Imported 'GUID: 822fa0a65be2467b95721422157c93f0' -> (Import Result ID: 'a475d4cca4afbecabc28ce3abb3a2439') in 0.001 seconds [static and dynamic dependencies]. Details - ImportResultOutputID=18be5f95313e125a71013691f31198be DependenciesID=8f925ed1da700c1edf88ffe068cc989b StaticDependenciesID=61484eb62746b058e62448155e0008a1 
Number of updated asset objects reloaded before import = 0
Number of asset objects unloaded after import = 0
========================================================================
Received Import Request.
  Time of request: 2026-09-22T17:17:19.8535087Z
  Time since last request: 0.0001354 seconds.
  importAddress: GUID: c2441d353f9c42a44af6e224e4901b52 - Path: Packages/com.unity.test-framework/UnityEditor.TestRunner/TestRun/Tasks/BuildActionTaskBase.cs - Importer: ScriptedImporter/UnityEditor.QuickSearchModule:UnityEditor.Search:ASIAI0B
Importing 'GUID: c2441d353f9c42a44af6e224e4901b52 - Path: Packages/com.unity.test-framework/UnityEditor.TestRunner/TestRun/Tasks/BuildActionTaskBase.cs - Importer: ScriptedImporter/UnityEditor.QuickSearchModule:UnityEditor.Search:ASIAI0B' with importer (ScriptedImporter : UnityEditor.QuickSearchModule:UnityEditor.Search:ASIAI0B)
Imported 'GUID: c2441d353f9c42a44af6e224e4901b52' -> (Import Result ID: '65d7a9b42aac5691a68886952efc50fa') in 0.001 seconds [static and dynamic dependencies]. Details - ImportResultOutputID=2e6d699d992efbdc307e5303bb63f7a4 DependenciesID=fcff2fc682359316eb9ae0bbb99155e2 StaticDependenciesID=e20b767334c9bb1bf4519a6c24d12f5a 
Number of updated asset objects reloaded before import = 0
Number of asset objects unloaded after import = 0
========================================================================
Received Import Request.
  Time of request: 2026-09-22T17:17:19.8545365Z
  Time since last request: 0.0002112 seconds.
  importAddress: GUID: 5d4de3d4682a8d641907cc75e4fb950e - Path: Packages/com.unity.test-framework/UnityEditor.TestRunner/TestLaunchers/Helpers/AttributeFinderBase.cs - Importer: ScriptedImporter/UnityEditor.QuickSearchModule:UnityEditor.Search:ASIAI0B
Importing 'GUID: 5d4de3d4682a8d641907cc75e4fb950e - Path: Packages/com.unity.test-framework/UnityEditor.TestRunner/TestLaunchers/Helpers/AttributeFinderBase.cs - Importer: ScriptedImporter/UnityEditor.QuickSearchModule:UnityEditor.Search:ASIAI0B' with importer (ScriptedImporter : UnityEditor.QuickSearchModule:UnityEditor.Search:ASIAI0B)
Imported 'GUID: 5d4de3d4682a8d641907cc75e4fb950e' -> (Import Result ID: '53b19f46183c334983e2dee06c3ecc9e') in 0.001 seconds [static and dynamic dependencies]. Details - ImportResultOutputID=4091bc083c524fb78ed0b27ea439c245 DependenciesID=57bf654c08b2aae9f213f163f687bd69 StaticDependenciesID=6c9f095e7da228f2e3334b9b36914780 
Number of updated asset objects reloaded before import = 0
Number of asset objects unloaded after import = 0
========================================================================
Received Import Request.
  Time of request: 2026-09-22T17:17:19.8555025Z
  Time since last request: 0.0001346 seconds.
  importAddress: GUID: 80ac8f5b2a7fa904dbc80111be88c8be - Path: Packages/com.unity.test-framework/UnityEditor.TestRunner/TestRun/Data/TestJobData.cs - Importer: ScriptedImporter/UnityEditor.QuickSearchModule:UnityEditor.Search:ASIAI0B
Importing 'GUID: 80ac8f5b2a7fa904dbc80111be88c8be - Path: Packages/com.unity.test-framework/UnityEditor.TestRunner/TestRun/Data/TestJobData.cs - Importer: ScriptedImporter/UnityEditor.QuickSearchModule:UnityEditor.Search:ASIAI0B' with importer (ScriptedImporter : UnityEditor.QuickSearchModule:UnityEditor.Search:ASIAI0B)
Imported 'GUID: 80ac8f5b2a7fa904dbc80111be88c8be' -> (Import Result ID: 'fa5a6c59ab5a5e9e53d9bc849fad0cc7') in 0.001 seconds [static and dynamic dependencies]. Details - ImportResultOutputID=3fa7077b723347ac63bfd9c4f20547f6 DependenciesID=6970bad654cb0ae06079ee86a24f879a StaticDependenciesID=4e792fb0fe52771b43d4b4ce1c055f7a 
Number of updated asset objects reloaded before import = 0
Number of asset objects unloaded after import = 0
========================================================================
Received Import Request.
  Time of request: 2026-09-22T17:17:19.8566032Z
  Time since last request: 0.0001788 seconds.
  importAddress: GUID: 83d2df796f82ab847a190a706f00d6eb - Path: Packages/com.unity.test-framework/UnityEditor.TestRunner/TestRun/Tasks/InitializeTestProgressTask.cs - Importer: ScriptedImporter/UnityEditor.QuickSearchModule:UnityEditor.Search:ASIAI0B
Importing 'GUID: 83d2df796f82ab847a190a706f00d6eb - Path: Packages/com.unity.test-framework/UnityEditor.TestRunner/TestRun/Tasks/InitializeTestProgressTask.cs - Importer: ScriptedImporter/UnityEditor.QuickSearchModule:UnityEditor.Search:ASIAI0B' with importer (ScriptedImporter : UnityEditor.QuickSearchModule:UnityEditor.Search:ASIAI0B)
Imported 'GUID: 83d2df796f82ab847a190a706f00d6eb' -> (Import Result ID: '8ca175011d245e8efd72f394a11ed780') in 0.001 seconds [static and dynamic dependencies]. Details - ImportResultOutputID=09faadba3cff29104888bfd857782973 DependenciesID=558414df1fc8aaa50e7cd93275ab3fc4 StaticDependenciesID=0dcf1f7f92682041ab94fe64c47dbe8d 
Number of updated asset objects reloaded before import = 0
Number of asset objects unloaded after import = 0
========================================================================
Received Import Request.
  Time of request: 2026-09-22T17:17:19.8577724Z
  Time since last request: 0.0001794 seconds.
  importAddress: GUID: e5f4a89476c1448abc7e0a9719b13b36 - Path: Packages/com.unity.test-framework/UnityEditor.TestRunner/GUI/TestAssets/IFolderPathTestCompilationContextProvider.cs - Importer: ScriptedImporter/UnityEditor.QuickSearchModule:UnityEditor.Search:ASIAI0B
Importing 'GUID: e5f4a89476c1448abc7e0a9719b13b36 - Path: Packages/com.unity.test-framework/UnityEditor.TestRunner/GUI/TestAssets/IFolderPathTestCompilationContextProvider.cs - Importer: ScriptedImporter/UnityEditor.QuickSearchModule:UnityEditor.Search:ASIAI0B' with importer (ScriptedImporter : UnityEditor.QuickSearchModule:UnityEditor.Search:ASIAI0B)
Imported 'GUID: e5f4a89476c1448abc7e0a9719b13b36' -> (Import Result ID: 'd46dbb2ecc20240c368a7b6f0ad89539') in 0.002 seconds [static and dynamic dependencies]. Details - ImportResultOutputID=98ce8528966d300e1a6a8e9fad16ede9 DependenciesID=373c6bfaee3dc506315bbe959b9c2ea4 StaticDependenciesID=58fe46f09a28e8eed4b7869f1c2c7b3d 
Number of updated asset objects reloaded before import = 0
Number of asset objects unloaded after import = 0
========================================================================
Received Import Request.
  Time of request: 2026-09-22T17:17:19.8597907Z
  Time since last request: 0.0001686 seconds.
  importAddress: GUID: 4400cdda235b4ea48b9078953ffc8e89 - Path: Packages/com.unity.test-framework/UnityEditor.TestRunner/TestRun/Tasks/CreateBootstrapSceneTask.cs - Importer: ScriptedImporter/UnityEditor.QuickSearchModule:UnityEditor.Search:ASIAI0B
Importing 'GUID: 4400cdda235b4ea48b9078953ffc8e89 - Path: Packages/com.unity.test-framework/UnityEditor.TestRunner/TestRun/Tasks/CreateBootstrapSceneTask.cs - Importer: ScriptedImporter/UnityEditor.QuickSearchModule:UnityEditor.Search:ASIAI0B' with importer (ScriptedImporter : UnityEditor.QuickSearchModule:UnityEditor.Search:ASIAI0B)
Imported 'GUID: 4400cdda235b4ea48b9078953ffc8e89' -> (Import Result ID: 'bef01d74c8bcf415928b605101a50545') in 0.001 seconds [static and dynamic dependencies]. Details - ImportResultOutputID=71ee2997f58a09f339434a591b6dc069 DependenciesID=06eb9086eaae3bdd1a4bf319d32a9556 StaticDependenciesID=d20d35ee04f8d29100a83b58fb26e000 
Number of updated asset objects reloaded before import = 0
Number of asset objects unloaded after import = 0
========================================================================
Received Import Request.
  Time of request: 2026-09-22T17:17:19.8611061Z
  Time since last request: 0.0001633 seconds.
  importAddress: GUID: 13b82b28a28254683a40756c27493b61 - Path: Packages/com.unity.test-framework/UnityEditor.TestRunner/TestLaunchers/Helpers/PostbuildCleanupWithJobDataAttributeFinder.cs - Importer: ScriptedImporter/UnityEditor.QuickSearchModule:UnityEditor.Search:ASIAI0B
Importing 'GUID: 13b82b28a28254683a40756c27493b61 - Path: Packages/com.unity.test-framework/UnityEditor.TestRunner/TestLaunchers/Helpers/PostbuildCleanupWithJobDataAttributeFinder.cs - Importer: ScriptedImporter/UnityEditor.QuickSearchModule:UnityEditor.Search:ASIAI0B' with importer (ScriptedImporter : UnityEditor.QuickSearchModule:UnityEditor.Search:ASIAI0B)
Imported 'GUID: 13b82b28a28254683a40756c27493b61' -> (Import Result ID: '30eb256df2bb180eb8305db6348d8ada') in 0.001 seconds [static and dynamic dependencies]. Details - ImportResultOutputID=882eb134ecdce9fb36b6bcbed9d63a27 DependenciesID=1a8936e08717fa508799835dc7d289d7 StaticDependenciesID=d2cdf3e27a81708b887779c633ce6132 
Number of updated asset objects reloaded before import = 0
Number of asset objects unloaded after import = 0
========================================================================
Received Import Request.
  Time of request: 2026-09-22T17:17:19.8621539Z
  Time since last request: 0.0001445 seconds.
  importAddress: GUID: 1a9f3fcee3bd2334593373b00d7b5ca2 - Path: Packages/com.unity.test-framework/UnityEditor.TestRunner/TestRun/Tasks/EnableTestOutLoggerTask.cs - Importer: ScriptedImporter/UnityEditor.QuickSearchModule:UnityEditor.Search:ASIAI0B
Importing 'GUID: 1a9f3fcee3bd2334593373b00d7b5ca2 - Path: Packages/com.unity.test-framework/UnityEditor.TestRunner/TestRun/Tasks/EnableTestOutLoggerTask.cs - Importer: ScriptedImporter/UnityEditor.QuickSearchModule:UnityEditor.Search:ASIAI0B' with importer (ScriptedImporter : UnityEditor.QuickSearchModule:UnityEditor.Search:ASIAI0B)
Imported 'GUID: 1a9f3fcee3bd2334593373b00d7b5ca2' -> (Import Result ID: '11accb168a0ae75e925818655dec7c3c') in 0.001 seconds [static and dynamic dependencies]. Details - ImportResultOutputID=e5cac622b737a8af3fdb648f9655a2e5 DependenciesID=6a8b7ceb3493c550e8832d6d8e016516 StaticDependenciesID=9dde109feb5e1ebb8104541c7a5b683e 
Number of updated asset objects reloaded before import = 0
Number of asset objects unloaded after import = 0
========================================================================
Received Import Request.
  Time of request: 2026-09-22T17:17:19.8631782Z
  Time since last request: 0.0001818 seconds.
  importAddress: GUID: fa19b42bd3dc35e40a618448bd330270 - Path: Packages/com.unity.test-framework/UnityEditor.TestRunner/TestLaunchers/PlatformSetup/StadiaPlatformSetup.cs - Importer: ScriptedImporter/UnityEditor.QuickSearchModule:UnityEditor.Search:ASIAI0B
Importing 'GUID: fa19b42bd3dc35e40a618448bd330270 - Path: Packages/com.unity.test-framework/UnityEditor.TestRunner/TestLaunchers/PlatformSetup/StadiaPlatformSetup.cs - Importer: ScriptedImporter/UnityEditor.QuickSearchModule:UnityEditor.Search:ASIAI0B' with importer (ScriptedImporter : UnityEditor.QuickSearchModule:UnityEditor.Search:ASIAI0B)
Imported 'GUID: fa19b42bd3dc35e40a618448bd330270' -> (Import Result ID: '465adf0a4cec15aaab3a572136eecee4') in 0.001 seconds [static and dynamic dependencies]. Details - ImportResultOutputID=d3313ecdea57ce05a03397f36da564c9 DependenciesID=ca89f69161a7e927f2a3c95762fc4f87 StaticDependenciesID=18cd2fcc2f66d1e363963e9ec82586db 
Number of updated asset objects reloaded before import = 0
Number of asset objects unloaded after import = 0
========================================================================
Received Import Request.
  Time of request: 2026-09-22T17:17:19.8644762Z
  Time since last request: 0.0001795 seconds.
  importAddress: GUID: 2a0bd678385f98e4d8eabdfc07d62b4f - Path: Packages/com.unity.test-framework/UnityEditor.TestRunner/TestLaunchers/Helpers/PlayerLauncherBuildOptions.cs - Importer: ScriptedImporter/UnityEditor.QuickSearchModule:UnityEditor.Search:ASIAI0B
Importing 'GUID: 2a0bd678385f98e4d8eabdfc07d62b4f - Path: Packages/com.unity.test-framework/UnityEditor.TestRunner/TestLaunchers/Helpers/PlayerLauncherBuildOptions.cs - Importer: ScriptedImporter/UnityEditor.QuickSearchModule:UnityEditor.Search:ASIAI0B' with importer (ScriptedImporter : UnityEditor.QuickSearchModule:UnityEditor.Search:ASIAI0B)
Imported 'GUID: 2a0bd678385f98e4d8eabdfc07d62b4f' -> (Import Result ID: '1303ebb60c9c9fe029419644ccf1f39a') in 0.001 seconds [static and dynamic dependencies]. Details - ImportResultOutputID=e0e3c670a99e1411c77597bcb02829d5 DependenciesID=846172f23204fb16bb418ec7c226592b StaticDependenciesID=ebbd20659969686aac10e752c89b50e3 
Number of updated asset objects reloaded before import = 0
Number of asset objects unloaded after import = 0
========================================================================
Received Import Request.
  Time of request: 2026-09-22T17:17:19.8655959Z
  Time since last request: 0.0002219 seconds.
  importAddress: GUID: 409ee14a63784dc0ab5d002081211814 - Path: Packages/com.unity.test-framework/UnityEditor.TestRunner/GUI/TestAssets/IActiveFolderTemplateAssetCreator.cs - Importer: ScriptedImporter/UnityEditor.QuickSearchModule:UnityEditor.Search:ASIAI0B
Importing 'GUID: 409ee14a63784dc0ab5d002081211814 - Path: Packages/com.unity.test-framework/UnityEditor.TestRunner/GUI/TestAssets/IActiveFolderTemplateAssetCreator.cs - Importer: ScriptedImporter/UnityEditor.QuickSearchModule:UnityEditor.Search:ASIAI0B' with importer (ScriptedImporter : UnityEditor.QuickSearchModule:UnityEditor.Search:ASIAI0B)
Imported 'GUID: 409ee14a63784dc0ab5d002081211814' -> (Import Result ID: '4a4e747e1def50c58a81f0e406208d13') in 0.001 seconds [static and dynamic dependencies]. Details - ImportResultOutputID=5f45662f54e0850664ded1d6d5f79f47 DependenciesID=7c73bd67ca78196ca977c610b85efbb1 StaticDependenciesID=b6a5f0ee987cf538595336d8d178232a 
Number of updated asset objects reloaded before import = 0
Number of asset objects unloaded after import = 0
========================================================================
Received Import Request.
  Time of request: 2026-09-22T17:17:19.8666334Z
  Time since last request: 0.0001569 seconds.
  importAddress: GUID: ce567ddbf30368344bc7b80e20cac36e - Path: Packages/com.unity.test-framework/UnityEditor.TestRunner/GUI/TestListTreeView/TestTreeViewItem.cs - Importer: ScriptedImporter/UnityEditor.QuickSearchModule:UnityEditor.Search:ASIAI0B
Importing 'GUID: ce567ddbf30368344bc7b80e20cac36e - Path: Packages/com.unity.test-framework/UnityEditor.TestRunner/GUI/TestListTreeView/TestTreeViewItem.cs - Importer: ScriptedImporter/UnityEditor.QuickSearchModule:UnityEditor.Search:ASIAI0B' with importer (ScriptedImporter : UnityEditor.QuickSearchModule:UnityEditor.Search:ASIAI0B)
Imported 'GUID: ce567ddbf30368344bc7b80e20cac36e' -> (Import Result ID: 'd8afa6a51da81fd4b3d76dd50c140d03') in 0.001 seconds [static and dynamic dependencies]. Details - ImportResultOutputID=986c5196272faf0f2f78eef05325d20a DependenciesID=be85912f6d287bf05b0254f54ccbf869 StaticDependenciesID=f694ef34eefbe8a03eae69f1e92a59be 
Number of updated asset objects reloaded before import = 0
Number of asset objects unloaded after import = 0
========================================================================
Received Import Request.
  Time of request: 2026-09-22T17:17:19.8675964Z
  Time since last request: 0.0001394 seconds.
  importAddress: GUID: 27769e9b00b038d47aefe306a4d20bec - Path: Packages/com.unity.test-framework/UnityEditor.TestRunner/GUI/TestListTreeView/Icons.cs - Importer: ScriptedImporter/UnityEditor.QuickSearchModule:UnityEditor.Search:ASIAI0B
Importing 'GUID: 27769e9b00b038d47aefe306a4d20bec - Path: Packages/com.unity.test-framework/UnityEditor.TestRunner/GUI/TestListTreeView/Icons.cs - Importer: ScriptedImporter/UnityEditor.QuickSearchModule:UnityEditor.Search:ASIAI0B' with importer (ScriptedImporter : UnityEditor.QuickSearchModule:UnityEditor.Search:ASIAI0B)
Imported 'GUID: 27769e9b00b038d47aefe306a4d20bec' -> (Import Result ID: '9e4726f03730171dca66f60600c81708') in 0.001 seconds [static and dynamic dependencies]. Details - ImportResultOutputID=6b797130e3b79f0118a89ed3e78c7ee2 DependenciesID=61b1322b0f19069eaccab89c85282f2c StaticDependenciesID=20105e11eb6f71af5dc4d315cf251ec9 
Number of updated asset objects reloaded before import = 0
Number of asset objects unloaded after import = 0
========================================================================
Received Import Request.
  Time of request: 2026-09-22T17:17:19.8687671Z
  Time since last request: 0.000174 seconds.
  importAddress: GUID: 9d614808f9add8a4f8e4860db2c7af0d - Path: Packages/com.unity.test-framework/UnityEditor.TestRunner/TestLaunchers/PlatformSetup/IPlatformSetup.cs - Importer: ScriptedImporter/UnityEditor.QuickSearchModule:UnityEditor.Search:ASIAI0B
Importing 'GUID: 9d614808f9add8a4f8e4860db2c7af0d - Path: Packages/com.unity.test-framework/UnityEditor.TestRunner/TestLaunchers/PlatformSetup/IPlatformSetup.cs - Importer: ScriptedImporter/UnityEditor.QuickSearchModule:UnityEditor.Search:ASIAI0B' with importer (ScriptedImporter : UnityEditor.QuickSearchModule:UnityEditor.Search:ASIAI0B)
Imported 'GUID: 9d614808f9add8a4f8e4860db2c7af0d' -> (Import Result ID: 'a656eccf7e18faad51d8bb1df54d4a1e') in 0.001 seconds [static and dynamic dependencies]. Details - ImportResultOutputID=32cc17070456ab8ac4acbc9667459cd8 DependenciesID=0da1eb53d11aa2e165e4ebbb6414153a StaticDependenciesID=7e2bf44012a165d76bf219d34427776a 
Number of updated asset objects reloaded before import = 0
Number of asset objects unloaded after import = 0
========================================================================
Received Import Request.
  Time of request: 2026-09-22T17:17:19.8697992Z
  Time since last request: 0.000155 seconds.
  importAddress: GUID: 6465fa5b49fc4c739059189aca21f391 - Path: Packages/com.unity.test-framework/UnityEditor.TestRunner/TestRun/Tasks/DeleteBootstrapSceneTask.cs - Importer: ScriptedImporter/UnityEditor.QuickSearchModule:UnityEditor.Search:ASIAI0B
Importing 'GUID: 6465fa5b49fc4c739059189aca21f391 - Path: Packages/com.unity.test-framework/UnityEditor.TestRunner/TestRun/Tasks/DeleteBootstrapSceneTask.cs - Importer: ScriptedImporter/UnityEditor.QuickSearchModule:UnityEditor.Search:ASIAI0B' with importer (ScriptedImporter : UnityEditor.QuickSearchModule:UnityEditor.Search:ASIAI0B)
Imported 'GUID: 6465fa5b49fc4c739059189aca21f391' -> (Import Result ID: 'a23b7a35c393287aebc909df24f65f90') in 0.001 seconds [static and dynamic dependencies]. Details - ImportResultOutputID=9395ce3af3adb24e83ae34263442db88 DependenciesID=6d0b2f6e68e4d1ff6a7ce1c4e0655e47 StaticDependenciesID=68cb69c4685b31c9a0c0514cd5b8bd31 
Number of updated asset objects reloaded before import = 0
Number of asset objects unloaded after import = 0
========================================================================
Received Import Request.
  Time of request: 2026-09-22T17:17:19.8707988Z
  Time since last request: 0.0001521 seconds.
  importAddress: GUID: 93eb6389f4fb6924987867ce0bc339ee - Path: Packages/com.unity.test-framework/UnityEditor.TestRunner/TestRun/Tasks/CleanupVerificationTask.cs - Importer: ScriptedImporter/UnityEditor.QuickSearchModule:UnityEditor.Search:ASIAI0B
Importing 'GUID: 93eb6389f4fb6924987867ce0bc339ee - Path: Packages/com.unity.test-framework/UnityEditor.TestRunner/TestRun/Tasks/CleanupVerificationTask.cs - Importer: ScriptedImporter/UnityEditor.QuickSearchModule:UnityEditor.Search:ASIAI0B' with importer (ScriptedImporter : UnityEditor.QuickSearchModule:UnityEditor.Search:ASIAI0B)
Imported 'GUID: 93eb6389f4fb6924987867ce0bc339ee' -> (Import Result ID: 'a5f6a10d30cddfb7b0239f69f06aecdc') in 0.001 seconds [static and dynamic dependencies]. Details - ImportResultOutputID=ec18a5f062fbab29e6cc8ac7b31e7714 DependenciesID=69e4307d27a7454187511bd465ef0f1b StaticDependenciesID=91493ec60df8a7687e278b179ffb4e2b 
Number of updated asset objects reloaded before import = 0
Number of asset objects unloaded after import = 0
========================================================================
Received Import Request.
  Time of request: 2026-09-22T17:17:19.8718473Z
  Time since last request: 0.0001819 seconds.
  importAddress: GUID: b93fe5bbea454ae438fcec241c5fa85b - Path: Packages/com.unity.test-framework/UnityEditor.TestRunner/TestRun/Tasks/LegacyPlayerRunTask.cs - Importer: ScriptedImporter/UnityEditor.QuickSearchModule:UnityEditor.Search:ASIAI0B
Importing 'GUID: b93fe5bbea454ae438fcec241c5fa85b - Path: Packages/com.unity.test-framework/UnityEditor.TestRunner/TestRun/Tasks/LegacyPlayerRunTask.cs - Importer: ScriptedImporter/UnityEditor.QuickSearchModule:UnityEditor.Search:ASIAI0B' with importer (ScriptedImporter : UnityEditor.QuickSearchModule:UnityEditor.Search:ASIAI0B)
Imported 'GUID: b93fe5bbea454ae438fcec241c5fa85b' -> (Import Result ID: '52507cf923aa47cb90f466dbe4e97c71') in 0.001 seconds [static and dynamic dependencies]. Details - ImportResultOutputID=862c190adf1a68829bf9f08748239e81 DependenciesID=ede9f53ef46e211ecc86f3bb60d24bb5 StaticDependenciesID=f9e9a1e9b6315a756538319a745a217a 
Number of updated asset objects reloaded before import = 0
Number of asset objects unloaded after import = 0
========================================================================
Received Import Request.
  Time of request: 2026-09-22T17:17:19.8730466Z
  Time since last request: 0.0001877 seconds.
  importAddress: GUID: 4769fe1e7475c8843b092338acbcad25 - Path: Packages/com.unity.test-framework/UnityEditor.TestRunner/TestRun/Tasks/PlayModeRunTask.cs - Importer: ScriptedImporter/UnityEditor.QuickSearchModule:UnityEditor.Search:ASIAI0B
Importing 'GUID: 4769fe1e7475c8843b092338acbcad25 - Path: Packages/com.unity.test-framework/UnityEditor.TestRunner/TestRun/Tasks/PlayModeRunTask.cs - Importer: ScriptedImporter/UnityEditor.QuickSearchModule:UnityEditor.Search:ASIAI0B' with importer (ScriptedImporter : UnityEditor.QuickSearchModule:UnityEditor.Search:ASIAI0B)
Imported 'GUID: 4769fe1e7475c8843b092338acbcad25' -> (Import Result ID: 'd1f64a3bc0719fdb5715b41a823efb89') in 0.001 seconds [static and dynamic dependencies]. Details - ImportResultOutputID=71208c1906111c46b25a32be4bb87ef6 DependenciesID=eb9435774c72462cb2aaaf10f356b4e3 StaticDependenciesID=3ab426d4d367310ae2f822a905406e33 
Number of updated asset objects reloaded before import = 0
Number of asset objects unloaded after import = 0
========================================================================
Received Import Request.
  Time of request: 2026-09-22T17:17:19.8740772Z
  Time since last request: 0.0001949 seconds.
  importAddress: GUID: aa0bb8f0cb98b43a586f75ce4b79c576 - Path: Packages/com.unity.test-framework/UnityEditor.TestRunner/TestRun/Tasks/PostbuildCleanupWithTestDataTask.cs - Importer: ScriptedImporter/UnityEditor.QuickSearchModule:UnityEditor.Search:ASIAI0B
Importing 'GUID: aa0bb8f0cb98b43a586f75ce4b79c576 - Path: Packages/com.unity.test-framework/UnityEditor.TestRunner/TestRun/Tasks/PostbuildCleanupWithTestDataTask.cs - Importer: ScriptedImporter/UnityEditor.QuickSearchModule:UnityEditor.Search:ASIAI0B' with importer (ScriptedImporter : UnityEditor.QuickSearchModule:UnityEditor.Search:ASIAI0B)
Imported 'GUID: aa0bb8f0cb98b43a586f75ce4b79c576' -> (Import Result ID: 'b48456d8c4c13de7c3a92339d2d5fa1c') in 0.001 seconds [static and dynamic dependencies]. Details - ImportResultOutputID=ec4499de070831eb49caf2dd219572ab DependenciesID=fb1c837c561e324f557e5a1a2d450ffa StaticDependenciesID=b58ced2ef8b41e9aded8dd923684516a 
Number of updated asset objects reloaded before import = 0
Number of asset objects unloaded after import = 0
========================================================================
Received Import Request.
  Time of request: 2026-09-22T17:17:19.8751796Z
  Time since last request: 0.0001718 seconds.
  importAddress: GUID: 759855a435cd4b22ade51836cc8b00d6 - Path: Packages/com.unity.test-framework/UnityEditor.TestRunner/TestLaunchers/Helpers/FilePathMetaInfo.cs - Importer: ScriptedImporter/UnityEditor.QuickSearchModule:UnityEditor.Search:ASIAI0B
Importing 'GUID: 759855a435cd4b22ade51836cc8b00d6 - Path: Packages/com.unity.test-framework/UnityEditor.TestRunner/TestLaunchers/Helpers/FilePathMetaInfo.cs - Importer: ScriptedImporter/UnityEditor.QuickSearchModule:UnityEditor.Search:ASIAI0B' with importer (ScriptedImporter : UnityEditor.QuickSearchModule:UnityEditor.Search:ASIAI0B)
Imported 'GUID: 759855a435cd4b22ade51836cc8b00d6' -> (Import Result ID: '29add1243ce2dfa0043decb87648b887') in 0.001 seconds [static and dynamic dependencies]. Details - ImportResultOutputID=e4f0b044cf6ccc2e57875e881eeebe98 DependenciesID=de58fb6ddbfca9023085d4decc1c5020 StaticDependenciesID=aed10fc9fc65a75574195d211bde1aef 
Number of updated asset objects reloaded before import = 0
Number of asset objects unloaded after import = 0
========================================================================
Received Import Request.
  Time of request: 2026-09-22T17:17:19.8769955Z
  Time since last request: 0.0002378 seconds.
  importAddress: GUID: 23383565f01f46dfa583710e5108e443 - Path: Packages/com.unity.test-framework/UnityEditor.TestRunner/TestRun/Tasks/MarkRunAsPlayModeTask.cs - Importer: ScriptedImporter/UnityEditor.QuickSearchModule:UnityEditor.Search:ASIAI0B
Importing 'GUID: 23383565f01f46dfa583710e5108e443 - Path: Packages/com.unity.test-framework/UnityEditor.TestRunner/TestRun/Tasks/MarkRunAsPlayModeTask.cs - Importer: ScriptedImporter/UnityEditor.QuickSearchModule:UnityEditor.Search:ASIAI0B' with importer (ScriptedImporter : UnityEditor.QuickSearchModule:UnityEditor.Search:ASIAI0B)
Imported 'GUID: 23383565f01f46dfa583710e5108e443' -> (Import Result ID: '11505c3061c239703425afc6c602f80f') in 0.001 seconds [static and dynamic dependencies]. Details - ImportResultOutputID=bdfddf80e13a8ad531442574f4972fb6 DependenciesID=3331e9ac158278e1882296b07aa9e9f1 StaticDependenciesID=3dbc73e4c22a008a555cb0bcb994db31 
Number of updated asset objects reloaded before import = 0
Number of asset objects unloaded after import = 0
========================================================================
Received Import Request.
  Time of request: 2026-09-22T17:17:19.8907031Z
  Time since last request: 0.0124485 seconds.
  importAddress: GUID: 3936a208997f4266b0b2d48aaca1e904 - Path: Packages/com.unity.test-framework/UnityEditor.TestRunner/UnityTestProtocol/Messages/ScreenSettingsMessage.cs - Importer: ScriptedImporter/UnityEditor.QuickSearchModule:UnityEditor.Search:ASIAI0B
Importing 'GUID: 3936a208997f4266b0b2d48aaca1e904 - Path: Packages/com.unity.test-framework/UnityEditor.TestRunner/UnityTestProtocol/Messages/ScreenSettingsMessage.cs - Importer: ScriptedImporter/UnityEditor.QuickSearchModule:UnityEditor.Search:ASIAI0B' with importer (ScriptedImporter : UnityEditor.QuickSearchModule:UnityEditor.Search:ASIAI0B)
Imported 'GUID: 3936a208997f4266b0b2d48aaca1e904' -> (Import Result ID: '72c19d635bc1670e96732ddfb2d5e7dd') in 0.001 seconds [static and dynamic dependencies]. Details - ImportResultOutputID=409d3054197e9e8e8df61462cb5bc228 DependenciesID=2341d53df1d5cb6dd2b6943aaebd078f StaticDependenciesID=e3a67a3861f987e936ef2c7d8ceb04e7 
Number of updated asset objects reloaded before import = 0
Number of asset objects unloaded after import = 0
========================================================================
Received Import Request.
  Time of request: 2026-09-22T17:17:19.8924734Z
  Time since last request: 0.0003436 seconds.
  importAddress: GUID: 2a616b371596515498e05300b6598c6a - Path: Packages/com.unity.test-framework/UnityEngine.TestRunner/NUnitExtensions/Attributes/UnityOneTimeTearDownAttribute.cs - Importer: ScriptedImporter/UnityEditor.QuickSearchModule:UnityEditor.Search:ASIAI0B
Importing 'GUID: 2a616b371596515498e05300b6598c6a - Path: Packages/com.unity.test-framework/UnityEngine.TestRunner/NUnitExtensions/Attributes/UnityOneTimeTearDownAttribute.cs - Importer: ScriptedImporter/UnityEditor.QuickSearchModule:UnityEditor.Search:ASIAI0B' with importer (ScriptedImporter : UnityEditor.QuickSearchModule:UnityEditor.Search:ASIAI0B)
Imported 'GUID: 2a616b371596515498e05300b6598c6a' -> (Import Result ID: '3e836bc92de1af7fe8199c4fc1c1f237') in 0.001 seconds [static and dynamic dependencies]. Details - ImportResultOutputID=926c6b6664eb7a4f19e652df6b863387 DependenciesID=e32716fbe4790b340649cbff4cf677db StaticDependenciesID=acd05edb555c4cc00f0a3839c639183b 
Number of updated asset objects reloaded before import = 0
Number of asset objects unloaded after import = 0
========================================================================
Received Import Request.
  Time of request: 2026-09-22T17:17:19.8936989Z
  Time since last request: 0.0002264 seconds.
  importAddress: GUID: 750aad009559b814dbc27001341fc1c3 - Path: Packages/com.unity.test-framework/UnityEngine.TestRunner/NUnitExtensions/Attributes/TestEnumerator.cs - Importer: ScriptedImporter/UnityEditor.QuickSearchModule:UnityEditor.Search:ASIAI0B
Importing 'GUID: 750aad009559b814dbc27001341fc1c3 - Path: Packages/com.unity.test-framework/UnityEngine.TestRunner/NUnitExtensions/Attributes/TestEnumerator.cs - Importer: ScriptedImporter/UnityEditor.QuickSearchModule:UnityEditor.Search:ASIAI0B' with importer (ScriptedImporter : UnityEditor.QuickSearchModule:UnityEditor.Search:ASIAI0B)
Imported 'GUID: 750aad009559b814dbc27001341fc1c3' -> (Import Result ID: 'eedfcb665a4b1e8f2d38dcc4a988eab8') in 0.001 seconds [static and dynamic dependencies]. Details - ImportResultOutputID=0aa5c0a6dd6d68eb309ba9b3f1a5ec24 DependenciesID=f98bc2d63fbc1f1f5b7490e7c19511a0 StaticDependenciesID=7be1bf3c22cad09e5c193962e27fbdb1 
Number of updated asset objects reloaded before import = 0
Number of asset objects unloaded after import = 0
========================================================================
Received Import Request.
  Time of request: 2026-09-22T17:17:19.8947475Z
  Time since last request: 0.0001514 seconds.
  importAddress: GUID: cc0ce06a7515c044bb8db4c75db84114 - Path: Packages/com.unity.test-framework/UnityEditor.TestRunner/TestRun/Tasks/SaveUndoIndexTask.cs - Importer: ScriptedImporter/UnityEditor.QuickSearchModule:UnityEditor.Search:ASIAI0B
Importing 'GUID: cc0ce06a7515c044bb8db4c75db84114 - Path: Packages/com.unity.test-framework/UnityEditor.TestRunner/TestRun/Tasks/SaveUndoIndexTask.cs - Importer: ScriptedImporter/UnityEditor.QuickSearchModule:UnityEditor.Search:ASIAI0B' with importer (ScriptedImporter : UnityEditor.QuickSearchModule:UnityEditor.Search:ASIAI0B)
Imported 'GUID: cc0ce06a7515c044bb8db4c75db84114' -> (Import Result ID: '878d317caec041ee031e382752fa7fab') in 0.001 seconds [static and dynamic dependencies]. Details - ImportResultOutputID=fed26515b915f0f740ebf2163262d323 DependenciesID=e30664f3d4244f70887d862602427e16 StaticDependenciesID=3c80caa06655f6d5c6d2fbafe3982550 
Number of updated asset objects reloaded before import = 0
Number of asset objects unloaded after import = 0
========================================================================
Received Import Request.
  Time of request: 2026-09-22T17:17:19.895745Z
  Time since last request: 0.0001347 seconds.
  importAddress: GUID: c82a8473f4a8f7b42a004c91e06d2f2b - Path: Packages/com.unity.test-framework/UnityEngine.TestRunner/NUnitExtensions/Attributes/ConditionalIgnoreAttribute.cs - Importer: ScriptedImporter/UnityEditor.QuickSearchModule:UnityEditor.Search:ASIAI0B
Importing 'GUID: c82a8473f4a8f7b42a004c91e06d2f2b - Path: Packages/com.unity.test-framework/UnityEngine.TestRunner/NUnitExtensions/Attributes/ConditionalIgnoreAttribute.cs - Importer: ScriptedImporter/UnityEditor.QuickSearchModule:UnityEditor.Search:ASIAI0B' with importer (ScriptedImporter : UnityEditor.QuickSearchModule:UnityEditor.Search:ASIAI0B)
Imported 'GUID: c82a8473f4a8f7b42a004c91e06d2f2b' -> (Import Result ID: '39f371e3485747ba46da012a7880583c') in 0.001 seconds [static and dynamic dependencies]. Details - ImportResultOutputID=f837c4f3fa8ca2edac8045ea3d647100 DependenciesID=161f2bc4f3b326128f644a714dcfb8d2 StaticDependenciesID=9315fa9bbe77883d9ecf92f27ef9ce3c 
Number of updated asset objects reloaded before import = 0
Number of asset objects unloaded after import = 0
========================================================================
Received Import Request.
  Time of request: 2026-09-22T17:17:19.896879Z
  Time since last request: 0.0001756 seconds.
  importAddress: GUID: 528c8790cf844716aead80624be893aa - Path: Packages/com.unity.test-framework/UnityEngine.TestRunner/NUnitExtensions/Attributes/PreservedValuesAttribute.cs - Importer: ScriptedImporter/UnityEditor.QuickSearchModule:UnityEditor.Search:ASIAI0B
Importing 'GUID: 528c8790cf844716aead80624be893aa - Path: Packages/com.unity.test-framework/UnityEngine.TestRunner/NUnitExtensions/Attributes/PreservedValuesAttribute.cs - Importer: ScriptedImporter/UnityEditor.QuickSearchModule:UnityEditor.Search:ASIAI0B' with importer (ScriptedImporter : UnityEditor.QuickSearchModule:UnityEditor.Search:ASIAI0B)
Imported 'GUID: 528c8790cf844716aead80624be893aa' -> (Import Result ID: 'f3357f3c8202f72c6a80fd5293e99c44') in 0.002 seconds [static and dynamic dependencies]. Details - ImportResultOutputID=a672dfbdc46012cbfba05922510996ef DependenciesID=eabed4a1fef86bdef4fc0ff8fe149592 StaticDependenciesID=5db21d4890e2c45b46f268db69e06a98 
Number of updated asset objects reloaded before import = 0
Number of asset objects unloaded after import = 0
========================================================================
Received Import Request.
  Time of request: 2026-09-22T17:17:19.8989168Z
  Time since last request: 0.0001832 seconds.
  importAddress: GUID: 3710fe6aef52449b9c9bbf0b17ae6960 - Path: Packages/com.unity.test-framework/UnityEditor.TestRunner/TestRun/Tasks/SetInteractionModeTask.cs - Importer: ScriptedImporter/UnityEditor.QuickSearchModule:UnityEditor.Search:ASIAI0B
Importing 'GUID: 3710fe6aef52449b9c9bbf0b17ae6960 - Path: Packages/com.unity.test-framework/UnityEditor.TestRunner/TestRun/Tasks/SetInteractionModeTask.cs - Importer: ScriptedImporter/UnityEditor.QuickSearchModule:UnityEditor.Search:ASIAI0B' with importer (ScriptedImporter : UnityEditor.QuickSearchModule:UnityEditor.Search:ASIAI0B)
Imported 'GUID: 3710fe6aef52449b9c9bbf0b17ae6960' -> (Import Result ID: 'c787e16cfe42f86b55cabf06027de19c') in 0.001 seconds [static and dynamic dependencies]. Details - ImportResultOutputID=7adfade60d9f31ac84ea8ce5abf7a618 DependenciesID=009584bf692b15e6e47fb683aa862290 StaticDependenciesID=3206787c1b4a5202ed61f1328d559e2d 
Number of updated asset objects reloaded before import = 0
Number of asset objects unloaded after import = 0
========================================================================
Received Import Request.
  Time of request: 2026-09-22T17:17:19.9000282Z
  Time since last request: 0.0001647 seconds.
  importAddress: GUID: 423fe2ef878fa1140a7e1f7f9e365815 - Path: Packages/com.unity.test-framework/UnityEditor.TestRunner/UnityTestProtocol/Messages/TestFinishedMessage.cs - Importer: ScriptedImporter/UnityEditor.QuickSearchModule:UnityEditor.Search:ASIAI0B
Importing 'GUID: 423fe2ef878fa1140a7e1f7f9e365815 - Path: Packages/com.unity.test-framework/UnityEditor.TestRunner/UnityTestProtocol/Messages/TestFinishedMessage.cs - Importer: ScriptedImporter/UnityEditor.QuickSearchModule:UnityEditor.Search:ASIAI0B' with importer (ScriptedImporter : UnityEditor.QuickSearchModule:UnityEditor.Search:ASIAI0B)
Imported 'GUID: 423fe2ef878fa1140a7e1f7f9e365815' -> (Import Result ID: 'e0d9cc2c4057f07e456c639d921e50c3') in 0.001 seconds [static and dynamic dependencies]. Details - ImportResultOutputID=d5605084a3698ce056487aba6b654d99 DependenciesID=ba2e00a452b7fdefbe5519cc2d516796 StaticDependenciesID=b5739470981549a9426d026a5699d45f 
Number of updated asset objects reloaded before import = 0
Number of asset objects unloaded after import = 0
========================================================================
Received Import Request.
  Time of request: 2026-09-22T17:17:19.9010944Z
  Time since last request: 0.0001242 seconds.
  importAddress: GUID: 9f33b8e923ff41deaa73bc2c1f90d9a1 - Path: Packages/com.unity.test-framework/UnityEditor.TestRunner/UnityTestProtocol/Messages/PlayerSystemInfoMessage.cs - Importer: ScriptedImporter/UnityEditor.QuickSearchModule:UnityEditor.Search:ASIAI0B
Importing 'GUID: 9f33b8e923ff41deaa73bc2c1f90d9a1 - Path: Packages/com.unity.test-framework/UnityEditor.TestRunner/UnityTestProtocol/Messages/PlayerSystemInfoMessage.cs - Importer: ScriptedImporter/UnityEditor.QuickSearchModule:UnityEditor.Search:ASIAI0B' with importer (ScriptedImporter : UnityEditor.QuickSearchModule:UnityEditor.Search:ASIAI0B)
Imported 'GUID: 9f33b8e923ff41deaa73bc2c1f90d9a1' -> (Import Result ID: 'e236af0a45c56f7b406b62d685b008b7') in 0.001 seconds [static and dynamic dependencies]. Details - ImportResultOutputID=57ad62eec67410f2d3d89766b4a0a7ca DependenciesID=c228bfbc3d35caf9aa1942e090a87f36 StaticDependenciesID=887276e85bb3860acc5df9250c434a27 
Number of updated asset objects reloaded before import = 0
Number of asset objects unloaded after import = 0
========================================================================
Received Import Request.
  Time of request: 2026-09-22T17:17:19.9024761Z
  Time since last request: 0.0001892 seconds.
  importAddress: GUID: 28c8fcb831e6e734a9f564bc4f495eba - Path: Packages/com.unity.test-framework/UnityEditor.TestRunner/TestRunner/Utils/IEditorCompilationInterfaceProxy.cs - Importer: ScriptedImporter/UnityEditor.QuickSearchModule:UnityEditor.Search:ASIAI0B
Importing 'GUID: 28c8fcb831e6e734a9f564bc4f495eba - Path: Packages/com.unity.test-framework/UnityEditor.TestRunner/TestRunner/Utils/IEditorCompilationInterfaceProxy.cs - Importer: ScriptedImporter/UnityEditor.QuickSearchModule:UnityEditor.Search:ASIAI0B' with importer (ScriptedImporter : UnityEditor.QuickSearchModule:UnityEditor.Search:ASIAI0B)
Imported 'GUID: 28c8fcb831e6e734a9f564bc4f495eba' -> (Import Result ID: '05142fdc3ac271f22ae16e3c662ff67d') in 0.001 seconds [static and dynamic dependencies]. Details - ImportResultOutputID=1c4547766e60adb680bf26a7df4ef910 DependenciesID=e170e675c6663c0cccba2fe51672682d StaticDependenciesID=7f22ee7c5d5a2a56474add629a68c290 
Number of updated asset objects reloaded before import = 0
Number of asset objects unloaded after import = 0
========================================================================
Received Import Request.
  Time of request: 2026-09-22T17:17:19.9035902Z
  Time since last request: 0.0001614 seconds.
  importAddress: GUID: bd3e81baa10021f4d877fa36382bab16 - Path: Packages/com.unity.test-framework/UnityEditor.TestRunner/UnityTestProtocol/Messages/TestStartedMessage.cs - Importer: ScriptedImporter/UnityEditor.QuickSearchModule:UnityEditor.Search:ASIAI0B
Importing 'GUID: bd3e81baa10021f4d877fa36382bab16 - Path: Packages/com.unity.test-framework/UnityEditor.TestRunner/UnityTestProtocol/Messages/TestStartedMessage.cs - Importer: ScriptedImporter/UnityEditor.QuickSearchModule:UnityEditor.Search:ASIAI0B' with importer (ScriptedImporter : UnityEditor.QuickSearchModule:UnityEditor.Search:ASIAI0B)
Imported 'GUID: bd3e81baa10021f4d877fa36382bab16' -> (Import Result ID: '53d7447689699031eb5ce43a64d87441') in 0.001 seconds [static and dynamic dependencies]. Details - ImportResultOutputID=ede089748a1b6b1467385ab24c638e42 DependenciesID=718871274e73101a27bf765fc5b65b5a StaticDependenciesID=80b36fb42a0e7bc3e551e7bdc37c2ac1 
Number of updated asset objects reloaded before import = 0
Number of asset objects unloaded after import = 0
========================================================================
Received Import Request.
  Time of request: 2026-09-22T17:17:19.9046158Z
  Time since last request: 0.0001854 seconds.
  importAddress: GUID: cc6401f13df54ba44bfd7cdc93c7d64d - Path: Packages/com.unity.test-framework/UnityEngine.TestRunner/NUnitExtensions/Attributes/UnitySetUpAttribute.cs - Importer: ScriptedImporter/UnityEditor.QuickSearchModule:UnityEditor.Search:ASIAI0B
Importing 'GUID: cc6401f13df54ba44bfd7cdc93c7d64d - Path: Packages/com.unity.test-framework/UnityEngine.TestRunner/NUnitExtensions/Attributes/UnitySetUpAttribute.cs - Importer: ScriptedImporter/UnityEditor.QuickSearchModule:UnityEditor.Search:ASIAI0B' with importer (ScriptedImporter : UnityEditor.QuickSearchModule:UnityEditor.Search:ASIAI0B)
Imported 'GUID: cc6401f13df54ba44bfd7cdc93c7d64d' -> (Import Result ID: '0188b779294cd8bbc4d48e4a311648e2') in 0.001 seconds [static and dynamic dependencies]. Details - ImportResultOutputID=635794bcbccf57c41ade75f995c514b6 DependenciesID=7315ac9195c9b8b99badcecf9f4abd9b StaticDependenciesID=8a1b186c2777e84459e28d2cfb1a81aa 
Number of updated asset objects reloaded before import = 0
Number of asset objects unloaded after import = 0
========================================================================
Received Import Request.
  Time of request: 2026-09-22T17:17:19.9055676Z
  Time since last request: 0.000146 seconds.
  importAddress: GUID: b1694e597ba745169b292914291c136b - Path: Packages/com.unity.test-framework/UnityEditor.TestRunner/TestRun/Tasks/PreparePlayModeRunTask.cs - Importer: ScriptedImporter/UnityEditor.QuickSearchModule:UnityEditor.Search:ASIAI0B
Importing 'GUID: b1694e597ba745169b292914291c136b - Path: Packages/com.unity.test-framework/UnityEditor.TestRunner/TestRun/Tasks/PreparePlayModeRunTask.cs - Importer: ScriptedImporter/UnityEditor.QuickSearchModule:UnityEditor.Search:ASIAI0B' with importer (ScriptedImporter : UnityEditor.QuickSearchModule:UnityEditor.Search:ASIAI0B)
Imported 'GUID: b1694e597ba745169b292914291c136b' -> (Import Result ID: '1d072264f80a7f993859f89eba1a3007') in 0.001 seconds [static and dynamic dependencies]. Details - ImportResultOutputID=cbdd5ee94767dcd5680c7f38c265700c DependenciesID=d5b9cc8e134098d39cb5fcf36353b5df StaticDependenciesID=7ca87d9424ed9e8276d622cddfe04f32 
Number of updated asset objects reloaded before import = 0
Number of asset objects unloaded after import = 0
========================================================================
Received Import Request.
  Time of request: 2026-09-22T17:17:19.9067361Z
  Time since last request: 0.0002139 seconds.
  importAddress: GUID: ff0aad009559b814ffc27001341fc1c3 - Path: Packages/com.unity.test-framework/UnityEngine.TestRunner/NUnitExtensions/Attributes/EnumeratorHelper.cs - Importer: ScriptedImporter/UnityEditor.QuickSearchModule:UnityEditor.Search:ASIAI0B
Importing 'GUID: ff0aad009559b814ffc27001341fc1c3 - Path: Packages/com.unity.test-framework/UnityEngine.TestRunner/NUnitExtensions/Attributes/EnumeratorHelper.cs - Importer: ScriptedImporter/UnityEditor.QuickSearchModule:UnityEditor.Search:ASIAI0B' with importer (ScriptedImporter : UnityEditor.QuickSearchModule:UnityEditor.Search:ASIAI0B)
Imported 'GUID: ff0aad009559b814ffc27001341fc1c3' -> (Import Result ID: '20a0b2e04e98d351f0fcfe8b3afbde60') in 0.001 seconds [static and dynamic dependencies]. Details - ImportResultOutputID=b50c3eeba585c3439a5f589ad59b0f1b DependenciesID=2626758de2ace89a2af07b10d5fd343b StaticDependenciesID=41aa532b1db034c3a84ba42fcd3847e7 
Number of updated asset objects reloaded before import = 0
Number of asset objects unloaded after import = 0
========================================================================
Received Import Request.
  Time of request: 2026-09-22T17:17:19.9077631Z
  Time since last request: 0.0001501 seconds.
  importAddress: GUID: aa5e75ed0aae4030a1720d08f7a5322e - Path: Packages/com.unity.test-framework/UnityEditor.TestRunner/UnityTestProtocol/Messages/PlayerSettingsMessage.cs - Importer: ScriptedImporter/UnityEditor.QuickSearchModule:UnityEditor.Search:ASIAI0B
Importing 'GUID: aa5e75ed0aae4030a1720d08f7a5322e - Path: Packages/com.unity.test-framework/UnityEditor.TestRunner/UnityTestProtocol/Messages/PlayerSettingsMessage.cs - Importer: ScriptedImporter/UnityEditor.QuickSearchModule:UnityEditor.Search:ASIAI0B' with importer (ScriptedImporter : UnityEditor.QuickSearchModule:UnityEditor.Search:ASIAI0B)
Imported 'GUID: aa5e75ed0aae4030a1720d08f7a5322e' -> (Import Result ID: '7b8833e10edd96b9434649676d9f2ae1') in 0.001 seconds [static and dynamic dependencies]. Details - ImportResultOutputID=fd1c7054b9f7d3f79d0c2504ea933f5a DependenciesID=8a34bc483a0c82791f680af2229b355e StaticDependenciesID=8821ac3868c342112ce00680aa35a260 
Number of updated asset objects reloaded before import = 0
Number of asset objects unloaded after import = 0
========================================================================
Received Import Request.
  Time of request: 2026-09-22T17:17:19.9089852Z
  Time since last request: 0.0001752 seconds.
  importAddress: GUID: 9945ffed4692c6044b6d3acf81efd694 - Path: Packages/com.unity.test-framework/UnityEngine.TestRunner/Assertions/LogScope/LogMatch.cs - Importer: ScriptedImporter/UnityEditor.QuickSearchModule:UnityEditor.Search:ASIAI0B
Importing 'GUID: 9945ffed4692c6044b6d3acf81efd694 - Path: Packages/com.unity.test-framework/UnityEngine.TestRunner/Assertions/LogScope/LogMatch.cs - Importer: ScriptedImporter/UnityEditor.QuickSearchModule:UnityEditor.Search:ASIAI0B' with importer (ScriptedImporter : UnityEditor.QuickSearchModule:UnityEditor.Search:ASIAI0B)
Imported 'GUID: 9945ffed4692c6044b6d3acf81efd694' -> (Import Result ID: 'f865d9d6e447b148f000fe813e604c8d') in 0.001 seconds [static and dynamic dependencies]. Details - ImportResultOutputID=311de9b44c72220957e114fa93dc67a8 DependenciesID=eef7e5078663e253c2fd68486a4840f5 StaticDependenciesID=de3ddb5f0b655cd56a6ed1b9d1f468c9 
Number of updated asset objects reloaded before import = 0
Number of asset objects unloaded after import = 0
========================================================================
Received Import Request.
  Time of request: 2026-09-22T17:17:19.9104903Z
  Time since last request: 0.0001979 seconds.
  importAddress: GUID: 98808b11e78f6c84a841a6b4bc5a29d2 - Path: Packages/com.unity.test-framework/UnityEditor.TestRunner/TestRunner/Utils/IEditorAssembliesProxy.cs - Importer: ScriptedImporter/UnityEditor.QuickSearchModule:UnityEditor.Search:ASIAI0B
Importing 'GUID: 98808b11e78f6c84a841a6b4bc5a29d2 - Path: Packages/com.unity.test-framework/UnityEditor.TestRunner/TestRunner/Utils/IEditorAssembliesProxy.cs - Importer: ScriptedImporter/UnityEditor.QuickSearchModule:UnityEditor.Search:ASIAI0B' with importer (ScriptedImporter : UnityEditor.QuickSearchModule:UnityEditor.Search:ASIAI0B)
Imported 'GUID: 98808b11e78f6c84a841a6b4bc5a29d2' -> (Import Result ID: 'b6f10beb43bcaacb3ac1fd5941377ebb') in 0.001 seconds [static and dynamic dependencies]. Details - ImportResultOutputID=a6705cd819b9456d253a3334e44f9c09 DependenciesID=8eb2cb3e2922a85ebfac7f17a6764eac StaticDependenciesID=e10b73fa3c611ebcbb3e4de6846fa693 
Number of updated asset objects reloaded before import = 0
Number of asset objects unloaded after import = 0
========================================================================
Received Import Request.
  Time of request: 2026-09-22T17:17:19.911669Z
  Time since last request: 0.0001593 seconds.
  importAddress: GUID: a398fde47a0349a40a9bdf8988c392c9 - Path: Packages/com.unity.test-framework/UnityEditor.TestRunner/TestRun/Tasks/RegisterFilesForCleanupVerificationTask.cs - Importer: ScriptedImporter/UnityEditor.QuickSearchModule:UnityEditor.Search:ASIAI0B
Importing 'GUID: a398fde47a0349a40a9bdf8988c392c9 - Path: Packages/com.unity.test-framework/UnityEditor.TestRunner/TestRun/Tasks/RegisterFilesForCleanupVerificationTask.cs - Importer: ScriptedImporter/UnityEditor.QuickSearchModule:UnityEditor.Search:ASIAI0B' with importer (ScriptedImporter : UnityEditor.QuickSearchModule:UnityEditor.Search:ASIAI0B)
Imported 'GUID: a398fde47a0349a40a9bdf8988c392c9' -> (Import Result ID: 'bd13f6b58a95c5b0fd87dc6be7bc61ee') in 0.001 seconds [static and dynamic dependencies]. Details - ImportResultOutputID=c719126a6383277deca30ca30f31c6f2 DependenciesID=f8f45e68b9643265988c6d397cf6bd41 StaticDependenciesID=35a6c7ec08c4327246cdefc32ac1e329 
Number of updated asset objects reloaded before import = 0
Number of asset objects unloaded after import = 0
========================================================================
Received Import Request.
  Time of request: 2026-09-22T17:17:19.9127652Z
  Time since last request: 0.0001517 seconds.
  importAddress: GUID: 4bbc17b35884fdf468e4b52ae4222882 - Path: Packages/com.unity.test-framework/UnityEngine.TestRunner/Assertions/LogScope/LogScope.cs - Importer: ScriptedImporter/UnityEditor.QuickSearchModule:UnityEditor.Search:ASIAI0B
Importing 'GUID: 4bbc17b35884fdf468e4b52ae4222882 - Path: Packages/com.unity.test-framework/UnityEngine.TestRunner/Assertions/LogScope/LogScope.cs - Importer: ScriptedImporter/UnityEditor.QuickSearchModule:UnityEditor.Search:ASIAI0B' with importer (ScriptedImporter : UnityEditor.QuickSearchModule:UnityEditor.Search:ASIAI0B)
Imported 'GUID: 4bbc17b35884fdf468e4b52ae4222882' -> (Import Result ID: '782d9650744b2bd827e9426432eda152') in 0.001 seconds [static and dynamic dependencies]. Details - ImportResultOutputID=09009ce35a937193256870fc2798d932 DependenciesID=186290ff709b01e004aa877321ca33d6 StaticDependenciesID=28e8db9e6c299cdd2c6f1d27de6eeef0 
Number of updated asset objects reloaded before import = 0
Number of asset objects unloaded after import = 0
========================================================================
Received Import Request.
  Time of request: 2026-09-22T17:17:19.9140307Z
  Time since last request: 0.0002466 seconds.
  importAddress: GUID: 5db0e0c612cd489a89d330acbc4ac585 - Path: Packages/com.unity.test-framework/UnityEditor.TestRunner/TestRun/Tasks/ResetInteractionModeTask.cs - Importer: ScriptedImporter/UnityEditor.QuickSearchModule:UnityEditor.Search:ASIAI0B
Importing 'GUID: 5db0e0c612cd489a89d330acbc4ac585 - Path: Packages/com.unity.test-framework/UnityEditor.TestRunner/TestRun/Tasks/ResetInteractionModeTask.cs - Importer: ScriptedImporter/UnityEditor.QuickSearchModule:UnityEditor.Search:ASIAI0B' with importer (ScriptedImporter : UnityEditor.QuickSearchModule:UnityEditor.Search:ASIAI0B)
Imported 'GUID: 5db0e0c612cd489a89d330acbc4ac585' -> (Import Result ID: 'efed38b32b966a01b2e881e83eabc7c7') in 0.001 seconds [static and dynamic dependencies]. Details - ImportResultOutputID=905fd43362e5cb2bcc94a7883177122f DependenciesID=a87b94eb86126d0b854643df8bfce5ac StaticDependenciesID=04d739abc6f5939d215a5b95521d66db 
Number of updated asset objects reloaded before import = 0
Number of asset objects unloaded after import = 0
========================================================================
Received Import Request.
  Time of request: 2026-09-22T17:17:19.9156212Z
  Time since last request: 0.0002695 seconds.
  importAddress: GUID: 82075836be5e0c64bbe84e1f9436682e - Path: Packages/com.unity.test-framework/UnityEditor.TestRunner/TestRunner/Callbacks/WindowResultUpdaterDataHolder.cs - Importer: ScriptedImporter/UnityEditor.QuickSearchModule:UnityEditor.Search:ASIAI0B
Importing 'GUID: 82075836be5e0c64bbe84e1f9436682e - Path: Packages/com.unity.test-framework/UnityEditor.TestRunner/TestRunner/Callbacks/WindowResultUpdaterDataHolder.cs - Importer: ScriptedImporter/UnityEditor.QuickSearchModule:UnityEditor.Search:ASIAI0B' with importer (ScriptedImporter : UnityEditor.QuickSearchModule:UnityEditor.Search:ASIAI0B)
Imported 'GUID: 82075836be5e0c64bbe84e1f9436682e' -> (Import Result ID: '1c483f979f9e4907d8dd0f985e68b7c4') in 0.001 seconds [static and dynamic dependencies]. Details - ImportResultOutputID=12508d8fcf254e3aa01006fae8fd28c5 DependenciesID=d20b79cf978701de4e86373780f31ed1 StaticDependenciesID=3c0fb44eaf8bd3ebd9165764dfe85c09 
Number of updated asset objects reloaded before import = 0
Number of asset objects unloaded after import = 0
========================================================================
Received Import Request.
  Time of request: 2026-09-22T17:17:19.9172229Z
  Time since last request: 0.00029 seconds.
  importAddress: GUID: 25d1ed297163243c4a20d6321d057844 - Path: Packages/com.unity.test-framework/UnityEditor.TestRunner/TestRun/Tasks/PrebuildSetupWithTestDataTask.cs - Importer: ScriptedImporter/UnityEditor.QuickSearchModule:UnityEditor.Search:ASIAI0B
Importing 'GUID: 25d1ed297163243c4a20d6321d057844 - Path: Packages/com.unity.test-framework/UnityEditor.TestRunner/TestRun/Tasks/PrebuildSetupWithTestDataTask.cs - Importer: ScriptedImporter/UnityEditor.QuickSearchModule:UnityEditor.Search:ASIAI0B' with importer (ScriptedImporter : UnityEditor.QuickSearchModule:UnityEditor.Search:ASIAI0B)
Imported 'GUID: 25d1ed297163243c4a20d6321d057844' -> (Import Result ID: '6f0a36e6e97740c2cc9a693c4a448ca2') in 0.001 seconds [static and dynamic dependencies]. Details - ImportResultOutputID=b75568d763db95923e4c207be2cf4fdc DependenciesID=bb110b2f53a894e7650338dc2853da96 StaticDependenciesID=b91c6f696c0638a3cb51da0095942f31 
Number of updated asset objects reloaded before import = 0
Number of asset objects unloaded after import = 0
========================================================================
Received Import Request.
  Time of request: 2026-09-22T17:17:19.9186744Z
  Time since last request: 0.0002004 seconds.
  importAddress: GUID: 3504aa04cda851b44a65973f9aead6f7 - Path: Packages/com.unity.test-framework/UnityEngine.TestRunner/Assertions/LogScope/ILogScope.cs - Importer: ScriptedImporter/UnityEditor.QuickSearchModule:UnityEditor.Search:ASIAI0B
Importing 'GUID: 3504aa04cda851b44a65973f9aead6f7 - Path: Packages/com.unity.test-framework/UnityEngine.TestRunner/Assertions/LogScope/ILogScope.cs - Importer: ScriptedImporter/UnityEditor.QuickSearchModule:UnityEditor.Search:ASIAI0B' with importer (ScriptedImporter : UnityEditor.QuickSearchModule:UnityEditor.Search:ASIAI0B)
Imported 'GUID: 3504aa04cda851b44a65973f9aead6f7' -> (Import Result ID: '3dee6c8b2217fcf7f41abf86dcf32ea0') in 0.001 seconds [static and dynamic dependencies]. Details - ImportResultOutputID=e4105fba07f2b37f21c7bfe06503ee29 DependenciesID=95f40981543508be1be8fd6eab8818dc StaticDependenciesID=82f9d13342a570e8253f4015680cf58a 
Number of updated asset objects reloaded before import = 0
Number of asset objects unloaded after import = 0
========================================================================
Received Import Request.
  Time of request: 2026-09-22T17:17:19.9202096Z
  Time since last request: 0.0004612 seconds.
  importAddress: GUID: 9729063e08c4a4e438070c8319aff5f5 - Path: Packages/com.unity.test-framework/UnityEditor.TestRunner/TestRun/Tasks/UnlockReloadAssembliesTask.cs - Importer: ScriptedImporter/UnityEditor.QuickSearchModule:UnityEditor.Search:ASIAI0B
Importing 'GUID: 9729063e08c4a4e438070c8319aff5f5 - Path: Packages/com.unity.test-framework/UnityEditor.TestRunner/TestRun/Tasks/UnlockReloadAssembliesTask.cs - Importer: ScriptedImporter/UnityEditor.QuickSearchModule:UnityEditor.Search:ASIAI0B' with importer (ScriptedImporter : UnityEditor.QuickSearchModule:UnityEditor.Search:ASIAI0B)
Imported 'GUID: 9729063e08c4a4e438070c8319aff5f5' -> (Import Result ID: 'c869f1fce0e3bc2247b560ccffbe1103') in 0.001 seconds [static and dynamic dependencies]. Details - ImportResultOutputID=0c7fc05b6f3d6eebdb0e166cd31bcf17 DependenciesID=bea86721a1e4f8a4cdd33e38ccce55cb StaticDependenciesID=8abfc6d5d898bf4e70b5820457874eeb 
Number of updated asset objects reloaded before import = 0
Number of asset objects unloaded after import = 0
========================================================================
Received Import Request.
  Time of request: 2026-09-22T17:17:19.9216335Z
  Time since last request: 0.0001653 seconds.
  importAddress: GUID: f1b6399349763114d9361bc6dfcd025b - Path: Packages/com.unity.test-framework/UnityEditor.TestRunner/TestRunner/Utils/TestListCacheData.cs - Importer: ScriptedImporter/UnityEditor.QuickSearchModule:UnityEditor.Search:ASIAI0B
Importing 'GUID: f1b6399349763114d9361bc6dfcd025b - Path: Packages/com.unity.test-framework/UnityEditor.TestRunner/TestRunner/Utils/TestListCacheData.cs - Importer: ScriptedImporter/UnityEditor.QuickSearchModule:UnityEditor.Search:ASIAI0B' with importer (ScriptedImporter : UnityEditor.QuickSearchModule:UnityEditor.Search:ASIAI0B)
Imported 'GUID: f1b6399349763114d9361bc6dfcd025b' -> (Import Result ID: '2cc66fa69c2af453848e4775bc4b6fc0') in 0.001 seconds [static and dynamic dependencies]. Details - ImportResultOutputID=85cd63747dbb729ed21bef129fe49136 DependenciesID=8bcf3a0ce4ed085d3ef4031ff5933748 StaticDependenciesID=2917e224c9dffc2ed7b605c9e640b410 
Number of updated asset objects reloaded before import = 0
Number of asset objects unloaded after import = 0
========================================================================
Received Import Request.
  Time of request: 2026-09-22T17:17:19.9230728Z
  Time since last request: 0.0002067 seconds.
  importAddress: GUID: 3b3dcba2081245eb916aee8fd3459fc8 - Path: Packages/com.unity.test-framework/UnityEditor.TestRunner/UnityTestProtocol/Messages/BuildSettingsMessage.cs - Importer: ScriptedImporter/UnityEditor.QuickSearchModule:UnityEditor.Search:ASIAI0B
Importing 'GUID: 3b3dcba2081245eb916aee8fd3459fc8 - Path: Packages/com.unity.test-framework/UnityEditor.TestRunner/UnityTestProtocol/Messages/BuildSettingsMessage.cs - Importer: ScriptedImporter/UnityEditor.QuickSearchModule:UnityEditor.Search:ASIAI0B' with importer (ScriptedImporter : UnityEditor.QuickSearchModule:UnityEditor.Search:ASIAI0B)
Imported 'GUID: 3b3dcba2081245eb916aee8fd3459fc8' -> (Import Result ID: '737f5c4c0502f42cf2129556eb1496a0') in 0.001 seconds [static and dynamic dependencies]. Details - ImportResultOutputID=6318833116bc772fbe17a75a8740e569 DependenciesID=97095aa6cdad80b26ffceea60e065927 StaticDependenciesID=2d3dd3323d43018dcfcef058eda1affc 
Number of updated asset objects reloaded before import = 0
Number of asset objects unloaded after import = 0
========================================================================
Received Import Request.
  Time of request: 2026-09-22T17:17:19.9248359Z
  Time since last request: 0.0002107 seconds.
  importAddress: GUID: e9c53c5109a7498ca4408e53f2593b1a - Path: Packages/com.unity.test-framework/UnityEngine.TestRunner/NUnitExtensions/Attributes/ParametrizedIgnoreAttribute.cs - Importer: ScriptedImporter/UnityEditor.QuickSearchModule:UnityEditor.Search:ASIAI0B
Importing 'GUID: e9c53c5109a7498ca4408e53f2593b1a - Path: Packages/com.unity.test-framework/UnityEngine.TestRunner/NUnitExtensions/Attributes/ParametrizedIgnoreAttribute.cs - Importer: ScriptedImporter/UnityEditor.QuickSearchModule:UnityEditor.Search:ASIAI0B' with importer (ScriptedImporter : UnityEditor.QuickSearchModule:UnityEditor.Search:ASIAI0B)
Imported 'GUID: e9c53c5109a7498ca4408e53f2593b1a' -> (Import Result ID: '50c398ebb2279bc8bdd826806209883f') in 0.001 seconds [static and dynamic dependencies]. Details - ImportResultOutputID=88a6351e3de3a1cd46238013e07fd7c5 DependenciesID=536eb008585592fdb4e88e74e7c4fb87 StaticDependenciesID=6bc2ab64498717a7a0229a8738357471 
Number of updated asset objects reloaded before import = 0
Number of asset objects unloaded after import = 0
========================================================================
Received Import Request.
  Time of request: 2026-09-22T17:17:19.9268038Z
  Time since last request: 0.0005687 seconds.
  importAddress: GUID: 7af6ac3e6b51b8d4aab04adc85b8de2f - Path: Packages/com.unity.test-framework/UnityEngine.TestRunner/NUnitExtensions/Attributes/UnityCombinatorialStrategy.cs - Importer: ScriptedImporter/UnityEditor.QuickSearchModule:UnityEditor.Search:ASIAI0B
Importing 'GUID: 7af6ac3e6b51b8d4aab04adc85b8de2f - Path: Packages/com.unity.test-framework/UnityEngine.TestRunner/NUnitExtensions/Attributes/UnityCombinatorialStrategy.cs - Importer: ScriptedImporter/UnityEditor.QuickSearchModule:UnityEditor.Search:ASIAI0B' with importer (ScriptedImporter : UnityEditor.QuickSearchModule:UnityEditor.Search:ASIAI0B)
Imported 'GUID: 7af6ac3e6b51b8d4aab04adc85b8de2f' -> (Import Result ID: 'a5ab870169768eff1260a82271bf05ef') in 0.002 seconds [static and dynamic dependencies]. Details - ImportResultOutputID=16693d4cd46ce288e0408da21b94e8a0 DependenciesID=a4b0be49df68246e3c0d07954844d7b9 StaticDependenciesID=1ca27ee11aa5dc5cb5b2d549838eccb1 
Number of updated asset objects reloaded before import = 0
Number of asset objects unloaded after import = 0
========================================================================
Received Import Request.
  Time of request: 2026-09-22T17:17:19.9290759Z
  Time since last request: 0.0002064 seconds.
  importAddress: GUID: 7b9e2c4a8f1d6b3e5a0c8d2f4e6b1a9c - Path: Packages/com.unity.test-framework/UnityEngine.TestRunner/NUnitExtensions/Attributes/PlayModeTestsAttribute.cs - Importer: ScriptedImporter/UnityEditor.QuickSearchModule:UnityEditor.Search:ASIAI0B
Importing 'GUID: 7b9e2c4a8f1d6b3e5a0c8d2f4e6b1a9c - Path: Packages/com.unity.test-framework/UnityEngine.TestRunner/NUnitExtensions/Attributes/PlayModeTestsAttribute.cs - Importer: ScriptedImporter/UnityEditor.QuickSearchModule:UnityEditor.Search:ASIAI0B' with importer (ScriptedImporter : UnityEditor.QuickSearchModule:UnityEditor.Search:ASIAI0B)
Imported 'GUID: 7b9e2c4a8f1d6b3e5a0c8d2f4e6b1a9c' -> (Import Result ID: 'dfa8b902a35345023df2b9f586bc044f') in 0.001 seconds [static and dynamic dependencies]. Details - ImportResultOutputID=997e9b44a6ae580b7e453c6271bba3d5 DependenciesID=0b8da18eed4fbb126fcaa9bb36bc7b0f StaticDependenciesID=ede68a3ab0441d71ecedf355e23cd401 
Number of updated asset objects reloaded before import = 0
Number of asset objects unloaded after import = 0
========================================================================
Received Import Request.
  Time of request: 2026-09-22T17:17:19.9302679Z
  Time since last request: 0.000215 seconds.
  importAddress: GUID: 6d468ee3657be7a43a2ef2178ec14239 - Path: Packages/com.unity.test-framework/UnityEditor.TestRunner/TestRunner/Callbacks/WindowResultUpdater.cs - Importer: ScriptedImporter/UnityEditor.QuickSearchModule:UnityEditor.Search:ASIAI0B
Importing 'GUID: 6d468ee3657be7a43a2ef2178ec14239 - Path: Packages/com.unity.test-framework/UnityEditor.TestRunner/TestRunner/Callbacks/WindowResultUpdater.cs - Importer: ScriptedImporter/UnityEditor.QuickSearchModule:UnityEditor.Search:ASIAI0B' with importer (ScriptedImporter : UnityEditor.QuickSearchModule:UnityEditor.Search:ASIAI0B)
Imported 'GUID: 6d468ee3657be7a43a2ef2178ec14239' -> (Import Result ID: '31e49c675b6aa33cfe0f1c093afc0170') in 0.001 seconds [static and dynamic dependencies]. Details - ImportResultOutputID=1951ad813dd33be8abbf55daeddd6fc2 DependenciesID=5235edd7b35c0fedcf507a83b406b7d3 StaticDependenciesID=98f60fbd46177e15c53345dda2cc15a9 
Number of updated asset objects reloaded before import = 0
Number of asset objects unloaded after import = 0
========================================================================
Received Import Request.
  Time of request: 2026-09-22T17:17:19.931502Z
  Time since last request: 0.0001997 seconds.
  importAddress: GUID: 408674d91d506a54aac9a7f07951c018 - Path: Packages/com.unity.test-framework/UnityEditor.TestRunner/TestRunner/Messages/ExitPlayMode.cs - Importer: ScriptedImporter/UnityEditor.QuickSearchModule:UnityEditor.Search:ASIAI0B
Importing 'GUID: 408674d91d506a54aac9a7f07951c018 - Path: Packages/com.unity.test-framework/UnityEditor.TestRunner/TestRunner/Messages/ExitPlayMode.cs - Importer: ScriptedImporter/UnityEditor.QuickSearchModule:UnityEditor.Search:ASIAI0B' with importer (ScriptedImporter : UnityEditor.QuickSearchModule:UnityEditor.Search:ASIAI0B)
Imported 'GUID: 408674d91d506a54aac9a7f07951c018' -> (Import Result ID: '66d4757685a18700ec23f0b8eda04a51') in 0.001 seconds [static and dynamic dependencies]. Details - ImportResultOutputID=73c9a91b75ee4e84f14f84a28c5c54d3 DependenciesID=b7b567ccfdc554e78f7b0a8aa2c85c74 StaticDependenciesID=0f206f0e693adb6099b0841843c78bac 
Number of updated asset objects reloaded before import = 0
Number of asset objects unloaded after import = 0
========================================================================
Received Import Request.
  Time of request: 2026-09-22T17:17:19.9328558Z
  Time since last request: 0.0002744 seconds.
  importAddress: GUID: fc039194235714f48a39bd364885e744 - Path: Packages/com.unity.test-framework/UnityEditor.TestRunner/TestRun/Tasks/PrebuildSetupTask.cs - Importer: ScriptedImporter/UnityEditor.QuickSearchModule:UnityEditor.Search:ASIAI0B
Importing 'GUID: fc039194235714f48a39bd364885e744 - Path: Packages/com.unity.test-framework/UnityEditor.TestRunner/TestRun/Tasks/PrebuildSetupTask.cs - Importer: ScriptedImporter/UnityEditor.QuickSearchModule:UnityEditor.Search:ASIAI0B' with importer (ScriptedImporter : UnityEditor.QuickSearchModule:UnityEditor.Search:ASIAI0B)
Imported 'GUID: fc039194235714f48a39bd364885e744' -> (Import Result ID: 'ce40d639079844508f8aad1cc6227ebb') in 0.001 seconds [static and dynamic dependencies]. Details - ImportResultOutputID=f33c61c4975c8599ab771e1cff9c7941 DependenciesID=d0503ab79e07700bfeab2df3c6fda315 StaticDependenciesID=f03b00a9d12f5cd25a496c576f2b53c6 
Number of updated asset objects reloaded before import = 0
Number of asset objects unloaded after import = 0
========================================================================
Received Import Request.
  Time of request: 2026-09-22T17:17:19.9340413Z
  Time since last request: 0.0001914 seconds.
  importAddress: GUID: c9b23632c77de204abfe8bf7168d48c0 - Path: Packages/com.unity.test-framework/UnityEditor.TestRunner/TestRunner/Utils/EditorCompilationInterfaceProxy.cs - Importer: ScriptedImporter/UnityEditor.QuickSearchModule:UnityEditor.Search:ASIAI0B
Importing 'GUID: c9b23632c77de204abfe8bf7168d48c0 - Path: Packages/com.unity.test-framework/UnityEditor.TestRunner/TestRunner/Utils/EditorCompilationInterfaceProxy.cs - Importer: ScriptedImporter/UnityEditor.QuickSearchModule:UnityEditor.Search:ASIAI0B' with importer (ScriptedImporter : UnityEditor.QuickSearchModule:UnityEditor.Search:ASIAI0B)
Imported 'GUID: c9b23632c77de204abfe8bf7168d48c0' -> (Import Result ID: '04aa2ad04049e87c36859661a774c51f') in 0.001 seconds [static and dynamic dependencies]. Details - ImportResultOutputID=6db1b900389b66eda8251d2cda88723d DependenciesID=7e9a38474f69dd6f9bbda59659c0456c StaticDependenciesID=d03d29e7ceff43cb408137942d0aea90 
Number of updated asset objects reloaded before import = 0
Number of asset objects unloaded after import = 0
========================================================================
Received Import Request.
  Time of request: 2026-09-22T17:17:19.9352827Z
  Time since last request: 0.0002141 seconds.
  importAddress: GUID: 5df3c21c5237c994db89660fbdfee07d - Path: Packages/com.unity.test-framework/UnityEditor.TestRunner/TestRunner/Messages/WaitForDomainReload.cs - Importer: ScriptedImporter/UnityEditor.QuickSearchModule:UnityEditor.Search:ASIAI0B
Importing 'GUID: 5df3c21c5237c994db89660fbdfee07d - Path: Packages/com.unity.test-framework/UnityEditor.TestRunner/TestRunner/Messages/WaitForDomainReload.cs - Importer: ScriptedImporter/UnityEditor.QuickSearchModule:UnityEditor.Search:ASIAI0B' with importer (ScriptedImporter : UnityEditor.QuickSearchModule:UnityEditor.Search:ASIAI0B)
Imported 'GUID: 5df3c21c5237c994db89660fbdfee07d' -> (Import Result ID: '40416760f2f91db8362186d37d8a0eaa') in 0.001 seconds [static and dynamic dependencies]. Details - ImportResultOutputID=809a4459b269a62e10186caf86f6c512 DependenciesID=d61bfb352a1f456606a3cdf35d0e774b StaticDependenciesID=9ee6a0fd8bf1fafadc7381387fb45d43 
Number of updated asset objects reloaded before import = 0
Number of asset objects unloaded after import = 0
========================================================================
Received Import Request.
  Time of request: 2026-09-22T17:17:19.936493Z
  Time since last request: 0.0001907 seconds.
  importAddress: GUID: d685d97a1eb004f49afea0cc982ff728 - Path: Packages/com.unity.test-framework/UnityEditor.TestRunner/TestRunner/Utils/TestListCache.cs - Importer: ScriptedImporter/UnityEditor.QuickSearchModule:UnityEditor.Search:ASIAI0B
Importing 'GUID: d685d97a1eb004f49afea0cc982ff728 - Path: Packages/com.unity.test-framework/UnityEditor.TestRunner/TestRunner/Utils/TestListCache.cs - Importer: ScriptedImporter/UnityEditor.QuickSearchModule:UnityEditor.Search:ASIAI0B' with importer (ScriptedImporter : UnityEditor.QuickSearchModule:UnityEditor.Search:ASIAI0B)
Imported 'GUID: d685d97a1eb004f49afea0cc982ff728' -> (Import Result ID: '767a206266b2501932481698dc3f02cf') in 0.001 seconds [static and dynamic dependencies]. Details - ImportResultOutputID=c0eb80fbebdf9c334c2b37fc5fd8d394 DependenciesID=41975514554abeac869bccf642bb6acf StaticDependenciesID=37f24c60b45d44fd0743e3e5413359c9 
Number of updated asset objects reloaded before import = 0
Number of asset objects unloaded after import = 0
========================================================================
Received Import Request.
  Time of request: 2026-09-22T17:17:19.9376047Z
  Time since last request: 0.0001825 seconds.
  importAddress: GUID: 02ef7627f46742ae83071af8bf22f1af - Path: Packages/com.unity.test-framework/UnityEditor.TestRunner/UnityTestProtocol/Messages/EditorVersionMessage.cs - Importer: ScriptedImporter/UnityEditor.QuickSearchModule:UnityEditor.Search:ASIAI0B
Importing 'GUID: 02ef7627f46742ae83071af8bf22f1af - Path: Packages/com.unity.test-framework/UnityEditor.TestRunner/UnityTestProtocol/Messages/EditorVersionMessage.cs - Importer: ScriptedImporter/UnityEditor.QuickSearchModule:UnityEditor.Search:ASIAI0B' with importer (ScriptedImporter : UnityEditor.QuickSearchModule:UnityEditor.Search:ASIAI0B)
Imported 'GUID: 02ef7627f46742ae83071af8bf22f1af' -> (Import Result ID: '487c256a501e5d00d061112e790a1e6a') in 0.001 seconds [static and dynamic dependencies]. Details - ImportResultOutputID=f196a18069333987eaabf62513cea90f DependenciesID=72c1828ac039fa75a87f4cd81e204619 StaticDependenciesID=5f26d29d5a83c71b4ffb728839024dae 
Number of updated asset objects reloaded before import = 0
Number of asset objects unloaded after import = 0
========================================================================
Received Import Request.
  Time of request: 2026-09-22T17:17:19.938573Z
  Time since last request: 0.0001507 seconds.
  importAddress: GUID: dec9066d4afefe444be0dad3f137730d - Path: Packages/com.unity.test-framework/UnityEditor.TestRunner/TestRunner/Utils/TestListJob.cs - Importer: ScriptedImporter/UnityEditor.QuickSearchModule:UnityEditor.Search:ASIAI0B
Importing 'GUID: dec9066d4afefe444be0dad3f137730d - Path: Packages/com.unity.test-framework/UnityEditor.TestRunner/TestRunner/Utils/TestListJob.cs - Importer: ScriptedImporter/UnityEditor.QuickSearchModule:UnityEditor.Search:ASIAI0B' with importer (ScriptedImporter : UnityEditor.QuickSearchModule:UnityEditor.Search:ASIAI0B)
Imported 'GUID: dec9066d4afefe444be0dad3f137730d' -> (Import Result ID: '473ccb456f1c74027adeca107f46a1e2') in 0.002 seconds [static and dynamic dependencies]. Details - ImportResultOutputID=932116dff57c9da7fcc5b0fa04c6222c DependenciesID=ca8b3120ced07fb624ec728bf0ee06be StaticDependenciesID=08ebd655059d108d4a47cbb243cf3a4b 
Number of updated asset objects reloaded before import = 0
Number of asset objects unloaded after import = 0
========================================================================
Received Import Request.
  Time of request: 2026-09-22T17:17:19.9404561Z
  Time since last request: 0.0002284 seconds.
  importAddress: GUID: 002201b186864f54ba07f1b2d7841fc7 - Path: Packages/com.unity.test-framework/UnityEngine.TestRunner/NUnitExtensions/Attributes/UnityCoreClrExplicitDisabledAttribute.cs - Importer: ScriptedImporter/UnityEditor.QuickSearchModule:UnityEditor.Search:ASIAI0B
Importing 'GUID: 002201b186864f54ba07f1b2d7841fc7 - Path: Packages/com.unity.test-framework/UnityEngine.TestRunner/NUnitExtensions/Attributes/UnityCoreClrExplicitDisabledAttribute.cs - Importer: ScriptedImporter/UnityEditor.QuickSearchModule:UnityEditor.Search:ASIAI0B' with importer (ScriptedImporter : UnityEditor.QuickSearchModule:UnityEditor.Search:ASIAI0B)
Imported 'GUID: 002201b186864f54ba07f1b2d7841fc7' -> (Import Result ID: '6da9aad1fe1b392a0a17881879f077c1') in 0.001 seconds [static and dynamic dependencies]. Details - ImportResultOutputID=e25ea543be98470f7cbcfe96004c3082 DependenciesID=57eaa86daee07ce9eb096bd710166753 StaticDependenciesID=9a7619f3bf72b1d861018a35a2579f0a 
Number of updated asset objects reloaded before import = 0
Number of asset objects unloaded after import = 0
========================================================================
Received Import Request.
  Time of request: 2026-09-22T17:17:19.9420305Z
  Time since last request: 0.0002355 seconds.
  importAddress: GUID: d52ad1cdc75642419ac24e88b43a3821 - Path: Packages/com.unity.test-framework/UnityEditor.TestRunner/UnityTestProtocol/Data/PlayerSettings.cs - Importer: ScriptedImporter/UnityEditor.QuickSearchModule:UnityEditor.Search:ASIAI0B
Importing 'GUID: d52ad1cdc75642419ac24e88b43a3821 - Path: Packages/com.unity.test-framework/UnityEditor.TestRunner/UnityTestProtocol/Data/PlayerSettings.cs - Importer: ScriptedImporter/UnityEditor.QuickSearchModule:UnityEditor.Search:ASIAI0B' with importer (ScriptedImporter : UnityEditor.QuickSearchModule:UnityEditor.Search:ASIAI0B)
Imported 'GUID: d52ad1cdc75642419ac24e88b43a3821' -> (Import Result ID: '0b506b2538aa3ea1976ae0b89b2ca6b2') in 0.001 seconds [static and dynamic dependencies]. Details - ImportResultOutputID=56a7249eef2ba3f43d7f6be87ca9a6e8 DependenciesID=49ac7b4868f15d809521051f9f803882 StaticDependenciesID=6bec31ab9e5eaba7532d3ca348a56c7e 
Number of updated asset objects reloaded before import = 0
Number of asset objects unloaded after import = 0
========================================================================
Received Import Request.
  Time of request: 2026-09-22T17:17:19.9434122Z
  Time since last request: 0.0001951 seconds.
  importAddress: GUID: 3803f736886e77842995ddbc3531afaa - Path: Packages/com.unity.test-framework/UnityEngine.TestRunner/NUnitExtensions/Attributes/TestMustExpectAllLogsAttribute.cs - Importer: ScriptedImporter/UnityEditor.QuickSearchModule:UnityEditor.Search:ASIAI0B
Importing 'GUID: 3803f736886e77842995ddbc3531afaa - Path: Packages/com.unity.test-framework/UnityEngine.TestRunner/NUnitExtensions/Attributes/TestMustExpectAllLogsAttribute.cs - Importer: ScriptedImporter/UnityEditor.QuickSearchModule:UnityEditor.Search:ASIAI0B' with importer (ScriptedImporter : UnityEditor.QuickSearchModule:UnityEditor.Search:ASIAI0B)
Imported 'GUID: 3803f736886e77842995ddbc3531afaa' -> (Import Result ID: 'e132043f9cee4e0fb5d0655dfad4ee99') in 0.001 seconds [static and dynamic dependencies]. Details - ImportResultOutputID=f49fe904d83b270c40c87fc2a5ceaef5 DependenciesID=e8a14c3750dc731f26aeb82849d924a1 StaticDependenciesID=ddc0a4d6961dbc98180b478feb16857a 
Number of updated asset objects reloaded before import = 0
Number of asset objects unloaded after import = 0
========================================================================
Received Import Request.
  Time of request: 2026-09-22T17:17:19.9451316Z
  Time since last request: 0.0002257 seconds.
  importAddress: GUID: 01aa6c4633a44c2ca43e69d35747cb80 - Path: Packages/com.unity.test-framework/UnityEditor.TestRunner/TestRun/Tasks/SetupConstructDelegatorTask.cs - Importer: ScriptedImporter/UnityEditor.QuickSearchModule:UnityEditor.Search:ASIAI0B
Importing 'GUID: 01aa6c4633a44c2ca43e69d35747cb80 - Path: Packages/com.unity.test-framework/UnityEditor.TestRunner/TestRun/Tasks/SetupConstructDelegatorTask.cs - Importer: ScriptedImporter/UnityEditor.QuickSearchModule:UnityEditor.Search:ASIAI0B' with importer (ScriptedImporter : UnityEditor.QuickSearchModule:UnityEditor.Search:ASIAI0B)
Imported 'GUID: 01aa6c4633a44c2ca43e69d35747cb80' -> (Import Result ID: '19003c842a515b4f775c2b9db09078fc') in 0.001 seconds [static and dynamic dependencies]. Details - ImportResultOutputID=d9ee46c9b1cd3d03c49cee275c029410 DependenciesID=ee75073224c0c90f1c466c783e803357 StaticDependenciesID=270148d50ea2d152e4d4959f65756a12 
Number of updated asset objects reloaded before import = 0
Number of asset objects unloaded after import = 0
========================================================================
Received Import Request.
  Time of request: 2026-09-22T17:17:19.9464176Z
  Time since last request: 0.0001631 seconds.
  importAddress: GUID: f15cbb987069826429540d0ea0937442 - Path: Packages/com.unity.test-framework/UnityEditor.TestRunner/TestRunner/Utils/TestListProvider.cs - Importer: ScriptedImporter/UnityEditor.QuickSearchModule:UnityEditor.Search:ASIAI0B
Importing 'GUID: f15cbb987069826429540d0ea0937442 - Path: Packages/com.unity.test-framework/UnityEditor.TestRunner/TestRunner/Utils/TestListProvider.cs - Importer: ScriptedImporter/UnityEditor.QuickSearchModule:UnityEditor.Search:ASIAI0B' with importer (ScriptedImporter : UnityEditor.QuickSearchModule:UnityEditor.Search:ASIAI0B)
Imported 'GUID: f15cbb987069826429540d0ea0937442' -> (Import Result ID: 'dc4700a0d2e0731065d5ca3d21ba3cd0') in 0.001 seconds [static and dynamic dependencies]. Details - ImportResultOutputID=76a8cac4892d3b86588a602bab778c0f DependenciesID=3b119f03e859fb261de8a0431f797637 StaticDependenciesID=a1baeb3ff805a1d29859c2575103db95 
Number of updated asset objects reloaded before import = 0
Number of asset objects unloaded after import = 0
========================================================================
Received Import Request.
  Time of request: 2026-09-22T17:17:19.9475012Z
  Time since last request: 0.000226 seconds.
  importAddress: GUID: 0f691f67e4ca49a386e31761b0ff8238 - Path: Packages/com.unity.test-framework/UnityEditor.TestRunner/TestRun/Tasks/RestoreProjectSettingsTask.cs - Importer: ScriptedImporter/UnityEditor.QuickSearchModule:UnityEditor.Search:ASIAI0B
Importing 'GUID: 0f691f67e4ca49a386e31761b0ff8238 - Path: Packages/com.unity.test-framework/UnityEditor.TestRunner/TestRun/Tasks/RestoreProjectSettingsTask.cs - Importer: ScriptedImporter/UnityEditor.QuickSearchModule:UnityEditor.Search:ASIAI0B' with importer (ScriptedImporter : UnityEditor.QuickSearchModule:UnityEditor.Search:ASIAI0B)
Imported 'GUID: 0f691f67e4ca49a386e31761b0ff8238' -> (Import Result ID: '115bdd067868a2abb5de8678d485e363') in 0.004 seconds [static and dynamic dependencies]. Details - ImportResultOutputID=876423ce323a84ba84aea6af10840d66 DependenciesID=c08f1e724c2231a66f4e1b9d3e764da9 StaticDependenciesID=570fee005d6ac293f9cdef0b2ec2d971 
Number of updated asset objects reloaded before import = 0
Number of asset objects unloaded after import = 0
========================================================================
Received Import Request.
  Time of request: 2026-09-22T17:17:19.9515706Z
  Time since last request: 0.0003751 seconds.
  importAddress: GUID: f96d0ea807c081145a1170ed1b6d71e0 - Path: Packages/com.unity.test-framework/UnityEditor.TestRunner/TestRunner/Utils/EditorAssembliesProxy.cs - Importer: ScriptedImporter/UnityEditor.QuickSearchModule:UnityEditor.Search:ASIAI0B
Importing 'GUID: f96d0ea807c081145a1170ed1b6d71e0 - Path: Packages/com.unity.test-framework/UnityEditor.TestRunner/TestRunner/Utils/EditorAssembliesProxy.cs - Importer: ScriptedImporter/UnityEditor.QuickSearchModule:UnityEditor.Search:ASIAI0B' with importer (ScriptedImporter : UnityEditor.QuickSearchModule:UnityEditor.Search:ASIAI0B)
Imported 'GUID: f96d0ea807c081145a1170ed1b6d71e0' -> (Import Result ID: '18e2198d3914e75efc5408859ff2a1a1') in 0.002 seconds [static and dynamic dependencies]. Details - ImportResultOutputID=c8d5f9d8cd06a91efb44f7164b3d605b DependenciesID=7d05738500a72f5c25d4f606ecfd50e4 StaticDependenciesID=fbf1012335701e0b5d2646d46cf1d695 
Number of updated asset objects reloaded before import = 0
Number of asset objects unloaded after import = 0
========================================================================
Received Import Request.
  Time of request: 2026-09-22T17:17:19.9538485Z
  Time since last request: 0.0002591 seconds.
  importAddress: GUID: 321dc2c0720f8dd4f9396ecdc12b8746 - Path: Packages/com.unity.test-framework/UnityEditor.TestRunner/UnityTestProtocol/Messages/Message.cs - Importer: ScriptedImporter/UnityEditor.QuickSearchModule:UnityEditor.Search:ASIAI0B
Importing 'GUID: 321dc2c0720f8dd4f9396ecdc12b8746 - Path: Packages/com.unity.test-framework/UnityEditor.TestRunner/UnityTestProtocol/Messages/Message.cs - Importer: ScriptedImporter/UnityEditor.QuickSearchModule:UnityEditor.Search:ASIAI0B' with importer (ScriptedImporter : UnityEditor.QuickSearchModule:UnityEditor.Search:ASIAI0B)
Imported 'GUID: 321dc2c0720f8dd4f9396ecdc12b8746' -> (Import Result ID: '9658b2754f2b78ca31c2a584385e05f1') in 0.001 seconds [static and dynamic dependencies]. Details - ImportResultOutputID=e10377b3da5c9c9d6c78ee6c6438cd84 DependenciesID=c7e2569a11730e6af8cafa659a31a451 StaticDependenciesID=362d04efe5d6aab88efff3ff9f3c615d 
Number of updated asset objects reloaded before import = 0
Number of asset objects unloaded after import = 0
========================================================================
Received Import Request.
  Time of request: 2026-09-22T17:17:19.9553031Z
  Time since last request: 0.0001928 seconds.
  importAddress: GUID: efce3ac61ba34d3590656de761a677e3 - Path: Packages/com.unity.test-framework/UnityEditor.TestRunner/UnityTestProtocol/Data/QualitySettings.cs - Importer: ScriptedImporter/UnityEditor.QuickSearchModule:UnityEditor.Search:ASIAI0B
Importing 'GUID: efce3ac61ba34d3590656de761a677e3 - Path: Packages/com.unity.test-framework/UnityEditor.TestRunner/UnityTestProtocol/Data/QualitySettings.cs - Importer: ScriptedImporter/UnityEditor.QuickSearchModule:UnityEditor.Search:ASIAI0B' with importer (ScriptedImporter : UnityEditor.QuickSearchModule:UnityEditor.Search:ASIAI0B)
Imported 'GUID: efce3ac61ba34d3590656de761a677e3' -> (Import Result ID: '22df54daa7efbb2cafcb691b2269ea9b') in 0.001 seconds [static and dynamic dependencies]. Details - ImportResultOutputID=d55b515cab19a455115c115c321b28a0 DependenciesID=5460503d927e14ef57035810d41155e9 StaticDependenciesID=59dd51e85697ee3d5d8af805eaba1410 
Number of updated asset objects reloaded before import = 0
Number of asset objects unloaded after import = 0
========================================================================
Received Import Request.
  Time of request: 2026-09-22T17:17:19.9570043Z
  Time since last request: 0.0002165 seconds.
  importAddress: GUID: 033c884ba52437d49bc55935939ef1c6 - Path: Packages/com.unity.test-framework/UnityEditor.TestRunner/TestRunner/Utils/EditorLoadedTestAssemblyProvider.cs - Importer: ScriptedImporter/UnityEditor.QuickSearchModule:UnityEditor.Search:ASIAI0B
Importing 'GUID: 033c884ba52437d49bc55935939ef1c6 - Path: Packages/com.unity.test-framework/UnityEditor.TestRunner/TestRunner/Utils/EditorLoadedTestAssemblyProvider.cs - Importer: ScriptedImporter/UnityEditor.QuickSearchModule:UnityEditor.Search:ASIAI0B' with importer (ScriptedImporter : UnityEditor.QuickSearchModule:UnityEditor.Search:ASIAI0B)
Imported 'GUID: 033c884ba52437d49bc55935939ef1c6' -> (Import Result ID: '13928254e01258d1b7082e531f876907') in 0.002 seconds [static and dynamic dependencies]. Details - ImportResultOutputID=54b29ff3e3450c46ee74d84d29eaafb1 DependenciesID=281fcec894e2a6752f157b789e487caa StaticDependenciesID=aa33a1f14f0d1e9cfe9192d6629f734e 
Number of updated asset objects reloaded before import = 0
Number of asset objects unloaded after import = 0
========================================================================
Received Import Request.
  Time of request: 2026-09-22T17:17:19.9593596Z
  Time since last request: 0.0002226 seconds.
  importAddress: GUID: 64689f8b25eadac4da519e96f514b653 - Path: Packages/com.unity.test-framework/UnityEditor.TestRunner/TestRunner/Utils/ITestListProvider.cs - Importer: ScriptedImporter/UnityEditor.QuickSearchModule:UnityEditor.Search:ASIAI0B
Importing 'GUID: 64689f8b25eadac4da519e96f514b653 - Path: Packages/com.unity.test-framework/UnityEditor.TestRunner/TestRunner/Utils/ITestListProvider.cs - Importer: ScriptedImporter/UnityEditor.QuickSearchModule:UnityEditor.Search:ASIAI0B' with importer (ScriptedImporter : UnityEditor.QuickSearchModule:UnityEditor.Search:ASIAI0B)
Imported 'GUID: 64689f8b25eadac4da519e96f514b653' -> (Import Result ID: '1cf1bd8e633946164b5b187eb5a5609a') in 0.001 seconds [static and dynamic dependencies]. Details - ImportResultOutputID=bdd59b2510d0dcad85a8239f32e0c05c DependenciesID=33d38af17df78014dae0a85280b5d448 StaticDependenciesID=a0ccf5090968b56b125f46b0f37bcb52 
Number of updated asset objects reloaded before import = 0
Number of asset objects unloaded after import = 0
========================================================================
Received Import Request.
  Time of request: 2026-09-22T17:17:19.960772Z
  Time since last request: 0.0002015 seconds.
  importAddress: GUID: 7ee0c4baf94a41009b0f9292988a2000 - Path: Packages/com.unity.test-framework/UnityEditor.TestRunner/UnityTestProtocol/Data/PlayerSystemInfo.cs - Importer: ScriptedImporter/UnityEditor.QuickSearchModule:UnityEditor.Search:ASIAI0B
Importing 'GUID: 7ee0c4baf94a41009b0f9292988a2000 - Path: Packages/com.unity.test-framework/UnityEditor.TestRunner/UnityTestProtocol/Data/PlayerSystemInfo.cs - Importer: ScriptedImporter/UnityEditor.QuickSearchModule:UnityEditor.Search:ASIAI0B' with importer (ScriptedImporter : UnityEditor.QuickSearchModule:UnityEditor.Search:ASIAI0B)
Imported 'GUID: 7ee0c4baf94a41009b0f9292988a2000' -> (Import Result ID: 'f9226b4599495ff506f3d4479edc0a21') in 0.001 seconds [static and dynamic dependencies]. Details - ImportResultOutputID=01dcdf6447e4eab2bd6302aa482f2472 DependenciesID=e977655be11bcb664dcf778974e76b7b StaticDependenciesID=bdfe04f9322892d33bc67ae0c37e3acf 
Number of updated asset objects reloaded before import = 0
Number of asset objects unloaded after import = 0
========================================================================
Received Import Request.
  Time of request: 2026-09-22T17:17:19.96192Z
  Time since last request: 0.0001705 seconds.
  importAddress: GUID: 64f0c7c73db2d32469a5208a3cff96de - Path: Packages/com.unity.test-framework/UnityEngine.TestRunner/NUnitExtensions/Attributes/UnityOneTimeSetUpAttribute.cs - Importer: ScriptedImporter/UnityEditor.QuickSearchModule:UnityEditor.Search:ASIAI0B
Importing 'GUID: 64f0c7c73db2d32469a5208a3cff96de - Path: Packages/com.unity.test-framework/UnityEngine.TestRunner/NUnitExtensions/Attributes/UnityOneTimeSetUpAttribute.cs - Importer: ScriptedImporter/UnityEditor.QuickSearchModule:UnityEditor.Search:ASIAI0B' with importer (ScriptedImporter : UnityEditor.QuickSearchModule:UnityEditor.Search:ASIAI0B)
Imported 'GUID: 64f0c7c73db2d32469a5208a3cff96de' -> (Import Result ID: 'b9574efabd1f5744f2dfb3bfb8656969') in 0.002 seconds [static and dynamic dependencies]. Details - ImportResultOutputID=9cfccf83b16fc8bb3cece4040d656f90 DependenciesID=71eef2d2ef59331185ff016b902de445 StaticDependenciesID=b2c39af83d4c2abd2ca69ec313804598 
Number of updated asset objects reloaded before import = 0
Number of asset objects unloaded after import = 0
========================================================================
Received Import Request.
  Time of request: 2026-09-22T17:17:19.9637568Z
  Time since last request: 0.0001601 seconds.
  importAddress: GUID: 26f3e7301af463c4ca72fa98d59b429e - Path: Packages/com.unity.test-framework/UnityEditor.TestRunner/TestRunner/Utils/CachingTestListProvider.cs - Importer: ScriptedImporter/UnityEditor.QuickSearchModule:UnityEditor.Search:ASIAI0B
Importing 'GUID: 26f3e7301af463c4ca72fa98d59b429e - Path: Packages/com.unity.test-framework/UnityEditor.TestRunner/TestRunner/Utils/CachingTestListProvider.cs - Importer: ScriptedImporter/UnityEditor.QuickSearchModule:UnityEditor.Search:ASIAI0B' with importer (ScriptedImporter : UnityEditor.QuickSearchModule:UnityEditor.Search:ASIAI0B)
Imported 'GUID: 26f3e7301af463c4ca72fa98d59b429e' -> (Import Result ID: '45a3500c7a5357dd8b133d2162ae0eae') in 0.001 seconds [static and dynamic dependencies]. Details - ImportResultOutputID=36ee1d3d7a4270f90f100708b831eb5f DependenciesID=02ba8a673d06f58b481dd45ca1d32a93 StaticDependenciesID=b8acaa4102c7d749863d7a2c7a654672 
Number of updated asset objects reloaded before import = 0
Number of asset objects unloaded after import = 0
========================================================================
Received Import Request.
  Time of request: 2026-09-22T17:17:19.9657012Z
  Time since last request: 0.0002209 seconds.
  importAddress: GUID: 9bd5a110ed89025499ddee8c7e73778e - Path: Packages/com.unity.test-framework/UnityEditor.TestRunner/TestRunner/Messages/EnterPlayMode.cs - Importer: ScriptedImporter/UnityEditor.QuickSearchModule:UnityEditor.Search:ASIAI0B
Importing 'GUID: 9bd5a110ed89025499ddee8c7e73778e - Path: Packages/com.unity.test-framework/UnityEditor.TestRunner/TestRunner/Messages/EnterPlayMode.cs - Importer: ScriptedImporter/UnityEditor.QuickSearchModule:UnityEditor.Search:ASIAI0B' with importer (ScriptedImporter : UnityEditor.QuickSearchModule:UnityEditor.Search:ASIAI0B)
Imported 'GUID: 9bd5a110ed89025499ddee8c7e73778e' -> (Import Result ID: 'e9e65201902384a1573ffb0e639d42d5') in 0.001 seconds [static and dynamic dependencies]. Details - ImportResultOutputID=7ec67ff31d48c2d3a08c7130827d8ea3 DependenciesID=926c444f94364dc03eca30737626f5b4 StaticDependenciesID=f099cc23899cc7bc85240e3f956f1583 
Number of updated asset objects reloaded before import = 0
Number of asset objects unloaded after import = 0
========================================================================
Received Import Request.
  Time of request: 2026-09-22T17:17:19.9672448Z
  Time since last request: 0.0004268 seconds.
  importAddress: GUID: 58a43a62ecbe444d963930822e17d4cd - Path: Packages/com.unity.test-framework/UnityEditor.TestRunner/UnityTestProtocol/Data/ScreenSettings.cs - Importer: ScriptedImporter/UnityEditor.QuickSearchModule:UnityEditor.Search:ASIAI0B
Importing 'GUID: 58a43a62ecbe444d963930822e17d4cd - Path: Packages/com.unity.test-framework/UnityEditor.TestRunner/UnityTestProtocol/Data/ScreenSettings.cs - Importer: ScriptedImporter/UnityEditor.QuickSearchModule:UnityEditor.Search:ASIAI0B' with importer (ScriptedImporter : UnityEditor.QuickSearchModule:UnityEditor.Search:ASIAI0B)
Imported 'GUID: 58a43a62ecbe444d963930822e17d4cd' -> (Import Result ID: '09841f9e788b17d0cbc9581e5f1f702e') in 0.001 seconds [static and dynamic dependencies]. Details - ImportResultOutputID=aa14c043bdd8236cf53062465d52d4a6 DependenciesID=f7bcb52b96b63fb899fdb0c4c55488c0 StaticDependenciesID=b7eb1ec0756a5dfff6ce5fe17373eecc 
Number of updated asset objects reloaded before import = 0
Number of asset objects unloaded after import = 0
========================================================================
Received Import Request.
  Time of request: 2026-09-22T17:17:19.9685897Z
  Time since last request: 0.0002186 seconds.
  importAddress: GUID: 7043e9a330ac2d84a80a965ada4589ad - Path: Packages/com.unity.test-framework/UnityEditor.TestRunner/TestRunner/Utils/ITestListCacheData.cs - Importer: ScriptedImporter/UnityEditor.QuickSearchModule:UnityEditor.Search:ASIAI0B
Importing 'GUID: 7043e9a330ac2d84a80a965ada4589ad - Path: Packages/com.unity.test-framework/UnityEditor.TestRunner/TestRunner/Utils/ITestListCacheData.cs - Importer: ScriptedImporter/UnityEditor.QuickSearchModule:UnityEditor.Search:ASIAI0B' with importer (ScriptedImporter : UnityEditor.QuickSearchModule:UnityEditor.Search:ASIAI0B)
Imported 'GUID: 7043e9a330ac2d84a80a965ada4589ad' -> (Import Result ID: 'a26fdb63c431d63caaa202a0cebf85a5') in 0.001 seconds [static and dynamic dependencies]. Details - ImportResultOutputID=a857d3e3e7a2b3f48e5c64a3c8e2a756 DependenciesID=cd290ff679ed2e82bfa638fe35328d79 StaticDependenciesID=9e1090f5dab2b8d97c5aa549c990f7e7 
Number of updated asset objects reloaded before import = 0
Number of asset objects unloaded after import = 0
========================================================================
Received Import Request.
  Time of request: 2026-09-22T17:17:19.970031Z
  Time since last request: 0.0002096 seconds.
  importAddress: GUID: 6cf74526594248e88be90b91eb2dbe1c - Path: Packages/com.unity.test-framework/UnityEditor.TestRunner/UnityTestProtocol/Messages/QualitySettingsMessage.cs - Importer: ScriptedImporter/UnityEditor.QuickSearchModule:UnityEditor.Search:ASIAI0B
Importing 'GUID: 6cf74526594248e88be90b91eb2dbe1c - Path: Packages/com.unity.test-framework/UnityEditor.TestRunner/UnityTestProtocol/Messages/QualitySettingsMessage.cs - Importer: ScriptedImporter/UnityEditor.QuickSearchModule:UnityEditor.Search:ASIAI0B' with importer (ScriptedImporter : UnityEditor.QuickSearchModule:UnityEditor.Search:ASIAI0B)
Imported 'GUID: 6cf74526594248e88be90b91eb2dbe1c' -> (Import Result ID: 'f2d63d776f8be6bad1b200234c8cb2df') in 0.001 seconds [static and dynamic dependencies]. Details - ImportResultOutputID=7ee6890e62b45188e813586b4bdc834e DependenciesID=d878952a4cf6d35fee599f4b143dc904 StaticDependenciesID=3c0301f70f398f7633b5c7c2ad468405 
Number of updated asset objects reloaded before import = 0
Number of asset objects unloaded after import = 0
========================================================================
Received Import Request.
  Time of request: 2026-09-22T17:17:19.9711288Z
  Time since last request: 0.0001442 seconds.
  importAddress: GUID: f699428dfee64165b017dced94d8ca70 - Path: Packages/com.unity.test-framework/UnityEditor.TestRunner/UnityTestProtocol/Data/BuildSettings.cs - Importer: ScriptedImporter/UnityEditor.QuickSearchModule:UnityEditor.Search:ASIAI0B
Importing 'GUID: f699428dfee64165b017dced94d8ca70 - Path: Packages/com.unity.test-framework/UnityEditor.TestRunner/UnityTestProtocol/Data/BuildSettings.cs - Importer: ScriptedImporter/UnityEditor.QuickSearchModule:UnityEditor.Search:ASIAI0B' with importer (ScriptedImporter : UnityEditor.QuickSearchModule:UnityEditor.Search:ASIAI0B)
Imported 'GUID: f699428dfee64165b017dced94d8ca70' -> (Import Result ID: 'db3e0c89867e0501f94df449b6b9b33f') in 0.001 seconds [static and dynamic dependencies]. Details - ImportResultOutputID=674bd52bfb2883404e4d3a55a5133b05 DependenciesID=523588d5a3a14d9e73c4e77be81b4815 StaticDependenciesID=c0c30c128f32ac5e90780b4d6359f949 
Number of updated asset objects reloaded before import = 0
Number of asset objects unloaded after import = 0
========================================================================
Received Import Request.
  Time of request: 2026-09-22T17:17:19.9724482Z
  Time since last request: 0.0001432 seconds.
  importAddress: GUID: 0c56471f08a0f6846afc792f0b4205b9 - Path: Packages/com.unity.test-framework/UnityEngine.TestRunner/Assertions/LogScope/LogEvent.cs - Importer: ScriptedImporter/UnityEditor.QuickSearchModule:UnityEditor.Search:ASIAI0B
Importing 'GUID: 0c56471f08a0f6846afc792f0b4205b9 - Path: Packages/com.unity.test-framework/UnityEngine.TestRunner/Assertions/LogScope/LogEvent.cs - Importer: ScriptedImporter/UnityEditor.QuickSearchModule:UnityEditor.Search:ASIAI0B' with importer (ScriptedImporter : UnityEditor.QuickSearchModule:UnityEditor.Search:ASIAI0B)
Imported 'GUID: 0c56471f08a0f6846afc792f0b4205b9' -> (Import Result ID: '635403301f7ddfa36ad0db4f08176020') in 0.001 seconds [static and dynamic dependencies]. Details - ImportResultOutputID=6819c46c3e68ab61bcf993d8825673bd DependenciesID=ce37e0cb0efe0e08efface6e23899bfc StaticDependenciesID=f52a326db5f3252510810605c6f72179 
Number of updated asset objects reloaded before import = 0
Number of asset objects unloaded after import = 0
========================================================================
Received Import Request.
  Time of request: 2026-09-22T17:17:19.9735925Z
  Time since last request: 0.0002032 seconds.
  importAddress: GUID: a704c010bcdb1ec4a9f3417b3c393164 - Path: Packages/com.unity.test-framework/UnityEditor.TestRunner/TestRunner/Utils/ITestListCache.cs - Importer: ScriptedImporter/UnityEditor.QuickSearchModule:UnityEditor.Search:ASIAI0B
Importing 'GUID: a704c010bcdb1ec4a9f3417b3c393164 - Path: Packages/com.unity.test-framework/UnityEditor.TestRunner/TestRunner/Utils/ITestListCache.cs - Importer: ScriptedImporter/UnityEditor.QuickSearchModule:UnityEditor.Search:ASIAI0B' with importer (ScriptedImporter : UnityEditor.QuickSearchModule:UnityEditor.Search:ASIAI0B)
Imported 'GUID: a704c010bcdb1ec4a9f3417b3c393164' -> (Import Result ID: 'a6af1557fa51c2d64c7e0ea58aa57890') in 0.001 seconds [static and dynamic dependencies]. Details - ImportResultOutputID=7bb0ad4a593ba0d7e69f0deaa395795b DependenciesID=67e8423784dc36ff6eb2c88077e83372 StaticDependenciesID=fc8df97ec18d9633534efcce171812b2 
Number of updated asset objects reloaded before import = 0
Number of asset objects unloaded after import = 0
========================================================================
Received Import Request.
  Time of request: 2026-09-22T17:17:19.9746596Z
  Time since last request: 0.0002396 seconds.
  importAddress: GUID: 28f79a0d7e64c2345bc46f8c4cf788f8 - Path: Packages/com.unity.test-framework/UnityEditor.TestRunner/UnityTestProtocol/Messages/TestPlanMessage.cs - Importer: ScriptedImporter/UnityEditor.QuickSearchModule:UnityEditor.Search:ASIAI0B
Importing 'GUID: 28f79a0d7e64c2345bc46f8c4cf788f8 - Path: Packages/com.unity.test-framework/UnityEditor.TestRunner/UnityTestProtocol/Messages/TestPlanMessage.cs - Importer: ScriptedImporter/UnityEditor.QuickSearchModule:UnityEditor.Search:ASIAI0B' with importer (ScriptedImporter : UnityEditor.QuickSearchModule:UnityEditor.Search:ASIAI0B)
Imported 'GUID: 28f79a0d7e64c2345bc46f8c4cf788f8' -> (Import Result ID: '8b4fb1c6c4cdee20cb2ccc314ac45969') in 0.001 seconds [static and dynamic dependencies]. Details - ImportResultOutputID=a8c70b2bc4d43c7e65b0e6ea13d39782 DependenciesID=936b92bbd1e063ccbd0d56e1c5273203 StaticDependenciesID=da820d30afa8de545240c9e08b11a178 
Number of updated asset objects reloaded before import = 0
Number of asset objects unloaded after import = 0
========================================================================
Received Import Request.
  Time of request: 2026-09-22T17:17:19.975754Z
  Time since last request: 0.0001789 seconds.
  importAddress: GUID: 936b6288befc460409cfdff3ac92fc95 - Path: Packages/com.unity.test-framework/UnityEditor.TestRunner/TestRunner/Utils/IEditorLoadedTestAssemblyProvider.cs - Importer: ScriptedImporter/UnityEditor.QuickSearchModule:UnityEditor.Search:ASIAI0B
Importing 'GUID: 936b6288befc460409cfdff3ac92fc95 - Path: Packages/com.unity.test-framework/UnityEditor.TestRunner/TestRunner/Utils/IEditorLoadedTestAssemblyProvider.cs - Importer: ScriptedImporter/UnityEditor.QuickSearchModule:UnityEditor.Search:ASIAI0B' with importer (ScriptedImporter : UnityEditor.QuickSearchModule:UnityEditor.Search:ASIAI0B)
Imported 'GUID: 936b6288befc460409cfdff3ac92fc95' -> (Import Result ID: '03961a1ca58a22787487ece8009771cd') in 0.001 seconds [static and dynamic dependencies]. Details - ImportResultOutputID=c119b878ab9d033d6c8db070a0ab6135 DependenciesID=738780ceb687afe4543cd495311b91f2 StaticDependenciesID=7d71ed5df4ed66b898306002c818f5ad 
Number of updated asset objects reloaded before import = 0
Number of asset objects unloaded after import = 0
========================================================================
Received Import Request.
  Time of request: 2026-09-22T17:17:19.9770276Z
  Time since last request: 0.0001864 seconds.
  importAddress: GUID: 9202fbba95ea8294cb5e718f028f21b0 - Path: Packages/com.unity.test-framework/UnityEditor.TestRunner/TestRunner/Messages/RecompileScripts.cs - Importer: ScriptedImporter/UnityEditor.QuickSearchModule:UnityEditor.Search:ASIAI0B
Importing 'GUID: 9202fbba95ea8294cb5e718f028f21b0 - Path: Packages/com.unity.test-framework/UnityEditor.TestRunner/TestRunner/Messages/RecompileScripts.cs - Importer: ScriptedImporter/UnityEditor.QuickSearchModule:UnityEditor.Search:ASIAI0B' with importer (ScriptedImporter : UnityEditor.QuickSearchModule:UnityEditor.Search:ASIAI0B)
Imported 'GUID: 9202fbba95ea8294cb5e718f028f21b0' -> (Import Result ID: '98f7556a7a8d8d8cb678d0b44f7e2b01') in 0.001 seconds [static and dynamic dependencies]. Details - ImportResultOutputID=e2808d8594b5ebd78e2edb6ae2bff460 DependenciesID=08a5951e248babae2bbc4d8a1cd07e71 StaticDependenciesID=f61e7d57c9d5f76094ffd34ff548db0f 
Number of updated asset objects reloaded before import = 0
Number of asset objects unloaded after import = 0
========================================================================
Received Import Request.
  Time of request: 2026-09-22T17:17:19.9781889Z
  Time since last request: 0.0002098 seconds.
  importAddress: GUID: 20cdb37e6fea6d946bbb84d2c923db85 - Path: Packages/com.unity.test-framework/UnityEditor.TestRunner/TestRunner/Utils/EditorAssemblyWrapper.cs - Importer: ScriptedImporter/UnityEditor.QuickSearchModule:UnityEditor.Search:ASIAI0B
Importing 'GUID: 20cdb37e6fea6d946bbb84d2c923db85 - Path: Packages/com.unity.test-framework/UnityEditor.TestRunner/TestRunner/Utils/EditorAssemblyWrapper.cs - Importer: ScriptedImporter/UnityEditor.QuickSearchModule:UnityEditor.Search:ASIAI0B' with importer (ScriptedImporter : UnityEditor.QuickSearchModule:UnityEditor.Search:ASIAI0B)
Imported 'GUID: 20cdb37e6fea6d946bbb84d2c923db85' -> (Import Result ID: '6089ffdd9dd0cd5cf0818a7a8a0fdc47') in 0.001 seconds [static and dynamic dependencies]. Details - ImportResultOutputID=bdc39568727f16b166b3e769c859baf2 DependenciesID=3bb26daba0b5c6ccc9d4b3e7ec2bb68e StaticDependenciesID=3fd86afd6c619383963c66d108a40cdd 
Number of updated asset objects reloaded before import = 0
Number of asset objects unloaded after import = 0
========================================================================
Received Import Request.
  Time of request: 2026-09-22T17:17:19.9792416Z
  Time since last request: 0.0001638 seconds.
  importAddress: GUID: 342d9ef4da0a19b49877f576c2deec14 - Path: Packages/com.unity.test-framework/UnityEditor.TestRunner/TestRun/Tasks/TestTaskBase.cs - Importer: ScriptedImporter/UnityEditor.QuickSearchModule:UnityEditor.Search:ASIAI0B
Importing 'GUID: 342d9ef4da0a19b49877f576c2deec14 - Path: Packages/com.unity.test-framework/UnityEditor.TestRunner/TestRun/Tasks/TestTaskBase.cs - Importer: ScriptedImporter/UnityEditor.QuickSearchModule:UnityEditor.Search:ASIAI0B' with importer (ScriptedImporter : UnityEditor.QuickSearchModule:UnityEditor.Search:ASIAI0B)
Imported 'GUID: 342d9ef4da0a19b49877f576c2deec14' -> (Import Result ID: '2d5806d5614528838b1212ef0ff1b066') in 0.001 seconds [static and dynamic dependencies]. Details - ImportResultOutputID=c6e6c989eef3d747b3f356254636190b DependenciesID=755439ccc4e63627b2240fda655057de StaticDependenciesID=d5dacf29f216c578cf3723668936f3f0 
Number of updated asset objects reloaded before import = 0
Number of asset objects unloaded after import = 0
========================================================================
Received Import Request.
  Time of request: 2026-09-22T17:17:19.9806862Z
  Time since last request: 0.0002803 seconds.
  importAddress: GUID: 5440c1153b397e14c9c7b1d6eb83b9f9 - Path: Packages/com.unity.test-framework/UnityEngine.TestRunner/NUnitExtensions/Attributes/UnityPlatformAttribute.cs - Importer: ScriptedImporter/UnityEditor.QuickSearchModule:UnityEditor.Search:ASIAI0B
Importing 'GUID: 5440c1153b397e14c9c7b1d6eb83b9f9 - Path: Packages/com.unity.test-framework/UnityEngine.TestRunner/NUnitExtensions/Attributes/UnityPlatformAttribute.cs - Importer: ScriptedImporter/UnityEditor.QuickSearchModule:UnityEditor.Search:ASIAI0B' with importer (ScriptedImporter : UnityEditor.QuickSearchModule:UnityEditor.Search:ASIAI0B)
Imported 'GUID: 5440c1153b397e14c9c7b1d6eb83b9f9' -> (Import Result ID: 'f05fd34ddaca13e41b906af07a6ad65c') in 0.002 seconds [static and dynamic dependencies]. Details - ImportResultOutputID=4d383eb6bed675f21bd95bb3fe89ce3b DependenciesID=c968038eba4f00ffa1164e9674bfa84a StaticDependenciesID=68a9b5bfbadd1b03b9c1ebf996aa042d 
Number of updated asset objects reloaded before import = 0
Number of asset objects unloaded after import = 0
========================================================================
Received Import Request.
  Time of request: 2026-09-22T17:17:19.9917419Z
  Time since last request: 0.0089846 seconds.
  importAddress: GUID: 5c15bf0966eb95847a4260d830a30d30 - Path: Packages/com.unity.test-framework/UnityEngine.TestRunner/NUnitExtensions/Runner/WorkItemFactory.cs - Importer: ScriptedImporter/UnityEditor.QuickSearchModule:UnityEditor.Search:ASIAI0B
Importing 'GUID: 5c15bf0966eb95847a4260d830a30d30 - Path: Packages/com.unity.test-framework/UnityEngine.TestRunner/NUnitExtensions/Runner/WorkItemFactory.cs - Importer: ScriptedImporter/UnityEditor.QuickSearchModule:UnityEditor.Search:ASIAI0B' with importer (ScriptedImporter : UnityEditor.QuickSearchModule:UnityEditor.Search:ASIAI0B)
Imported 'GUID: 5c15bf0966eb95847a4260d830a30d30' -> (Import Result ID: '7f8248746cc241a55c94819b1d83e21f') in 0.001 seconds [static and dynamic dependencies]. Details - ImportResultOutputID=4457e7efedab447105d8be9d1285cbc3 DependenciesID=c28e18987dd35beb6307edf80039dff8 StaticDependenciesID=13e27c9233de7c18b3675f98eb9f146a 
Number of updated asset objects reloaded before import = 0
Number of asset objects unloaded after import = 0
========================================================================
Received Import Request.
  Time of request: 2026-09-22T17:17:19.9934078Z
  Time since last request: 0.0002583 seconds.
  importAddress: GUID: d2ca9278c9dd49df877d622d0f657ecf - Path: Packages/com.unity.test-framework/UnityEngine.TestRunner/NUnitExtensions/Commands/UnityTestMethodCommand.cs - Importer: ScriptedImporter/UnityEditor.QuickSearchModule:UnityEditor.Search:ASIAI0B
Importing 'GUID: d2ca9278c9dd49df877d622d0f657ecf - Path: Packages/com.unity.test-framework/UnityEngine.TestRunner/NUnitExtensions/Commands/UnityTestMethodCommand.cs - Importer: ScriptedImporter/UnityEditor.QuickSearchModule:UnityEditor.Search:ASIAI0B' with importer (ScriptedImporter : UnityEditor.QuickSearchModule:UnityEditor.Search:ASIAI0B)
Imported 'GUID: d2ca9278c9dd49df877d622d0f657ecf' -> (Import Result ID: 'ac4f09a9a758a93995ddd99a0b30e7e0') in 0.001 seconds [static and dynamic dependencies]. Details - ImportResultOutputID=ae2ed286bd83c8eaf377be55152526d5 DependenciesID=6b68d36fac3ef01b0ad2397156aa88c7 StaticDependenciesID=fcc5851428962070275b604e3fea9238 
Number of updated asset objects reloaded before import = 0
Number of asset objects unloaded after import = 0
========================================================================
Received Import Request.
  Time of request: 2026-09-22T17:17:19.9945976Z
  Time since last request: 0.0001871 seconds.
  importAddress: GUID: f180b12c4cff494c91056caa03f9c109 - Path: Packages/com.unity.test-framework/UnityEngine.TestRunner/NUnitExtensions/Commands/RetryCommand.cs - Importer: ScriptedImporter/UnityEditor.QuickSearchModule:UnityEditor.Search:ASIAI0B
Importing 'GUID: f180b12c4cff494c91056caa03f9c109 - Path: Packages/com.unity.test-framework/UnityEngine.TestRunner/NUnitExtensions/Commands/RetryCommand.cs - Importer: ScriptedImporter/UnityEditor.QuickSearchModule:UnityEditor.Search:ASIAI0B' with importer (ScriptedImporter : UnityEditor.QuickSearchModule:UnityEditor.Search:ASIAI0B)
Imported 'GUID: f180b12c4cff494c91056caa03f9c109' -> (Import Result ID: '5383bb95c3bd86834a9a92131166ad59') in 0.001 seconds [static and dynamic dependencies]. Details - ImportResultOutputID=4d86cef4f340a8b70bc015b47679e237 DependenciesID=7edefec44963fb492b93529bcda4f32e StaticDependenciesID=052f69e45c417a64d247b045357573c1 
Number of updated asset objects reloaded before import = 0
Number of asset objects unloaded after import = 0
========================================================================
Received Import Request.
  Time of request: 2026-09-22T17:17:19.9957455Z
  Time since last request: 0.0001901 seconds.
  importAddress: GUID: 110d5035a36a6a34580fb65bb40cd78f - Path: Packages/com.unity.test-framework/UnityEngine.TestRunner/NUnitExtensions/Runner/CompositeWorkItem.cs - Importer: ScriptedImporter/UnityEditor.QuickSearchModule:UnityEditor.Search:ASIAI0B
Importing 'GUID: 110d5035a36a6a34580fb65bb40cd78f - Path: Packages/com.unity.test-framework/UnityEngine.TestRunner/NUnitExtensions/Runner/CompositeWorkItem.cs - Importer: ScriptedImporter/UnityEditor.QuickSearchModule:UnityEditor.Search:ASIAI0B' with importer (ScriptedImporter : UnityEditor.QuickSearchModule:UnityEditor.Search:ASIAI0B)
Imported 'GUID: 110d5035a36a6a34580fb65bb40cd78f' -> (Import Result ID: '957211157e0fd4959af5cb7587e32b93') in 0.001 seconds [static and dynamic dependencies]. Details - ImportResultOutputID=f3ece6f2b0b3f98ee917f1d7fefe6f85 DependenciesID=f7111c9b142f6ed1f425f5adf8a9f67b StaticDependenciesID=8db36c27c49c4ee411870354a97bcece 
Number of updated asset objects reloaded before import = 0
Number of asset objects unloaded after import = 0
========================================================================
Received Import Request.
  Time of request: 2026-09-22T17:17:19.9968619Z
  Time since last request: 0.0001778 seconds.
  importAddress: GUID: 79ced2556f0af814a840b86232613ff1 - Path: Packages/com.unity.test-framework/UnityEngine.TestRunner/NUnitExtensions/Runner/UnityWorkItem.cs - Importer: ScriptedImporter/UnityEditor.QuickSearchModule:UnityEditor.Search:ASIAI0B
Importing 'GUID: 79ced2556f0af814a840b86232613ff1 - Path: Packages/com.unity.test-framework/UnityEngine.TestRunner/NUnitExtensions/Runner/UnityWorkItem.cs - Importer: ScriptedImporter/UnityEditor.QuickSearchModule:UnityEditor.Search:ASIAI0B' with importer (ScriptedImporter : UnityEditor.QuickSearchModule:UnityEditor.Search:ASIAI0B)
Imported 'GUID: 79ced2556f0af814a840b86232613ff1' -> (Import Result ID: '190dede445866b5722409fd137d47ca8') in 0.001 seconds [static and dynamic dependencies]. Details - ImportResultOutputID=2ce78907f5fef06ce75438268ea9dd95 DependenciesID=1f2a2f6b68a2a6e89d49a9e96786d1b3 StaticDependenciesID=f54a487496eddea2891c04719a28d6c4 
Number of updated asset objects reloaded before import = 0
Number of asset objects unloaded after import = 0
========================================================================
Received Import Request.
  Time of request: 2026-09-22T17:17:19.9982136Z
  Time since last request: 0.0002861 seconds.
  importAddress: GUID: 12dfd4bdbb5c8e6419432fbc54ef25d9 - Path: Packages/com.unity.test-framework/UnityEngine.TestRunner/Utils/AssemblyProvider/IAssemblyLoadProxy.cs - Importer: ScriptedImporter/UnityEditor.QuickSearchModule:UnityEditor.Search:ASIAI0B
Importing 'GUID: 12dfd4bdbb5c8e6419432fbc54ef25d9 - Path: Packages/com.unity.test-framework/UnityEngine.TestRunner/Utils/AssemblyProvider/IAssemblyLoadProxy.cs - Importer: ScriptedImporter/UnityEditor.QuickSearchModule:UnityEditor.Search:ASIAI0B' with importer (ScriptedImporter : UnityEditor.QuickSearchModule:UnityEditor.Search:ASIAI0B)
Imported 'GUID: 12dfd4bdbb5c8e6419432fbc54ef25d9' -> (Import Result ID: '22aa9c212f3300970e5d041a414b25a4') in 0.001 seconds [static and dynamic dependencies]. Details - ImportResultOutputID=a05adb3b506071bd020eff41d788745c DependenciesID=13628c83208dc6896e6641c162f52bbc StaticDependenciesID=55a864c92352fd09a9795105193adc4a 
Number of updated asset objects reloaded before import = 0
Number of asset objects unloaded after import = 0
========================================================================
Received Import Request.
  Time of request: 2026-09-22T17:17:19.9993571Z
  Time since last request: 0.0001593 seconds.
  importAddress: GUID: 203984dce16ec4246a37d5b4f555c858 - Path: Packages/com.unity.test-framework/UnityEngine.TestRunner/NUnitExtensions/Runner/TestCommandWrapperRegistry.cs - Importer: ScriptedImporter/UnityEditor.QuickSearchModule:UnityEditor.Search:ASIAI0B
Importing 'GUID: 203984dce16ec4246a37d5b4f555c858 - Path: Packages/com.unity.test-framework/UnityEngine.TestRunner/NUnitExtensions/Runner/TestCommandWrapperRegistry.cs - Importer: ScriptedImporter/UnityEditor.QuickSearchModule:UnityEditor.Search:ASIAI0B' with importer (ScriptedImporter : UnityEditor.QuickSearchModule:UnityEditor.Search:ASIAI0B)
Imported 'GUID: 203984dce16ec4246a37d5b4f555c858' -> (Import Result ID: '08c3ecdeea65872f796b97817a8d3301') in 0.001 seconds [static and dynamic dependencies]. Details - ImportResultOutputID=a93c5c2cf6fa2b10153ce6c3f4b535b2 DependenciesID=e646eaafa17c56492e0914c270804058 StaticDependenciesID=0c9b14a25c1fa07ae2403f6925518a59 
Number of updated asset objects reloaded before import = 0
Number of asset objects unloaded after import = 0
========================================================================
Received Import Request.
  Time of request: 2026-09-22T17:17:20.000405Z
  Time since last request: 0.0001494 seconds.
  importAddress: GUID: 41d60936b62cc6d4ca7fe628b22b0e40 - Path: Packages/com.unity.test-framework/UnityEngine.TestRunner/TestRunner/RemoteHelpers/PlayerConnectionMessageIds.cs - Importer: ScriptedImporter/UnityEditor.QuickSearchModule:UnityEditor.Search:ASIAI0B
Importing 'GUID: 41d60936b62cc6d4ca7fe628b22b0e40 - Path: Packages/com.unity.test-framework/UnityEngine.TestRunner/TestRunner/RemoteHelpers/PlayerConnectionMessageIds.cs - Importer: ScriptedImporter/UnityEditor.QuickSearchModule:UnityEditor.Search:ASIAI0B' with importer (ScriptedImporter : UnityEditor.QuickSearchModule:UnityEditor.Search:ASIAI0B)
Imported 'GUID: 41d60936b62cc6d4ca7fe628b22b0e40' -> (Import Result ID: 'ec92ce0e15aaa56a5b064f3d7555e1e0') in 0.001 seconds [static and dynamic dependencies]. Details - ImportResultOutputID=ae755b24f722d9a31de83736451d1316 DependenciesID=27ef1670c337324edce39bb170d92000 StaticDependenciesID=c7e8a7f364845a827f43ea575116d6dd 
Number of updated asset objects reloaded before import = 0
Number of asset objects unloaded after import = 0
========================================================================
Received Import Request.
  Time of request: 2026-09-22T17:17:20.0014266Z
  Time since last request: 0.0002034 seconds.
  importAddress: GUID: 2de8ba3b840049641897e0da7ce1d5cd - Path: Packages/com.unity.test-framework/UnityEngine.TestRunner/NUnitExtensions/Commands/TestActionCommand.cs - Importer: ScriptedImporter/UnityEditor.QuickSearchModule:UnityEditor.Search:ASIAI0B
Importing 'GUID: 2de8ba3b840049641897e0da7ce1d5cd - Path: Packages/com.unity.test-framework/UnityEngine.TestRunner/NUnitExtensions/Commands/TestActionCommand.cs - Importer: ScriptedImporter/UnityEditor.QuickSearchModule:UnityEditor.Search:ASIAI0B' with importer (ScriptedImporter : UnityEditor.QuickSearchModule:UnityEditor.Search:ASIAI0B)
Imported 'GUID: 2de8ba3b840049641897e0da7ce1d5cd' -> (Import Result ID: 'a2180c2bed4846108beebd1d6ee9bb08') in 0.002 seconds [static and dynamic dependencies]. Details - ImportResultOutputID=61f8649535eb1d1e52ef292e5e4affd5 DependenciesID=07ccdde3b8447d5d9db2f0e616f6edcf StaticDependenciesID=902dd7ceaa21f94e405b308c396366ae 
Number of updated asset objects reloaded before import = 0
Number of asset objects unloaded after import = 0
========================================================================
Received Import Request.
  Time of request: 2026-09-22T17:17:20.0033564Z
  Time since last request: 0.0001802 seconds.
  importAddress: GUID: 68e5dc8bfd5d72647a93b7f2e1da831a - Path: Packages/com.unity.test-framework/UnityEngine.TestRunner/NUnitExtensions/Runner/FailCommand.cs - Importer: ScriptedImporter/UnityEditor.QuickSearchModule:UnityEditor.Search:ASIAI0B
Importing 'GUID: 68e5dc8bfd5d72647a93b7f2e1da831a - Path: Packages/com.unity.test-framework/UnityEngine.TestRunner/NUnitExtensions/Runner/FailCommand.cs - Importer: ScriptedImporter/UnityEditor.QuickSearchModule:UnityEditor.Search:ASIAI0B' with importer (ScriptedImporter : UnityEditor.QuickSearchModule:UnityEditor.Search:ASIAI0B)
Imported 'GUID: 68e5dc8bfd5d72647a93b7f2e1da831a' -> (Import Result ID: '42d70582c7b83cd88b53fff48e8513e0') in 0.001 seconds [static and dynamic dependencies]. Details - ImportResultOutputID=5b0a13007052bd88ccfb0bb28919de88 DependenciesID=a90ce7c6da0aec589fd53c1a26bcd999 StaticDependenciesID=bfe6caf1c6cdf8685b86c86595ad362f 
Number of updated asset objects reloaded before import = 0
Number of asset objects unloaded after import = 0
========================================================================
Received Import Request.
  Time of request: 2026-09-22T17:17:20.004454Z
  Time since last request: 0.0002185 seconds.
  importAddress: GUID: df537bdce04d7964193fffe1cc99a343 - Path: Packages/com.unity.test-framework/UnityEngine.TestRunner/NUnitExtensions/Commands/EnumerableOneTimeSetUpTearDownCommand.cs - Importer: ScriptedImporter/UnityEditor.QuickSearchModule:UnityEditor.Search:ASIAI0B
Importing 'GUID: df537bdce04d7964193fffe1cc99a343 - Path: Packages/com.unity.test-framework/UnityEngine.TestRunner/NUnitExtensions/Commands/EnumerableOneTimeSetUpTearDownCommand.cs - Importer: ScriptedImporter/UnityEditor.QuickSearchModule:UnityEditor.Search:ASIAI0B' with importer (ScriptedImporter : UnityEditor.QuickSearchModule:UnityEditor.Search:ASIAI0B)
Imported 'GUID: df537bdce04d7964193fffe1cc99a343' -> (Import Result ID: '5a9c9afad68fc6b6cc0dd2219b7db220') in 0.001 seconds [static and dynamic dependencies]. Details - ImportResultOutputID=23586b4ac6076e4a0d05d5ea6f49ef93 DependenciesID=47932d34a77e601e535f0be1a2d1143e StaticDependenciesID=76082ddde07a5b0334010c77ca407c65 
Number of updated asset objects reloaded before import = 0
Number of asset objects unloaded after import = 0
========================================================================
Received Import Request.
  Time of request: 2026-09-22T17:17:20.005423Z
  Time since last request: 0.0001344 seconds.
  importAddress: GUID: ebeedaa04bb53e24ba2e7fb6745e3fd3 - Path: Packages/com.unity.test-framework/UnityEngine.TestRunner/NUnitExtensions/Filters/CategoryFilterExtended.cs - Importer: ScriptedImporter/UnityEditor.QuickSearchModule:UnityEditor.Search:ASIAI0B
Importing 'GUID: ebeedaa04bb53e24ba2e7fb6745e3fd3 - Path: Packages/com.unity.test-framework/UnityEngine.TestRunner/NUnitExtensions/Filters/CategoryFilterExtended.cs - Importer: ScriptedImporter/UnityEditor.QuickSearchModule:UnityEditor.Search:ASIAI0B' with importer (ScriptedImporter : UnityEditor.QuickSearchModule:UnityEditor.Search:ASIAI0B)
Imported 'GUID: ebeedaa04bb53e24ba2e7fb6745e3fd3' -> (Import Result ID: '9bc0a0a21029f871c8e8f53a5568253e') in 0.001 seconds [static and dynamic dependencies]. Details - ImportResultOutputID=28677af635e002cfc60e29998e836c7d DependenciesID=4a6c0bf15805ad175f578bca0bc4529f StaticDependenciesID=1797b8be295a422d522046765fa0dd98 
Number of updated asset objects reloaded before import = 0
Number of asset objects unloaded after import = 0
========================================================================
Received Import Request.
  Time of request: 2026-09-22T17:17:20.0064247Z
  Time since last request: 0.0001777 seconds.
  importAddress: GUID: e273462feb9a65948826739f683cc9a9 - Path: Packages/com.unity.test-framework/UnityEngine.TestRunner/NUnitExtensions/Commands/EnumerableRepeatedTestCommand.cs - Importer: ScriptedImporter/UnityEditor.QuickSearchModule:UnityEditor.Search:ASIAI0B
Importing 'GUID: e273462feb9a65948826739f683cc9a9 - Path: Packages/com.unity.test-framework/UnityEngine.TestRunner/NUnitExtensions/Commands/EnumerableRepeatedTestCommand.cs - Importer: ScriptedImporter/UnityEditor.QuickSearchModule:UnityEditor.Search:ASIAI0B' with importer (ScriptedImporter : UnityEditor.QuickSearchModule:UnityEditor.Search:ASIAI0B)
Imported 'GUID: e273462feb9a65948826739f683cc9a9' -> (Import Result ID: '49fb0aa77ae9065b0e51e8ea850e26e5') in 0.001 seconds [static and dynamic dependencies]. Details - ImportResultOutputID=abb7f3a9ec73e5a339d718a2a22a11bd DependenciesID=85fd526ab31e39e81c0a7943b88ceea8 StaticDependenciesID=9c6b46cd864e619cd600c0286f4ded47 
Number of updated asset objects reloaded before import = 0
Number of asset objects unloaded after import = 0
========================================================================
Received Import Request.
  Time of request: 2026-09-22T17:17:20.0073841Z
  Time since last request: 0.0001525 seconds.
  importAddress: GUID: e0db3f3921670cd4ca2e925737c3fba4 - Path: Packages/com.unity.test-framework/UnityEngine.TestRunner/NUnitExtensions/Commands/SetUpTearDownCommand.cs - Importer: ScriptedImporter/UnityEditor.QuickSearchModule:UnityEditor.Search:ASIAI0B
Importing 'GUID: e0db3f3921670cd4ca2e925737c3fba4 - Path: Packages/com.unity.test-framework/UnityEngine.TestRunner/NUnitExtensions/Commands/SetUpTearDownCommand.cs - Importer: ScriptedImporter/UnityEditor.QuickSearchModule:UnityEditor.Search:ASIAI0B' with importer (ScriptedImporter : UnityEditor.QuickSearchModule:UnityEditor.Search:ASIAI0B)
Imported 'GUID: e0db3f3921670cd4ca2e925737c3fba4' -> (Import Result ID: 'b720a4741550313836d32488f7b89677') in 0.001 seconds [static and dynamic dependencies]. Details - ImportResultOutputID=977240f420136429107477d615775b76 DependenciesID=500529d76ca59ac1cad3a3f0f6017fdd StaticDependenciesID=0b15dd397f92bc04e8d39db552b35e99 
Number of updated asset objects reloaded before import = 0
Number of asset objects unloaded after import = 0
========================================================================
Received Import Request.
  Time of request: 2026-09-22T17:17:20.0084423Z
  Time since last request: 0.0001822 seconds.
  importAddress: GUID: 59ff995fabb3bac45afa0f96f333e5dc - Path: Packages/com.unity.test-framework/UnityEngine.TestRunner/NUnitExtensions/Runner/UnityTestExecutionContext.cs - Importer: ScriptedImporter/UnityEditor.QuickSearchModule:UnityEditor.Search:ASIAI0B
Importing 'GUID: 59ff995fabb3bac45afa0f96f333e5dc - Path: Packages/com.unity.test-framework/UnityEngine.TestRunner/NUnitExtensions/Runner/UnityTestExecutionContext.cs - Importer: ScriptedImporter/UnityEditor.QuickSearchModule:UnityEditor.Search:ASIAI0B' with importer (ScriptedImporter : UnityEditor.QuickSearchModule:UnityEditor.Search:ASIAI0B)
Imported 'GUID: 59ff995fabb3bac45afa0f96f333e5dc' -> (Import Result ID: 'b62172b0ac5e6e971cb8539ba17cfbd5') in 0.001 seconds [static and dynamic dependencies]. Details - ImportResultOutputID=fb4062506875db6ac1c1bf9df1ddbe0f DependenciesID=7989b2160f2a0e7fb8a438d4a21210fe StaticDependenciesID=c2782b078e943466fe3cb9399b3a3311 
Number of updated asset objects reloaded before import = 0
Number of asset objects unloaded after import = 0
========================================================================
Received Import Request.
  Time of request: 2026-09-22T17:17:20.009478Z
  Time since last request: 0.0001762 seconds.
  importAddress: GUID: 5ebb87899ca30b743bb4274bc00c02b4 - Path: Packages/com.unity.test-framework/UnityEngine.TestRunner/TestRunner/Callbacks/TestResultRenderer.cs - Importer: ScriptedImporter/UnityEditor.QuickSearchModule:UnityEditor.Search:ASIAI0B
Importing 'GUID: 5ebb87899ca30b743bb4274bc00c02b4 - Path: Packages/com.unity.test-framework/UnityEngine.TestRunner/TestRunner/Callbacks/TestResultRenderer.cs - Importer: ScriptedImporter/UnityEditor.QuickSearchModule:UnityEditor.Search:ASIAI0B' with importer (ScriptedImporter : UnityEditor.QuickSearchModule:UnityEditor.Search:ASIAI0B)
Imported 'GUID: 5ebb87899ca30b743bb4274bc00c02b4' -> (Import Result ID: '87538f74bbe0049b87adb0d2f68699c1') in 0.001 seconds [static and dynamic dependencies]. Details - ImportResultOutputID=dcc1104bab052c8ba3e981e63bbab433 DependenciesID=747b5a5d96a8995a2d0300705dc1d9b3 StaticDependenciesID=0161df3d76cf012ae910433bee0377f3 
Number of updated asset objects reloaded before import = 0
Number of asset objects unloaded after import = 0
========================================================================
Received Import Request.
  Time of request: 2026-09-22T17:17:20.0107869Z
  Time since last request: 0.0002548 seconds.
  importAddress: GUID: 874c0713cdc44f549b0161750b48d2c2 - Path: Packages/com.unity.test-framework/UnityEngine.TestRunner/TestRunner/RemoteHelpers/IRemoteTestResultDataFactory.cs - Importer: ScriptedImporter/UnityEditor.QuickSearchModule:UnityEditor.Search:ASIAI0B
Importing 'GUID: 874c0713cdc44f549b0161750b48d2c2 - Path: Packages/com.unity.test-framework/UnityEngine.TestRunner/TestRunner/RemoteHelpers/IRemoteTestResultDataFactory.cs - Importer: ScriptedImporter/UnityEditor.QuickSearchModule:UnityEditor.Search:ASIAI0B' with importer (ScriptedImporter : UnityEditor.QuickSearchModule:UnityEditor.Search:ASIAI0B)
Imported 'GUID: 874c0713cdc44f549b0161750b48d2c2' -> (Import Result ID: '964f0a8044f0c74171ccd8f5eaa4e694') in 0.001 seconds [static and dynamic dependencies]. Details - ImportResultOutputID=c786a5a8a66d8cb1524824b06063a84d DependenciesID=02c00de3148253b3fc8999afe5844d9c StaticDependenciesID=296b502fde373f0a36f3eea3908185e4 
Number of updated asset objects reloaded before import = 0
Number of asset objects unloaded after import = 0
========================================================================
Received Import Request.
  Time of request: 2026-09-22T17:17:20.0121226Z
  Time since last request: 0.0002164 seconds.
  importAddress: GUID: 851f94140ec64b7db846948429a87f01 - Path: Packages/com.unity.test-framework/UnityEngine.TestRunner/NUnitExtensions/Commands/RepeatCommand.cs - Importer: ScriptedImporter/UnityEditor.QuickSearchModule:UnityEditor.Search:ASIAI0B
Importing 'GUID: 851f94140ec64b7db846948429a87f01 - Path: Packages/com.unity.test-framework/UnityEngine.TestRunner/NUnitExtensions/Commands/RepeatCommand.cs - Importer: ScriptedImporter/UnityEditor.QuickSearchModule:UnityEditor.Search:ASIAI0B' with importer (ScriptedImporter : UnityEditor.QuickSearchModule:UnityEditor.Search:ASIAI0B)
Imported 'GUID: 851f94140ec64b7db846948429a87f01' -> (Import Result ID: '695995b44c5fbef0bb699b27ad12a764') in 0.001 seconds [static and dynamic dependencies]. Details - ImportResultOutputID=43298446cfbd1e89f028b9101d00bd52 DependenciesID=d70866ff52c8763aa59627878ecd94fe StaticDependenciesID=2b4871ea0dbd5f04ffe4c4370f2a7997 
Number of updated asset objects reloaded before import = 0
Number of asset objects unloaded after import = 0
========================================================================
Received Import Request.
  Time of request: 2026-09-22T17:17:20.0132378Z
  Time since last request: 0.0001994 seconds.
  importAddress: GUID: 48230e4e90fb4d14a9d56bddea898413 - Path: Packages/com.unity.test-framework/UnityEngine.TestRunner/NUnitExtensions/Runner/UnityLogCheckDelegatingCommand.cs - Importer: ScriptedImporter/UnityEditor.QuickSearchModule:UnityEditor.Search:ASIAI0B
Importing 'GUID: 48230e4e90fb4d14a9d56bddea898413 - Path: Packages/com.unity.test-framework/UnityEngine.TestRunner/NUnitExtensions/Runner/UnityLogCheckDelegatingCommand.cs - Importer: ScriptedImporter/UnityEditor.QuickSearchModule:UnityEditor.Search:ASIAI0B' with importer (ScriptedImporter : UnityEditor.QuickSearchModule:UnityEditor.Search:ASIAI0B)
Imported 'GUID: 48230e4e90fb4d14a9d56bddea898413' -> (Import Result ID: 'c871b11c41132a193b573a7059ad22de') in 0.001 seconds [static and dynamic dependencies]. Details - ImportResultOutputID=cbf8e0d6d27f94c808a46fd1155af494 DependenciesID=39477475be0630dbc61f4a60ee403a6a StaticDependenciesID=7cede50efa3b68bbfae67c0036108e83 
Number of updated asset objects reloaded before import = 0
Number of asset objects unloaded after import = 0
========================================================================
Received Import Request.
  Time of request: 2026-09-22T17:17:20.0143004Z
  Time since last request: 0.0002248 seconds.
  importAddress: GUID: b135ec222fdcd11468014c90d11d6821 - Path: Packages/com.unity.test-framework/UnityEngine.TestRunner/TestRunner/RemoteHelpers/RemoteTestData.cs - Importer: ScriptedImporter/UnityEditor.QuickSearchModule:UnityEditor.Search:ASIAI0B
Importing 'GUID: b135ec222fdcd11468014c90d11d6821 - Path: Packages/com.unity.test-framework/UnityEngine.TestRunner/TestRunner/RemoteHelpers/RemoteTestData.cs - Importer: ScriptedImporter/UnityEditor.QuickSearchModule:UnityEditor.Search:ASIAI0B' with importer (ScriptedImporter : UnityEditor.QuickSearchModule:UnityEditor.Search:ASIAI0B)
Imported 'GUID: b135ec222fdcd11468014c90d11d6821' -> (Import Result ID: 'bb52ede2dc1611d6a6a5cf294d70172d') in 0.001 seconds [static and dynamic dependencies]. Details - ImportResultOutputID=f8b151e862ced51e05c0f036b1e09dd4 DependenciesID=f9c3b73c99edd00b700cd797e077e612 StaticDependenciesID=9e79480d0de2b3cc34136f3e9e3f4e5c 
Number of updated asset objects reloaded before import = 0
Number of asset objects unloaded after import = 0
========================================================================
Received Import Request.
  Time of request: 2026-09-22T17:17:20.0153536Z
  Time since last request: 0.000211 seconds.
  importAddress: GUID: aa5dd1a9432747fd89501213ba621de6 - Path: Packages/com.unity.test-framework/UnityEngine.TestRunner/NUnitExtensions/Commands/EnumerableMaxTimeCommand.cs - Importer: ScriptedImporter/UnityEditor.QuickSearchModule:UnityEditor.Search:ASIAI0B
Importing 'GUID: aa5dd1a9432747fd89501213ba621de6 - Path: Packages/com.unity.test-framework/UnityEngine.TestRunner/NUnitExtensions/Commands/EnumerableMaxTimeCommand.cs - Importer: ScriptedImporter/UnityEditor.QuickSearchModule:UnityEditor.Search:ASIAI0B' with importer (ScriptedImporter : UnityEditor.QuickSearchModule:UnityEditor.Search:ASIAI0B)
Imported 'GUID: aa5dd1a9432747fd89501213ba621de6' -> (Import Result ID: 'f5fcb057b60e0806be2b2fe2ab05bab2') in 0.001 seconds [static and dynamic dependencies]. Details - ImportResultOutputID=313e720bb758a6e12ae9e1bc76056f60 DependenciesID=c34b8970ed8f1990a8fa03090299428a StaticDependenciesID=137f6bfc5df1e7dcb754fe4a16a24823 
Number of updated asset objects reloaded before import = 0
Number of asset objects unloaded after import = 0
========================================================================
Received Import Request.
  Time of request: 2026-09-22T17:17:20.0163895Z
  Time since last request: 0.0001794 seconds.
  importAddress: GUID: 7d2d4145ec6c42dabb2d7af8e58224db - Path: Packages/com.unity.test-framework/UnityEngine.TestRunner/NUnitExtensions/Commands/TimeoutCommand.cs - Importer: ScriptedImporter/UnityEditor.QuickSearchModule:UnityEditor.Search:ASIAI0B
Importing 'GUID: 7d2d4145ec6c42dabb2d7af8e58224db - Path: Packages/com.unity.test-framework/UnityEngine.TestRunner/NUnitExtensions/Commands/TimeoutCommand.cs - Importer: ScriptedImporter/UnityEditor.QuickSearchModule:UnityEditor.Search:ASIAI0B' with importer (ScriptedImporter : UnityEditor.QuickSearchModule:UnityEditor.Search:ASIAI0B)
Imported 'GUID: 7d2d4145ec6c42dabb2d7af8e58224db' -> (Import Result ID: '8c2cd33dda7d0dda66320b549ad80aab') in 0.001 seconds [static and dynamic dependencies]. Details - ImportResultOutputID=939a1372ddbf076e5a33a341923da272 DependenciesID=8184dda1a191ddd45ccfdab1237976c7 StaticDependenciesID=81e30e6bb42fd888efac2eeb3ef7a497 
Number of updated asset objects reloaded before import = 0
Number of asset objects unloaded after import = 0
========================================================================
Received Import Request.
  Time of request: 2026-09-22T17:17:20.0174566Z
  Time since last request: 0.0001544 seconds.
  importAddress: GUID: dfc336f10b83bd74eaded16a658275c7 - Path: Packages/com.unity.test-framework/UnityEngine.TestRunner/TestRunner/Callbacks/TestResultRendererCallback.cs - Importer: ScriptedImporter/UnityEditor.QuickSearchModule:UnityEditor.Search:ASIAI0B
Importing 'GUID: dfc336f10b83bd74eaded16a658275c7 - Path: Packages/com.unity.test-framework/UnityEngine.TestRunner/TestRunner/Callbacks/TestResultRendererCallback.cs - Importer: ScriptedImporter/UnityEditor.QuickSearchModule:UnityEditor.Search:ASIAI0B' with importer (ScriptedImporter : UnityEditor.QuickSearchModule:UnityEditor.Search:ASIAI0B)
Imported 'GUID: dfc336f10b83bd74eaded16a658275c7' -> (Import Result ID: '51b9f575afab809964b30f0f14d01d1d') in 0.001 seconds [static and dynamic dependencies]. Details - ImportResultOutputID=ccb87440705ba1d9455d99c9b771bfe4 DependenciesID=f3f50c2ebbf7b04c9dc7bcf085c9e56e StaticDependenciesID=90b703d00b06d7684d49dce20ddd0a13 
Number of updated asset objects reloaded before import = 0
Number of asset objects unloaded after import = 0
========================================================================
Received Import Request.
  Time of request: 2026-09-22T17:17:20.0185274Z
  Time since last request: 0.0002505 seconds.
  importAddress: GUID: 826b6becaef90fb458eedebe4c2f3664 - Path: Packages/com.unity.test-framework/UnityEngine.TestRunner/TestRunner/RemoteHelpers/RemoteTestResultDataFactory.cs - Importer: ScriptedImporter/UnityEditor.QuickSearchModule:UnityEditor.Search:ASIAI0B
Importing 'GUID: 826b6becaef90fb458eedebe4c2f3664 - Path: Packages/com.unity.test-framework/UnityEngine.TestRunner/TestRunner/RemoteHelpers/RemoteTestResultDataFactory.cs - Importer: ScriptedImporter/UnityEditor.QuickSearchModule:UnityEditor.Search:ASIAI0B' with importer (ScriptedImporter : UnityEditor.QuickSearchModule:UnityEditor.Search:ASIAI0B)
Imported 'GUID: 826b6becaef90fb458eedebe4c2f3664' -> (Import Result ID: 'eb1fde086a30771744fd05954065fb75') in 0.001 seconds [static and dynamic dependencies]. Details - ImportResultOutputID=bdb802528f0461c1fca78dbc70c984aa DependenciesID=cb8aa430a1959f01e62cb257d43ed9ff StaticDependenciesID=fee554e0965373012db909c393b2fe99 
Number of updated asset objects reloaded before import = 0
Number of asset objects unloaded after import = 0
========================================================================
Received Import Request.
  Time of request: 2026-09-22T17:17:20.01971Z
  Time since last request: 0.0002044 seconds.
  importAddress: GUID: cbbca1d8a0434be4bbc7f165523763ac - Path: Packages/com.unity.test-framework/UnityEngine.TestRunner/NUnitExtensions/Commands/BeforeAfterTestCommandBase.cs - Importer: ScriptedImporter/UnityEditor.QuickSearchModule:UnityEditor.Search:ASIAI0B
Importing 'GUID: cbbca1d8a0434be4bbc7f165523763ac - Path: Packages/com.unity.test-framework/UnityEngine.TestRunner/NUnitExtensions/Commands/BeforeAfterTestCommandBase.cs - Importer: ScriptedImporter/UnityEditor.QuickSearchModule:UnityEditor.Search:ASIAI0B' with importer (ScriptedImporter : UnityEditor.QuickSearchModule:UnityEditor.Search:ASIAI0B)
Imported 'GUID: cbbca1d8a0434be4bbc7f165523763ac' -> (Import Result ID: '44f348f4454f0823cc461998171d9527') in 0.001 seconds [static and dynamic dependencies]. Details - ImportResultOutputID=77c0ebcf0e551b0858d6f9204f00f0b1 DependenciesID=0e6067eceaf18b2738554506b7616535 StaticDependenciesID=056d5dce28f6060dbf7ea3832fb293de 
Number of updated asset objects reloaded before import = 0
Number of asset objects unloaded after import = 0
========================================================================
Received Import Request.
  Time of request: 2026-09-22T17:17:20.0207706Z
  Time since last request: 0.0002364 seconds.
  importAddress: GUID: 8349e42a2b30c7a4abd8678c203428ba - Path: Packages/com.unity.test-framework/UnityEngine.TestRunner/NUnitExtensions/Commands/ImmediateEnumerableCommand.cs - Importer: ScriptedImporter/UnityEditor.QuickSearchModule:UnityEditor.Search:ASIAI0B
Importing 'GUID: 8349e42a2b30c7a4abd8678c203428ba - Path: Packages/com.unity.test-framework/UnityEngine.TestRunner/NUnitExtensions/Commands/ImmediateEnumerableCommand.cs - Importer: ScriptedImporter/UnityEditor.QuickSearchModule:UnityEditor.Search:ASIAI0B' with importer (ScriptedImporter : UnityEditor.QuickSearchModule:UnityEditor.Search:ASIAI0B)
Imported 'GUID: 8349e42a2b30c7a4abd8678c203428ba' -> (Import Result ID: '86a848be2530916320e6450558f96cbd') in 0.001 seconds [static and dynamic dependencies]. Details - ImportResultOutputID=6550a8a49312aa09fe107c5b6be2e8c6 DependenciesID=747b583bd4d4d1efd235d35cb78766ac StaticDependenciesID=279a90378cbda995e750e5ed382cb1fe 
Number of updated asset objects reloaded before import = 0
Number of asset objects unloaded after import = 0
========================================================================
Received Import Request.
  Time of request: 2026-09-22T17:17:20.0219248Z
  Time since last request: 0.0003077 seconds.
  importAddress: GUID: 91319408591cec1478efd3c62f9f418a - Path: Packages/com.unity.test-framework/UnityEngine.TestRunner/NUnitExtensions/Filters/AssemblyNameFilter.cs - Importer: ScriptedImporter/UnityEditor.QuickSearchModule:UnityEditor.Search:ASIAI0B
Importing 'GUID: 91319408591cec1478efd3c62f9f418a - Path: Packages/com.unity.test-framework/UnityEngine.TestRunner/NUnitExtensions/Filters/AssemblyNameFilter.cs - Importer: ScriptedImporter/UnityEditor.QuickSearchModule:UnityEditor.Search:ASIAI0B' with importer (ScriptedImporter : UnityEditor.QuickSearchModule:UnityEditor.Search:ASIAI0B)
Imported 'GUID: 91319408591cec1478efd3c62f9f418a' -> (Import Result ID: '6c47330cf06f6f410515fd7acb168b98') in 0.001 seconds [static and dynamic dependencies]. Details - ImportResultOutputID=a7d3adad52f142e0c4c806e151cda1bb DependenciesID=0040d59f85913787fa2efa6395140bdc StaticDependenciesID=88e8d2766457858c90a5f51fc9491261 
Number of updated asset objects reloaded before import = 0
Number of asset objects unloaded after import = 0
========================================================================
Received Import Request.
  Time of request: 2026-09-22T17:17:20.0229147Z
  Time since last request: 0.0001928 seconds.
  importAddress: GUID: 475e3699f219c854f8581a9838135002 - Path: Packages/com.unity.test-framework/UnityEngine.TestRunner/TestRunner/RemoteHelpers/RemoteTestResultDataWithTestData.cs - Importer: ScriptedImporter/UnityEditor.QuickSearchModule:UnityEditor.Search:ASIAI0B
Importing 'GUID: 475e3699f219c854f8581a9838135002 - Path: Packages/com.unity.test-framework/UnityEngine.TestRunner/TestRunner/RemoteHelpers/RemoteTestResultDataWithTestData.cs - Importer: ScriptedImporter/UnityEditor.QuickSearchModule:UnityEditor.Search:ASIAI0B' with importer (ScriptedImporter : UnityEditor.QuickSearchModule:UnityEditor.Search:ASIAI0B)
Imported 'GUID: 475e3699f219c854f8581a9838135002' -> (Import Result ID: '7f125c7486dfb182dec1afb2bca47527') in 0.001 seconds [static and dynamic dependencies]. Details - ImportResultOutputID=7c9014a94fc6c9a216dfbd8deb8605d1 DependenciesID=a7d1edcdf4130c1a71d1e6b9171167c4 StaticDependenciesID=0e29c57748bbf0f2ab736426b394aa7f 
Number of updated asset objects reloaded before import = 0
Number of asset objects unloaded after import = 0
========================================================================
Received Import Request.
  Time of request: 2026-09-22T17:17:20.0242593Z
  Time since last request: 0.0001789 seconds.
  importAddress: GUID: f40df9c8cf926b241b093a37028d8815 - Path: Packages/com.unity.test-framework/UnityEngine.TestRunner/NUnitExtensions/Runner/TestCommandBuilder.cs - Importer: ScriptedImporter/UnityEditor.QuickSearchModule:UnityEditor.Search:ASIAI0B
Importing 'GUID: f40df9c8cf926b241b093a37028d8815 - Path: Packages/com.unity.test-framework/UnityEngine.TestRunner/NUnitExtensions/Runner/TestCommandBuilder.cs - Importer: ScriptedImporter/UnityEditor.QuickSearchModule:UnityEditor.Search:ASIAI0B' with importer (ScriptedImporter : UnityEditor.QuickSearchModule:UnityEditor.Search:ASIAI0B)
Imported 'GUID: f40df9c8cf926b241b093a37028d8815' -> (Import Result ID: 'e740af200af9de0c69c0264663c7dffe') in 0.001 seconds [static and dynamic dependencies]. Details - ImportResultOutputID=c268285c030a9efb41a09fe4ee2456b9 DependenciesID=21e5231417e6f65134848679ae3ea215 StaticDependenciesID=2b930c53df68e74969125ea6a36b7e74 
Number of updated asset objects reloaded before import = 0
Number of asset objects unloaded after import = 0
========================================================================
Received Import Request.
  Time of request: 2026-09-22T17:17:20.0252377Z
  Time since last request: 0.0001709 seconds.
  importAddress: GUID: fedb0f9e5006b1943abae52f52f08a1a - Path: Packages/com.unity.test-framework/UnityEngine.TestRunner/NUnitExtensions/Attributes/UnityTestAttribute.cs - Importer: ScriptedImporter/UnityEditor.QuickSearchModule:UnityEditor.Search:ASIAI0B
Importing 'GUID: fedb0f9e5006b1943abae52f52f08a1a - Path: Packages/com.unity.test-framework/UnityEngine.TestRunner/NUnitExtensions/Attributes/UnityTestAttribute.cs - Importer: ScriptedImporter/UnityEditor.QuickSearchModule:UnityEditor.Search:ASIAI0B' with importer (ScriptedImporter : UnityEditor.QuickSearchModule:UnityEditor.Search:ASIAI0B)
Imported 'GUID: fedb0f9e5006b1943abae52f52f08a1a' -> (Import Result ID: '958929a6dd089f4fab0eca25f99a848c') in 0.001 seconds [static and dynamic dependencies]. Details - ImportResultOutputID=d68a931e546de6db9e737e6393eb9fcc DependenciesID=cfa8a6a9e466057322852a9e05a8933a StaticDependenciesID=dcc13fb7a3e18ad0c369293188ae5208 
Number of updated asset objects reloaded before import = 0
Number of asset objects unloaded after import = 0
========================================================================
Received Import Request.
  Time of request: 2026-09-22T17:17:20.026424Z
  Time since last request: 0.0001884 seconds.
  importAddress: GUID: 26721f9940339264fb14bdbfe1290e21 - Path: Packages/com.unity.test-framework/UnityEngine.TestRunner/NUnitExtensions/Runner/RestoreTestContextAfterDomainReload.cs - Importer: ScriptedImporter/UnityEditor.QuickSearchModule:UnityEditor.Search:ASIAI0B
Importing 'GUID: 26721f9940339264fb14bdbfe1290e21 - Path: Packages/com.unity.test-framework/UnityEngine.TestRunner/NUnitExtensions/Runner/RestoreTestContextAfterDomainReload.cs - Importer: ScriptedImporter/UnityEditor.QuickSearchModule:UnityEditor.Search:ASIAI0B' with importer (ScriptedImporter : UnityEditor.QuickSearchModule:UnityEditor.Search:ASIAI0B)
Imported 'GUID: 26721f9940339264fb14bdbfe1290e21' -> (Import Result ID: '717b3169b4dbd6677d25dc687bad4ef2') in 0.002 seconds [static and dynamic dependencies]. Details - ImportResultOutputID=577cecfcbfabdafc6c96d67bef783d01 DependenciesID=1c8b802b4bc6a08aa31ec447e20de4d9 StaticDependenciesID=141b51ccd567cf1857e1d04b6b7546e2 
Number of updated asset objects reloaded before import = 0
Number of asset objects unloaded after import = 0
========================================================================
Received Import Request.
  Time of request: 2026-09-22T17:17:20.0284839Z
  Time since last request: 0.0002601 seconds.
  importAddress: GUID: 600f4b74746dbf944901257f81a8af6d - Path: Packages/com.unity.test-framework/UnityEngine.TestRunner/NUnitExtensions/Attributes/UnityTearDownAttribute.cs - Importer: ScriptedImporter/UnityEditor.QuickSearchModule:UnityEditor.Search:ASIAI0B
Importing 'GUID: 600f4b74746dbf944901257f81a8af6d - Path: Packages/com.unity.test-framework/UnityEngine.TestRunner/NUnitExtensions/Attributes/UnityTearDownAttribute.cs - Importer: ScriptedImporter/UnityEditor.QuickSearchModule:UnityEditor.Search:ASIAI0B' with importer (ScriptedImporter : UnityEditor.QuickSearchModule:UnityEditor.Search:ASIAI0B)
Imported 'GUID: 600f4b74746dbf944901257f81a8af6d' -> (Import Result ID: '812e40b1b67979eeb409461ee0d60cba') in 0.001 seconds [static and dynamic dependencies]. Details - ImportResultOutputID=6f750fe7ec07f8ae073b0b372f05a89d DependenciesID=7532964a2077fb7b2984b939b6140a44 StaticDependenciesID=74403af18c16830231b78c956d3c09b7 
Number of updated asset objects reloaded before import = 0
Number of asset objects unloaded after import = 0
========================================================================
Received Import Request.
  Time of request: 2026-09-22T17:17:20.0297379Z
  Time since last request: 0.0001845 seconds.
  importAddress: GUID: 898bc38486fc899428fbe5bd6adfe473 - Path: Packages/com.unity.test-framework/UnityEngine.TestRunner/TestRunner/Messages/IEditModeTestYieldInstruction.cs - Importer: ScriptedImporter/UnityEditor.QuickSearchModule:UnityEditor.Search:ASIAI0B
Importing 'GUID: 898bc38486fc899428fbe5bd6adfe473 - Path: Packages/com.unity.test-framework/UnityEngine.TestRunner/TestRunner/Messages/IEditModeTestYieldInstruction.cs - Importer: ScriptedImporter/UnityEditor.QuickSearchModule:UnityEditor.Search:ASIAI0B' with importer (ScriptedImporter : UnityEditor.QuickSearchModule:UnityEditor.Search:ASIAI0B)
Imported 'GUID: 898bc38486fc899428fbe5bd6adfe473' -> (Import Result ID: '114ddd9eca4ccf8ec506cb1244595edf') in 0.001 seconds [static and dynamic dependencies]. Details - ImportResultOutputID=6c6fbae63f4df886b7d2bcf697dedd31 DependenciesID=1ce14d454ea176e60c5ae7aa4f9e78ff StaticDependenciesID=4e8fcfc996fce6618e029abc504a3b2b 
Number of updated asset objects reloaded before import = 0
Number of asset objects unloaded after import = 0
========================================================================
Received Import Request.
  Time of request: 2026-09-22T17:17:20.0308145Z
  Time since last request: 0.0001647 seconds.
  importAddress: GUID: b557515fff172984e8c4400b43f1c631 - Path: Packages/com.unity.test-framework/UnityEngine.TestRunner/NUnitExtensions/Runner/CoroutineTestWorkItem.cs - Importer: ScriptedImporter/UnityEditor.QuickSearchModule:UnityEditor.Search:ASIAI0B
Importing 'GUID: b557515fff172984e8c4400b43f1c631 - Path: Packages/com.unity.test-framework/UnityEngine.TestRunner/NUnitExtensions/Runner/CoroutineTestWorkItem.cs - Importer: ScriptedImporter/UnityEditor.QuickSearchModule:UnityEditor.Search:ASIAI0B' with importer (ScriptedImporter : UnityEditor.QuickSearchModule:UnityEditor.Search:ASIAI0B)
Imported 'GUID: b557515fff172984e8c4400b43f1c631' -> (Import Result ID: '899e50df06eec81a1aa37d9a86e35ef9') in 0.001 seconds [static and dynamic dependencies]. Details - ImportResultOutputID=fc39a661c07a0099bdaf66338d900dcd DependenciesID=6d028adced1d6581ecb02eec3e3930cd StaticDependenciesID=b6d36f12d892565c3087049d9f04dd7c 
Number of updated asset objects reloaded before import = 0
Number of asset objects unloaded after import = 0
========================================================================
Received Import Request.
  Time of request: 2026-09-22T17:17:20.0319164Z
  Time since last request: 0.0002154 seconds.
  importAddress: GUID: e55eddf2afda488db58fb17f985fee99 - Path: Packages/com.unity.test-framework/UnityEngine.TestRunner/NUnitExtensions/Commands/IgnoreTestCommand.cs - Importer: ScriptedImporter/UnityEditor.QuickSearchModule:UnityEditor.Search:ASIAI0B
Importing 'GUID: e55eddf2afda488db58fb17f985fee99 - Path: Packages/com.unity.test-framework/UnityEngine.TestRunner/NUnitExtensions/Commands/IgnoreTestCommand.cs - Importer: ScriptedImporter/UnityEditor.QuickSearchModule:UnityEditor.Search:ASIAI0B' with importer (ScriptedImporter : UnityEditor.QuickSearchModule:UnityEditor.Search:ASIAI0B)
Imported 'GUID: e55eddf2afda488db58fb17f985fee99' -> (Import Result ID: '1be6a0ab7a8d4ec2ff0284d1faba88fd') in 0.001 seconds [static and dynamic dependencies]. Details - ImportResultOutputID=3f847edf968a81c0f91d1b5da05a555c DependenciesID=0d6ca487d61c47c3fd0be38d9782bc61 StaticDependenciesID=2bf587589d68a59271abcdb8ddea7bcf 
Number of updated asset objects reloaded before import = 0
Number of asset objects unloaded after import = 0
========================================================================
Received Import Request.
  Time of request: 2026-09-22T17:17:20.0330492Z
  Time since last request: 0.0002012 seconds.
  importAddress: GUID: 2e3b9bbf2c1a3cd4f88883ca32882ec6 - Path: Packages/com.unity.test-framework/UnityEngine.TestRunner/Utils/AssemblyProvider/AssemblyWrapper.cs - Importer: ScriptedImporter/UnityEditor.QuickSearchModule:UnityEditor.Search:ASIAI0B
Importing 'GUID: 2e3b9bbf2c1a3cd4f88883ca32882ec6 - Path: Packages/com.unity.test-framework/UnityEngine.TestRunner/Utils/AssemblyProvider/AssemblyWrapper.cs - Importer: ScriptedImporter/UnityEditor.QuickSearchModule:UnityEditor.Search:ASIAI0B' with importer (ScriptedImporter : UnityEditor.QuickSearchModule:UnityEditor.Search:ASIAI0B)
Imported 'GUID: 2e3b9bbf2c1a3cd4f88883ca32882ec6' -> (Import Result ID: 'ecf82cf9e467fac4e15496e6ecb971d4') in 0.001 seconds [static and dynamic dependencies]. Details - ImportResultOutputID=df921b9c731033e785dc1ebbc790d068 DependenciesID=c03c297de097dfcf597106131d247de5 StaticDependenciesID=958d389438650d7d95ccedcfa93e79d0 
Number of updated asset objects reloaded before import = 0
Number of asset objects unloaded after import = 0
========================================================================
Received Import Request.
  Time of request: 2026-09-22T17:17:20.034408Z
  Time since last request: 0.0001815 seconds.
  importAddress: GUID: dd85a35169d313840a0874aea1a28629 - Path: Packages/com.unity.test-framework/UnityEngine.TestRunner/NUnitExtensions/Commands/EnumerableSetUpTearDownCommand.cs - Importer: ScriptedImporter/UnityEditor.QuickSearchModule:UnityEditor.Search:ASIAI0B
Importing 'GUID: dd85a35169d313840a0874aea1a28629 - Path: Packages/com.unity.test-framework/UnityEngine.TestRunner/NUnitExtensions/Commands/EnumerableSetUpTearDownCommand.cs - Importer: ScriptedImporter/UnityEditor.QuickSearchModule:UnityEditor.Search:ASIAI0B' with importer (ScriptedImporter : UnityEditor.QuickSearchModule:UnityEditor.Search:ASIAI0B)
Imported 'GUID: dd85a35169d313840a0874aea1a28629' -> (Import Result ID: '7106005c0d20f2424dfe8862ad0235d3') in 0.001 seconds [static and dynamic dependencies]. Details - ImportResultOutputID=38d78d53073802bcd0ab8a35ac269262 DependenciesID=043c3e7377b31a20bf4eb40aecd9dc1b StaticDependenciesID=cc0116c3c1ae2a7aebf77bd0cd9f4d26 
Number of updated asset objects reloaded before import = 0
Number of asset objects unloaded after import = 0
========================================================================
Received Import Request.
  Time of request: 2026-09-22T17:17:20.0355891Z
  Time since last request: 0.0002866 seconds.
  importAddress: GUID: 7ef6801a8b664544aa9f2ab1bc1f8b60 - Path: Packages/com.unity.test-framework/UnityEngine.TestRunner/NUnitExtensions/Runner/PlaymodeWorkItemFactory.cs - Importer: ScriptedImporter/UnityEditor.QuickSearchModule:UnityEditor.Search:ASIAI0B
Importing 'GUID: 7ef6801a8b664544aa9f2ab1bc1f8b60 - Path: Packages/com.unity.test-framework/UnityEngine.TestRunner/NUnitExtensions/Runner/PlaymodeWorkItemFactory.cs - Importer: ScriptedImporter/UnityEditor.QuickSearchModule:UnityEditor.Search:ASIAI0B' with importer (ScriptedImporter : UnityEditor.QuickSearchModule:UnityEditor.Search:ASIAI0B)
Imported 'GUID: 7ef6801a8b664544aa9f2ab1bc1f8b60' -> (Import Result ID: '80a56cb6907c37fed01a9ef68b5113a4') in 0.001 seconds [static and dynamic dependencies]. Details - ImportResultOutputID=50ade36a8f1cec660b1542d18dbc1bcb DependenciesID=8dd859beff034ac6d7468bbe8a409247 StaticDependenciesID=d5cb2151a9abc241d1a2dc3eddaf1f48 
Number of updated asset objects reloaded before import = 0
Number of asset objects unloaded after import = 0
========================================================================
Received Import Request.
  Time of request: 2026-09-22T17:17:20.036754Z
  Time since last request: 0.000211 seconds.
  importAddress: GUID: 0d4fc309a0784294c8ab658b53b12320 - Path: Packages/com.unity.test-framework/UnityEngine.TestRunner/NUnitExtensions/Commands/OuterUnityTestActionCommand.cs - Importer: ScriptedImporter/UnityEditor.QuickSearchModule:UnityEditor.Search:ASIAI0B
Importing 'GUID: 0d4fc309a0784294c8ab658b53b12320 - Path: Packages/com.unity.test-framework/UnityEngine.TestRunner/NUnitExtensions/Commands/OuterUnityTestActionCommand.cs - Importer: ScriptedImporter/UnityEditor.QuickSearchModule:UnityEditor.Search:ASIAI0B' with importer (ScriptedImporter : UnityEditor.QuickSearchModule:UnityEditor.Search:ASIAI0B)
Imported 'GUID: 0d4fc309a0784294c8ab658b53b12320' -> (Import Result ID: '7931e9d2c86be5aeda4c234aca1866d4') in 0.001 seconds [static and dynamic dependencies]. Details - ImportResultOutputID=4c8d6575a80ae13d1ace43584f72757a DependenciesID=2c5ca3178e7a24ae28c6e66a5591a6e0 StaticDependenciesID=ec8acc57a7467246f91654c75fbc05a6 
Number of updated asset objects reloaded before import = 0
Number of asset objects unloaded after import = 0
========================================================================
Received Import Request.
  Time of request: 2026-09-22T17:17:20.0377772Z
  Time since last request: 0.0001931 seconds.
  importAddress: GUID: 3cf5cb9e1ef590c48b1f919f2a7bd895 - Path: Packages/com.unity.test-framework/UnityEngine.TestRunner/TestRunner/Callbacks/PlayModeRunnerCallback.cs - Importer: ScriptedImporter/UnityEditor.QuickSearchModule:UnityEditor.Search:ASIAI0B
Importing 'GUID: 3cf5cb9e1ef590c48b1f919f2a7bd895 - Path: Packages/com.unity.test-framework/UnityEngine.TestRunner/TestRunner/Callbacks/PlayModeRunnerCallback.cs - Importer: ScriptedImporter/UnityEditor.QuickSearchModule:UnityEditor.Search:ASIAI0B' with importer (ScriptedImporter : UnityEditor.QuickSearchModule:UnityEditor.Search:ASIAI0B)
Imported 'GUID: 3cf5cb9e1ef590c48b1f919f2a7bd895' -> (Import Result ID: 'e1be73ff1d25264459d5e87631660ece') in 0.001 seconds [static and dynamic dependencies]. Details - ImportResultOutputID=d5543ee4d7afd72a2d82ccb2cb80918a DependenciesID=470f435b8c32af90e829d0f3c010b35e StaticDependenciesID=cd77976ac6054ca2409bb13dc427508f 
Number of updated asset objects reloaded before import = 0
Number of asset objects unloaded after import = 0
========================================================================
Received Import Request.
  Time of request: 2026-09-22T17:17:20.0391507Z
  Time since last request: 0.0001801 seconds.
  importAddress: GUID: 33e6b78c96bb0694e96383e3c56b7b54 - Path: Packages/com.unity.test-framework/UnityEngine.TestRunner/NUnitExtensions/Commands/TestCommandPcHelper.cs - Importer: ScriptedImporter/UnityEditor.QuickSearchModule:UnityEditor.Search:ASIAI0B
Importing 'GUID: 33e6b78c96bb0694e96383e3c56b7b54 - Path: Packages/com.unity.test-framework/UnityEngine.TestRunner/NUnitExtensions/Commands/TestCommandPcHelper.cs - Importer: ScriptedImporter/UnityEditor.QuickSearchModule:UnityEditor.Search:ASIAI0B' with importer (ScriptedImporter : UnityEditor.QuickSearchModule:UnityEditor.Search:ASIAI0B)
Imported 'GUID: 33e6b78c96bb0694e96383e3c56b7b54' -> (Import Result ID: '6da41c4dedcf8621975577aa9eb4f6c4') in 0.001 seconds [static and dynamic dependencies]. Details - ImportResultOutputID=788eb033e0ed779659b5e5e3411fd15c DependenciesID=8ecae49279611028ed8526b73602d843 StaticDependenciesID=e315c9c1c6bae81ede88fe6072cb5b8f 
Number of updated asset objects reloaded before import = 0
Number of asset objects unloaded after import = 0
========================================================================
Received Import Request.
  Time of request: 2026-09-22T17:17:20.0402131Z
  Time since last request: 0.0001589 seconds.
  importAddress: GUID: 5b3e90046c38f1d4dad2e0d5a79e871c - Path: Packages/com.unity.test-framework/UnityEngine.TestRunner/NUnitExtensions/Runner/UnityWorkItemDataHolder.cs - Importer: ScriptedImporter/UnityEditor.QuickSearchModule:UnityEditor.Search:ASIAI0B
Importing 'GUID: 5b3e90046c38f1d4dad2e0d5a79e871c - Path: Packages/com.unity.test-framework/UnityEngine.TestRunner/NUnitExtensions/Runner/UnityWorkItemDataHolder.cs - Importer: ScriptedImporter/UnityEditor.QuickSearchModule:UnityEditor.Search:ASIAI0B' with importer (ScriptedImporter : UnityEditor.QuickSearchModule:UnityEditor.Search:ASIAI0B)
Imported 'GUID: 5b3e90046c38f1d4dad2e0d5a79e871c' -> (Import Result ID: '8edb6d1da18aa881020fda6337e3b10d') in 0.001 seconds [static and dynamic dependencies]. Details - ImportResultOutputID=0a7140265f9df7d986aa96a0b0774de5 DependenciesID=cb2f2ce44254a8092690122fe365090e StaticDependenciesID=c9f096df6bd457106d2b920236d4938c 
Number of updated asset objects reloaded before import = 0
Number of asset objects unloaded after import = 0
========================================================================
Received Import Request.
  Time of request: 2026-09-22T17:17:20.0412036Z
  Time since last request: 0.0001588 seconds.
  importAddress: GUID: 1e42d5fdba604f0786aac7fcaaa84cf7 - Path: Packages/com.unity.test-framework/UnityEngine.TestRunner/NUnitExtensions/Filters/EditorOnlyFilter.cs - Importer: ScriptedImporter/UnityEditor.QuickSearchModule:UnityEditor.Search:ASIAI0B
Importing 'GUID: 1e42d5fdba604f0786aac7fcaaa84cf7 - Path: Packages/com.unity.test-framework/UnityEngine.TestRunner/NUnitExtensions/Filters/EditorOnlyFilter.cs - Importer: ScriptedImporter/UnityEditor.QuickSearchModule:UnityEditor.Search:ASIAI0B' with importer (ScriptedImporter : UnityEditor.QuickSearchModule:UnityEditor.Search:ASIAI0B)
Imported 'GUID: 1e42d5fdba604f0786aac7fcaaa84cf7' -> (Import Result ID: 'cbf0fcfb2f7ed2ffff4ef349ba62cb99') in 0.001 seconds [static and dynamic dependencies]. Details - ImportResultOutputID=9fae7601deed0b01c41891e5437abfc6 DependenciesID=a0b913e8581ac4a9126fac2af77f6f18 StaticDependenciesID=76e983072e0d67fb550b43e7d8dcbde2 
Number of updated asset objects reloaded before import = 0
Number of asset objects unloaded after import = 0
========================================================================
Received Import Request.
  Time of request: 2026-09-22T17:17:20.0423878Z
  Time since last request: 0.0002026 seconds.
  importAddress: GUID: c7cfda246e604b945b12b7afedb094ce - Path: Packages/com.unity.test-framework/UnityEngine.TestRunner/NUnitExtensions/Runner/DefaultTestWorkItem.cs - Importer: ScriptedImporter/UnityEditor.QuickSearchModule:UnityEditor.Search:ASIAI0B
Importing 'GUID: c7cfda246e604b945b12b7afedb094ce - Path: Packages/com.unity.test-framework/UnityEngine.TestRunner/NUnitExtensions/Runner/DefaultTestWorkItem.cs - Importer: ScriptedImporter/UnityEditor.QuickSearchModule:UnityEditor.Search:ASIAI0B' with importer (ScriptedImporter : UnityEditor.QuickSearchModule:UnityEditor.Search:ASIAI0B)
Imported 'GUID: c7cfda246e604b945b12b7afedb094ce' -> (Import Result ID: '210e6922d5b98994fdb893a2f936833c') in 0.001 seconds [static and dynamic dependencies]. Details - ImportResultOutputID=329e1dce2498480b84e084dc10f90974 DependenciesID=27661c929224c785450c6fc6e4aa4671 StaticDependenciesID=3b89ff4687da7b0f3f6afd860a283730 
Number of updated asset objects reloaded before import = 0
Number of asset objects unloaded after import = 0
========================================================================
Received Import Request.
  Time of request: 2026-09-22T17:17:20.0435397Z
  Time since last request: 0.0002093 seconds.
  importAddress: GUID: 19a6f000f81e24c4a826c1abd43e77c7 - Path: Packages/com.unity.test-framework/UnityEngine.TestRunner/NUnitExtensions/Commands/EnumerableTestMethodCommand.cs - Importer: ScriptedImporter/UnityEditor.QuickSearchModule:UnityEditor.Search:ASIAI0B
Importing 'GUID: 19a6f000f81e24c4a826c1abd43e77c7 - Path: Packages/com.unity.test-framework/UnityEngine.TestRunner/NUnitExtensions/Commands/EnumerableTestMethodCommand.cs - Importer: ScriptedImporter/UnityEditor.QuickSearchModule:UnityEditor.Search:ASIAI0B' with importer (ScriptedImporter : UnityEditor.QuickSearchModule:UnityEditor.Search:ASIAI0B)
Imported 'GUID: 19a6f000f81e24c4a826c1abd43e77c7' -> (Import Result ID: 'a886af74c734b30b559bbdc19a84a387') in 0.001 seconds [static and dynamic dependencies]. Details - ImportResultOutputID=c8f72936d136405e968d8aa9dd09bc3f DependenciesID=7f091a1980f80b324432b02a26e98654 StaticDependenciesID=627c9bf9788badd579acda7a0613bfe1 
Number of updated asset objects reloaded before import = 0
Number of asset objects unloaded after import = 0
========================================================================
Received Import Request.
  Time of request: 2026-09-22T17:17:20.04498Z
  Time since last request: 0.0002159 seconds.
  importAddress: GUID: fb593906b7b6d824087dcaebf6c082e0 - Path: Packages/com.unity.test-framework/UnityEngine.TestRunner/Utils/AssemblyProvider/AssemblyLoadProxy.cs - Importer: ScriptedImporter/UnityEditor.QuickSearchModule:UnityEditor.Search:ASIAI0B
Importing 'GUID: fb593906b7b6d824087dcaebf6c082e0 - Path: Packages/com.unity.test-framework/UnityEngine.TestRunner/Utils/AssemblyProvider/AssemblyLoadProxy.cs - Importer: ScriptedImporter/UnityEditor.QuickSearchModule:UnityEditor.Search:ASIAI0B' with importer (ScriptedImporter : UnityEditor.QuickSearchModule:UnityEditor.Search:ASIAI0B)
Imported 'GUID: fb593906b7b6d824087dcaebf6c082e0' -> (Import Result ID: 'aa754086876a23a33b7de6cdc7582cde') in 0.001 seconds [static and dynamic dependencies]. Details - ImportResultOutputID=53daf5cf6372803fb4c63e9d7aef5f7c DependenciesID=fde6c105f3cc5b67aec57a7a75d89177 StaticDependenciesID=79eba47e674f4c2be7e45eed385be47d 
Number of updated asset objects reloaded before import = 0
Number of asset objects unloaded after import = 0
========================================================================
Received Import Request.
  Time of request: 2026-09-22T17:17:20.0462383Z
  Time since last request: 0.0001944 seconds.
  importAddress: GUID: 8c20c76a75f088a46933d6a707744be4 - Path: Packages/com.unity.test-framework/UnityEngine.TestRunner/NUnitExtensions/Runner/ITestCommandWrapper.cs - Importer: ScriptedImporter/UnityEditor.QuickSearchModule:UnityEditor.Search:ASIAI0B
Importing 'GUID: 8c20c76a75f088a46933d6a707744be4 - Path: Packages/com.unity.test-framework/UnityEngine.TestRunner/NUnitExtensions/Runner/ITestCommandWrapper.cs - Importer: ScriptedImporter/UnityEditor.QuickSearchModule:UnityEditor.Search:ASIAI0B' with importer (ScriptedImporter : UnityEditor.QuickSearchModule:UnityEditor.Search:ASIAI0B)
Imported 'GUID: 8c20c76a75f088a46933d6a707744be4' -> (Import Result ID: 'fab646604aa67dd0d63db33c8e341a05') in 0.001 seconds [static and dynamic dependencies]. Details - ImportResultOutputID=05b0164c8e40877a325dc7d6e2cb4b3a DependenciesID=3d246516539e29222b38cffb456af2b3 StaticDependenciesID=42f8633c60821568119105302c7188a2 
Number of updated asset objects reloaded before import = 0
Number of asset objects unloaded after import = 0
========================================================================
Received Import Request.
  Time of request: 2026-09-22T17:17:20.0474902Z
  Time since last request: 0.0001914 seconds.
  importAddress: GUID: e948790d8b7e42e2abef6c45c5bc4c76 - Path: Packages/com.unity.test-framework/UnityEngine.TestRunner/NUnitExtensions/Filters/NonExplicitFilter.cs - Importer: ScriptedImporter/UnityEditor.QuickSearchModule:UnityEditor.Search:ASIAI0B
Importing 'GUID: e948790d8b7e42e2abef6c45c5bc4c76 - Path: Packages/com.unity.test-framework/UnityEngine.TestRunner/NUnitExtensions/Filters/NonExplicitFilter.cs - Importer: ScriptedImporter/UnityEditor.QuickSearchModule:UnityEditor.Search:ASIAI0B' with importer (ScriptedImporter : UnityEditor.QuickSearchModule:UnityEditor.Search:ASIAI0B)
Imported 'GUID: e948790d8b7e42e2abef6c45c5bc4c76' -> (Import Result ID: '51a33363ccb6c3e78060874036cc04f9') in 0.001 seconds [static and dynamic dependencies]. Details - ImportResultOutputID=11994334fe2d1e5ca3f9f2478d9cc234 DependenciesID=bdf27658d57b86cb062b0da7c7dbf16e StaticDependenciesID=8aa3ddb3263b4a31d1778ba00bc366fd 
Number of updated asset objects reloaded before import = 0
Number of asset objects unloaded after import = 0
========================================================================
Received Import Request.
  Time of request: 2026-09-22T17:17:20.0487357Z
  Time since last request: 0.0002068 seconds.
  importAddress: GUID: 03e4d63665d06f04c8a6cf68133c1592 - Path: Packages/com.unity.test-framework/UnityEngine.TestRunner/TestRunner/RemoteHelpers/RemoteTestResultData.cs - Importer: ScriptedImporter/UnityEditor.QuickSearchModule:UnityEditor.Search:ASIAI0B
Importing 'GUID: 03e4d63665d06f04c8a6cf68133c1592 - Path: Packages/com.unity.test-framework/UnityEngine.TestRunner/TestRunner/RemoteHelpers/RemoteTestResultData.cs - Importer: ScriptedImporter/UnityEditor.QuickSearchModule:UnityEditor.Search:ASIAI0B' with importer (ScriptedImporter : UnityEditor.QuickSearchModule:UnityEditor.Search:ASIAI0B)
Imported 'GUID: 03e4d63665d06f04c8a6cf68133c1592' -> (Import Result ID: '3bf98a9b97ca59e294787e0d5500d8ec') in 0.003 seconds [static and dynamic dependencies]. Details - ImportResultOutputID=d15b2e83d4d5b48ed62118d29c0c95fc DependenciesID=9ec0e4677ff3927047cbcea46db4b1fa StaticDependenciesID=323c40c026c112d405250f2951fcb706 
Number of updated asset objects reloaded before import = 0
Number of asset objects unloaded after import = 0
========================================================================
Received Import Request.
  Time of request: 2026-09-22T17:17:20.0519404Z
  Time since last request: 0.0002266 seconds.
  importAddress: GUID: 3b4429eff9fcffb48b006e8edcc90338 - Path: Packages/com.unity.test-framework/UnityEngine.TestRunner/NUnitExtensions/Commands/EnumerableApplyChangesToContextCommand.cs - Importer: ScriptedImporter/UnityEditor.QuickSearchModule:UnityEditor.Search:ASIAI0B
Importing 'GUID: 3b4429eff9fcffb48b006e8edcc90338 - Path: Packages/com.unity.test-framework/UnityEngine.TestRunner/NUnitExtensions/Commands/EnumerableApplyChangesToContextCommand.cs - Importer: ScriptedImporter/UnityEditor.QuickSearchModule:UnityEditor.Search:ASIAI0B' with importer (ScriptedImporter : UnityEditor.QuickSearchModule:UnityEditor.Search:ASIAI0B)
Imported 'GUID: 3b4429eff9fcffb48b006e8edcc90338' -> (Import Result ID: 'acad49d272404fca882e19227acaad26') in 0.001 seconds [static and dynamic dependencies]. Details - ImportResultOutputID=4796cf0225d7ea8c9eda182c1025f279 DependenciesID=cf62df2dcef8ba008416725ef3456f2c StaticDependenciesID=c04268c26c7607793574ddec26260957 
Number of updated asset objects reloaded before import = 0
Number of asset objects unloaded after import = 0
========================================================================
Received Import Request.
  Time of request: 2026-09-22T17:17:20.0531091Z
  Time since last request: 0.0001685 seconds.
  importAddress: GUID: 9bbdc426fc0a48e1b66deaac7ea8f64c - Path: Packages/com.unity.test-framework/UnityEngine.TestRunner/NUnitExtensions/Commands/IgnoreTest.cs - Importer: ScriptedImporter/UnityEditor.QuickSearchModule:UnityEditor.Search:ASIAI0B
Importing 'GUID: 9bbdc426fc0a48e1b66deaac7ea8f64c - Path: Packages/com.unity.test-framework/UnityEngine.TestRunner/NUnitExtensions/Commands/IgnoreTest.cs - Importer: ScriptedImporter/UnityEditor.QuickSearchModule:UnityEditor.Search:ASIAI0B' with importer (ScriptedImporter : UnityEditor.QuickSearchModule:UnityEditor.Search:ASIAI0B)
Imported 'GUID: 9bbdc426fc0a48e1b66deaac7ea8f64c' -> (Import Result ID: '62622e3313e2c1968a2f46f10e87165b') in 0.001 seconds [static and dynamic dependencies]. Details - ImportResultOutputID=d30e831f3a7c4eb299f5ed428c3f8fde DependenciesID=e4021ba4eae9e29e004b3b8f4d8b15ba StaticDependenciesID=22284f608ef963745d250e488a139a3b 
Number of updated asset objects reloaded before import = 0
Number of asset objects unloaded after import = 0
========================================================================
Received Import Request.
  Time of request: 2026-09-22T17:17:20.0541176Z
  Time since last request: 0.0001597 seconds.
  importAddress: GUID: 874e40a588dbb1e48bc128d686337d4e - Path: Packages/com.unity.test-framework/UnityEngine.TestRunner/NUnitExtensions/Runner/UnityTestAssemblyRunner.cs - Importer: ScriptedImporter/UnityEditor.QuickSearchModule:UnityEditor.Search:ASIAI0B
Importing 'GUID: 874e40a588dbb1e48bc128d686337d4e - Path: Packages/com.unity.test-framework/UnityEngine.TestRunner/NUnitExtensions/Runner/UnityTestAssemblyRunner.cs - Importer: ScriptedImporter/UnityEditor.QuickSearchModule:UnityEditor.Search:ASIAI0B' with importer (ScriptedImporter : UnityEditor.QuickSearchModule:UnityEditor.Search:ASIAI0B)
Imported 'GUID: 874e40a588dbb1e48bc128d686337d4e' -> (Import Result ID: 'b4e37a777c5be9b0b0d6e2ecea3ffe41') in 0.001 seconds [static and dynamic dependencies]. Details - ImportResultOutputID=6e3892c568b4f3cb4283c973129a2686 DependenciesID=b4e916759666190cb6de782254b0e415 StaticDependenciesID=d0254a64b5fed7f0032b7e3658ce799b 
Number of updated asset objects reloaded before import = 0
Number of asset objects unloaded after import = 0
========================================================================
Received Import Request.
  Time of request: 2026-09-22T17:17:20.0551035Z
  Time since last request: 0.0001576 seconds.
  importAddress: GUID: dbd43d8a3b8122d4e89b055f53382b11 - Path: Packages/com.unity.test-framework/UnityEngine.TestRunner/NUnitExtensions/Runner/IEnumerableTestMethodCommand.cs - Importer: ScriptedImporter/UnityEditor.QuickSearchModule:UnityEditor.Search:ASIAI0B
Importing 'GUID: dbd43d8a3b8122d4e89b055f53382b11 - Path: Packages/com.unity.test-framework/UnityEngine.TestRunner/NUnitExtensions/Runner/IEnumerableTestMethodCommand.cs - Importer: ScriptedImporter/UnityEditor.QuickSearchModule:UnityEditor.Search:ASIAI0B' with importer (ScriptedImporter : UnityEditor.QuickSearchModule:UnityEditor.Search:ASIAI0B)
Imported 'GUID: dbd43d8a3b8122d4e89b055f53382b11' -> (Import Result ID: '18c799856bef58f0bde0e268b413425f') in 0.001 seconds [static and dynamic dependencies]. Details - ImportResultOutputID=3c71229e98d1a5ee209e4fe2ea48efce DependenciesID=d6c3e515defca1fda6666b76c7d6f79d StaticDependenciesID=638fc1c5ac3ee9dba3cd64f36a74afce 
Number of updated asset objects reloaded before import = 0
Number of asset objects unloaded after import = 0
========================================================================
Received Import Request.
  Time of request: 2026-09-22T17:17:20.0565979Z
  Time since last request: 0.0001843 seconds.
  importAddress: GUID: cc294d4e597b4ba5acf52ad834cce210 - Path: Packages/com.unity.test-framework/UnityEngine.TestRunner/NUnitExtensions/Commands/StrictCheckCommand.cs - Importer: ScriptedImporter/UnityEditor.QuickSearchModule:UnityEditor.Search:ASIAI0B
Importing 'GUID: cc294d4e597b4ba5acf52ad834cce210 - Path: Packages/com.unity.test-framework/UnityEngine.TestRunner/NUnitExtensions/Commands/StrictCheckCommand.cs - Importer: ScriptedImporter/UnityEditor.QuickSearchModule:UnityEditor.Search:ASIAI0B' with importer (ScriptedImporter : UnityEditor.QuickSearchModule:UnityEditor.Search:ASIAI0B)
Imported 'GUID: cc294d4e597b4ba5acf52ad834cce210' -> (Import Result ID: '3401449f427325875abbf3f8e4fa56ac') in 0.002 seconds [static and dynamic dependencies]. Details - ImportResultOutputID=dc48313a12fafb0d5fc828b360181398 DependenciesID=dc091954e7ffd3d4f97a502c56dd9479 StaticDependenciesID=516a42e4eb9b50f857964b546f634783 
Number of updated asset objects reloaded before import = 0
Number of asset objects unloaded after import = 0
========================================================================
Received Import Request.
  Time of request: 2026-09-22T17:17:20.0586253Z
  Time since last request: 0.0002807 seconds.
  importAddress: GUID: 356852e4738840b4b1ab533d3a66f0e1 - Path: Packages/com.unity.test-framework/UnityEngine.TestRunner/NUnitExtensions/Commands/EnumerableTestState.cs - Importer: ScriptedImporter/UnityEditor.QuickSearchModule:UnityEditor.Search:ASIAI0B
Importing 'GUID: 356852e4738840b4b1ab533d3a66f0e1 - Path: Packages/com.unity.test-framework/UnityEngine.TestRunner/NUnitExtensions/Commands/EnumerableTestState.cs - Importer: ScriptedImporter/UnityEditor.QuickSearchModule:UnityEditor.Search:ASIAI0B' with importer (ScriptedImporter : UnityEditor.QuickSearchModule:UnityEditor.Search:ASIAI0B)
Imported 'GUID: 356852e4738840b4b1ab533d3a66f0e1' -> (Import Result ID: '304b62e183e8e11df1b4ebc838ca7c85') in 0.001 seconds [static and dynamic dependencies]. Details - ImportResultOutputID=aff199ddb1f1f33691a74cd319502dfc DependenciesID=e0b1591c9104da9b4281890ba04cb4e3 StaticDependenciesID=f6acb28ab29eefe617a331521bf15e0c 
Number of updated asset objects reloaded before import = 0
Number of asset objects unloaded after import = 0
========================================================================
Received Import Request.
  Time of request: 2026-09-22T17:17:20.0601973Z
  Time since last request: 0.0002038 seconds.
  importAddress: GUID: 6de2f178a24cd2e48a0816cacd9a0583 - Path: Packages/com.unity.test-framework/UnityEngine.TestRunner/NUnitExtensions/Commands/EnumerableRetryTestCommand.cs - Importer: ScriptedImporter/UnityEditor.QuickSearchModule:UnityEditor.Search:ASIAI0B
Importing 'GUID: 6de2f178a24cd2e48a0816cacd9a0583 - Path: Packages/com.unity.test-framework/UnityEngine.TestRunner/NUnitExtensions/Commands/EnumerableRetryTestCommand.cs - Importer: ScriptedImporter/UnityEditor.QuickSearchModule:UnityEditor.Search:ASIAI0B' with importer (ScriptedImporter : UnityEditor.QuickSearchModule:UnityEditor.Search:ASIAI0B)
Imported 'GUID: 6de2f178a24cd2e48a0816cacd9a0583' -> (Import Result ID: '666d305cb2bc651dad25e6b1fbe41fb6') in 0.002 seconds [static and dynamic dependencies]. Details - ImportResultOutputID=de76f5509d5786b96729d39424480de5 DependenciesID=023e83dbd0f63050a6dd9490d19384cb StaticDependenciesID=c93bec72693988473ae53f401f44f831 
Number of updated asset objects reloaded before import = 0
Number of asset objects unloaded after import = 0
========================================================================
Received Import Request.
  Time of request: 2026-09-22T17:17:20.062498Z
  Time since last request: 0.0002111 seconds.
  importAddress: GUID: 94cf1990d9304aff8063ceaa4bc68f6d - Path: Packages/com.unity.test-framework/UnityEngine.TestRunner/NUnitExtensions/Filters/AndFilterExtended.cs - Importer: ScriptedImporter/UnityEditor.QuickSearchModule:UnityEditor.Search:ASIAI0B
Importing 'GUID: 94cf1990d9304aff8063ceaa4bc68f6d - Path: Packages/com.unity.test-framework/UnityEngine.TestRunner/NUnitExtensions/Filters/AndFilterExtended.cs - Importer: ScriptedImporter/UnityEditor.QuickSearchModule:UnityEditor.Search:ASIAI0B' with importer (ScriptedImporter : UnityEditor.QuickSearchModule:UnityEditor.Search:ASIAI0B)
Imported 'GUID: 94cf1990d9304aff8063ceaa4bc68f6d' -> (Import Result ID: '875ca3d229f255146c0ec18b49b8a5b5') in 0.001 seconds [static and dynamic dependencies]. Details - ImportResultOutputID=e595d29f7c402e8fe1b6b2dc5761c9e8 DependenciesID=b3c97ea277031f4bf1af36e60e4cd868 StaticDependenciesID=81f618c8db506149c2a21ff90ffa52b6 
Number of updated asset objects reloaded before import = 0
Number of asset objects unloaded after import = 0
========================================================================
Received Import Request.
  Time of request: 2026-09-22T17:17:20.063583Z
  Time since last request: 0.0001786 seconds.
  importAddress: GUID: 20793418366caf14293b29c55df5e9ec - Path: Packages/com.unity.test-framework/UnityEngine.TestRunner/TestRunner/Callbacks/RemoteTestResultSender.cs - Importer: ScriptedImporter/UnityEditor.QuickSearchModule:UnityEditor.Search:ASIAI0B
Importing 'GUID: 20793418366caf14293b29c55df5e9ec - Path: Packages/com.unity.test-framework/UnityEngine.TestRunner/TestRunner/Callbacks/RemoteTestResultSender.cs - Importer: ScriptedImporter/UnityEditor.QuickSearchModule:UnityEditor.Search:ASIAI0B' with importer (ScriptedImporter : UnityEditor.QuickSearchModule:UnityEditor.Search:ASIAI0B)
Imported 'GUID: 20793418366caf14293b29c55df5e9ec' -> (Import Result ID: '178535811f9c8b6a40cf103ddbd2057b') in 0.001 seconds [static and dynamic dependencies]. Details - ImportResultOutputID=60a07edb1360247b10dbcd33f4b9c0e1 DependenciesID=e8b876173cb3945043162be64910f92d StaticDependenciesID=cc58c09c5cd80339bc01d901604dbdbf 
Number of updated asset objects reloaded before import = 0
Number of asset objects unloaded after import = 0
========================================================================
Received Import Request.
  Time of request: 2026-09-22T17:17:20.0648097Z
  Time since last request: 0.0001833 seconds.
  importAddress: GUID: 74987b94d22047d8b286a727906b7019 - Path: Packages/com.unity.test-framework/UnityEngine.TestRunner/NUnitExtensions/Commands/ParametrizedIgnoreCommand.cs - Importer: ScriptedImporter/UnityEditor.QuickSearchModule:UnityEditor.Search:ASIAI0B
Importing 'GUID: 74987b94d22047d8b286a727906b7019 - Path: Packages/com.unity.test-framework/UnityEngine.TestRunner/NUnitExtensions/Commands/ParametrizedIgnoreCommand.cs - Importer: ScriptedImporter/UnityEditor.QuickSearchModule:UnityEditor.Search:ASIAI0B' with importer (ScriptedImporter : UnityEditor.QuickSearchModule:UnityEditor.Search:ASIAI0B)
Imported 'GUID: 74987b94d22047d8b286a727906b7019' -> (Import Result ID: '0b6dd254d33cb9948b4c67810ec7c15f') in 0.001 seconds [static and dynamic dependencies]. Details - ImportResultOutputID=9a8d42409d7e2dc3ced706c7984f63cc DependenciesID=8dbf406fd566fafddb53f1fdfb74ca17 StaticDependenciesID=ce51284a6962105976eca4a3e2064011 
Number of updated asset objects reloaded before import = 0
Number of asset objects unloaded after import = 0
========================================================================
Received Import Request.
  Time of request: 2026-09-22T17:17:20.0661226Z
  Time since last request: 0.0001991 seconds.
  importAddress: GUID: ad85854b14d4140d88447bdce2fac91f - Path: Packages/com.unity.test-framework/UnityEngine.TestRunner/NUnitExtensions/Commands/TaskTestMethodCommand.cs - Importer: ScriptedImporter/UnityEditor.QuickSearchModule:UnityEditor.Search:ASIAI0B
Importing 'GUID: ad85854b14d4140d88447bdce2fac91f - Path: Packages/com.unity.test-framework/UnityEngine.TestRunner/NUnitExtensions/Commands/TaskTestMethodCommand.cs - Importer: ScriptedImporter/UnityEditor.QuickSearchModule:UnityEditor.Search:ASIAI0B' with importer (ScriptedImporter : UnityEditor.QuickSearchModule:UnityEditor.Search:ASIAI0B)
Imported 'GUID: ad85854b14d4140d88447bdce2fac91f' -> (Import Result ID: '3ccd428eda3994f3c25a7ee27e277824') in 0.001 seconds [static and dynamic dependencies]. Details - ImportResultOutputID=1653e309ac64bc33209e08d86d8874e3 DependenciesID=085e62c2e926d87c5f63560c128fafa1 StaticDependenciesID=4d8a22228baaf84adce720c7e332d702 
Number of updated asset objects reloaded before import = 0
Number of asset objects unloaded after import = 0
========================================================================
Received Import Request.
  Time of request: 2026-09-22T17:17:20.067217Z
  Time since last request: 0.000176 seconds.
  importAddress: GUID: f07fb40f4e944ebeb84eb8f8a6bb5b13 - Path: Packages/com.unity.test-framework/UnityEngine.TestRunner/NUnitExtensions/Filters/FullNameFilter.cs - Importer: ScriptedImporter/UnityEditor.QuickSearchModule:UnityEditor.Search:ASIAI0B
Importing 'GUID: f07fb40f4e944ebeb84eb8f8a6bb5b13 - Path: Packages/com.unity.test-framework/UnityEngine.TestRunner/NUnitExtensions/Filters/FullNameFilter.cs - Importer: ScriptedImporter/UnityEditor.QuickSearchModule:UnityEditor.Search:ASIAI0B' with importer (ScriptedImporter : UnityEditor.QuickSearchModule:UnityEditor.Search:ASIAI0B)
Imported 'GUID: f07fb40f4e944ebeb84eb8f8a6bb5b13' -> (Import Result ID: '59359cde1ce65eee082a7b5fd112f91f') in 0.002 seconds [static and dynamic dependencies]. Details - ImportResultOutputID=6fb98edaefa62cb019e2a1b9b145ce57 DependenciesID=0df37e496958f5eaf2db9d17a0f86334 StaticDependenciesID=e4c4272aa9300163fc41d6d60991ecf7 
Number of updated asset objects reloaded before import = 0
Number of asset objects unloaded after import = 0
========================================================================
Received Import Request.
  Time of request: 2026-09-22T17:17:20.0691588Z
  Time since last request: 0.0002135 seconds.
  importAddress: GUID: f8ed0b11850145c4995dd76170bb2500 - Path: Packages/com.unity.test-framework/UnityEngine.TestRunner/TestRunner/Callbacks/PlayerQuitHandler.cs - Importer: ScriptedImporter/UnityEditor.QuickSearchModule:UnityEditor.Search:ASIAI0B
Importing 'GUID: f8ed0b11850145c4995dd76170bb2500 - Path: Packages/com.unity.test-framework/UnityEngine.TestRunner/TestRunner/Callbacks/PlayerQuitHandler.cs - Importer: ScriptedImporter/UnityEditor.QuickSearchModule:UnityEditor.Search:ASIAI0B' with importer (ScriptedImporter : UnityEditor.QuickSearchModule:UnityEditor.Search:ASIAI0B)
Imported 'GUID: f8ed0b11850145c4995dd76170bb2500' -> (Import Result ID: '653dac50abc9d5afe8b3bd21835d4424') in 0.001 seconds [static and dynamic dependencies]. Details - ImportResultOutputID=2e4c0e0948c44d5a927b7d5cb96b1dff DependenciesID=d5338a76ee60c5ca43fb4de38da7a738 StaticDependenciesID=6c509234e509721936e9babd64945b29 
Number of updated asset objects reloaded before import = 0
Number of asset objects unloaded after import = 0
========================================================================
Received Import Request.
  Time of request: 2026-09-22T17:17:20.0704833Z
  Time since last request: 0.0002992 seconds.
  importAddress: GUID: b97961a82e5e4e66b8f6fa0ce8b5b9e2 - Path: Packages/com.unity.test-framework/UnityEngine.TestRunner/NUnitExtensions/Runner/FeatureFlags.cs - Importer: ScriptedImporter/UnityEditor.QuickSearchModule:UnityEditor.Search:ASIAI0B
Importing 'GUID: b97961a82e5e4e66b8f6fa0ce8b5b9e2 - Path: Packages/com.unity.test-framework/UnityEngine.TestRunner/NUnitExtensions/Runner/FeatureFlags.cs - Importer: ScriptedImporter/UnityEditor.QuickSearchModule:UnityEditor.Search:ASIAI0B' with importer (ScriptedImporter : UnityEditor.QuickSearchModule:UnityEditor.Search:ASIAI0B)
Imported 'GUID: b97961a82e5e4e66b8f6fa0ce8b5b9e2' -> (Import Result ID: '255f78d2ea144b1b784dc53dacce07fb') in 0.001 seconds [static and dynamic dependencies]. Details - ImportResultOutputID=ca32ac63c6a7aca188594e9952eb3704 DependenciesID=4f754f56001dbf8465ad744ca138b8dc StaticDependenciesID=57ba9c59543ee7448815c32c34c06052 
Number of updated asset objects reloaded before import = 0
Number of asset objects unloaded after import = 0
========================================================================
Received Import Request.
  Time of request: 2026-09-22T17:17:20.0720239Z
  Time since last request: 0.0003316 seconds.
  importAddress: GUID: 7f65567c9026afb4db5de3355accc636 - Path: Packages/com.unity.test-framework/UnityEngine.TestRunner/NUnitExtensions/Commands/BeforeAfterTestCommandState.cs - Importer: ScriptedImporter/UnityEditor.QuickSearchModule:UnityEditor.Search:ASIAI0B
Importing 'GUID: 7f65567c9026afb4db5de3355accc636 - Path: Packages/com.unity.test-framework/UnityEngine.TestRunner/NUnitExtensions/Commands/BeforeAfterTestCommandState.cs - Importer: ScriptedImporter/UnityEditor.QuickSearchModule:UnityEditor.Search:ASIAI0B' with importer (ScriptedImporter : UnityEditor.QuickSearchModule:UnityEditor.Search:ASIAI0B)
Imported 'GUID: 7f65567c9026afb4db5de3355accc636' -> (Import Result ID: '2559fe292c6fb367281268992e3ceee2') in 0.001 seconds [static and dynamic dependencies]. Details - ImportResultOutputID=2634dff169249d6267bc0f7b8fe2e7e6 DependenciesID=7fbfb03a178c7a6d00b469d9fb187a5e StaticDependenciesID=136a74137b078c2c87dce5204c9d5723 
Number of updated asset objects reloaded before import = 0
Number of asset objects unloaded after import = 0
========================================================================
Received Import Request.
  Time of request: 2026-09-22T17:17:20.076264Z
  Time since last request: 0.0032331 seconds.
  importAddress: GUID: 43a3aec217baa9644a7cf34b5f93fed9 - Path: Packages/com.unity.test-framework/UnityEngine.TestRunner/Utils/AssemblyProvider/PlayerTestAssemblyProvider.cs - Importer: ScriptedImporter/UnityEditor.QuickSearchModule:UnityEditor.Search:ASIAI0B
Importing 'GUID: 43a3aec217baa9644a7cf34b5f93fed9 - Path: Packages/com.unity.test-framework/UnityEngine.TestRunner/Utils/AssemblyProvider/PlayerTestAssemblyProvider.cs - Importer: ScriptedImporter/UnityEditor.QuickSearchModule:UnityEditor.Search:ASIAI0B' with importer (ScriptedImporter : UnityEditor.QuickSearchModule:UnityEditor.Search:ASIAI0B)
Imported 'GUID: 43a3aec217baa9644a7cf34b5f93fed9' -> (Import Result ID: '4a25e4ffe7c882b3e7742619a464c32d') in 0.001 seconds [static and dynamic dependencies]. Details - ImportResultOutputID=a558e87720c4db6544f5feac40069068 DependenciesID=423878ba06221b938a608f6965df8fbb StaticDependenciesID=91fa45d0852be063f79ebdf65f09b697 
Number of updated asset objects reloaded before import = 0
Number of asset objects unloaded after import = 0
========================================================================
Received Import Request.
  Time of request: 2026-09-22T17:17:20.0778037Z
  Time since last request: 0.0003001 seconds.
  importAddress: GUID: 881143a1a3652e343bdcc07166d6f6f6 - Path: Packages/com.unity.test-framework/UnityEditor.TestRunner/TestRun/Tasks/Scene/SaveModifiedSceneTask.cs - Importer: ScriptedImporter/UnityEditor.QuickSearchModule:UnityEditor.Search:ASIAI0B
Importing 'GUID: 881143a1a3652e343bdcc07166d6f6f6 - Path: Packages/com.unity.test-framework/UnityEditor.TestRunner/TestRun/Tasks/Scene/SaveModifiedSceneTask.cs - Importer: ScriptedImporter/UnityEditor.QuickSearchModule:UnityEditor.Search:ASIAI0B' with importer (ScriptedImporter : UnityEditor.QuickSearchModule:UnityEditor.Search:ASIAI0B)
Imported 'GUID: 881143a1a3652e343bdcc07166d6f6f6' -> (Import Result ID: 'fb70124a98017b6b8bdb50d06a0cb295') in 0.001 seconds [static and dynamic dependencies]. Details - ImportResultOutputID=f1e65531720fd13b260849f924c90c92 DependenciesID=9372ee14671fdcf293a63a56ef190bce StaticDependenciesID=7621de63596c64e45bde438e67ff1fb0 
Number of updated asset objects reloaded before import = 0
Number of asset objects unloaded after import = 0
========================================================================
Received Import Request.
  Time of request: 2026-09-22T17:17:20.0790058Z
  Time since last request: 0.0001866 seconds.
  importAddress: GUID: ab19dca503e90904e95faefddb68150d - Path: Packages/com.unity.test-framework/UnityEditor.TestRunner/TestRun/Tasks/Scene/ReloadModifiedScenesTask.cs - Importer: ScriptedImporter/UnityEditor.QuickSearchModule:UnityEditor.Search:ASIAI0B
Importing 'GUID: ab19dca503e90904e95faefddb68150d - Path: Packages/com.unity.test-framework/UnityEditor.TestRunner/TestRun/Tasks/Scene/ReloadModifiedScenesTask.cs - Importer: ScriptedImporter/UnityEditor.QuickSearchModule:UnityEditor.Search:ASIAI0B' with importer (ScriptedImporter : UnityEditor.QuickSearchModule:UnityEditor.Search:ASIAI0B)
Imported 'GUID: ab19dca503e90904e95faefddb68150d' -> (Import Result ID: '90db57f4e913d6e8452294de6ac006b5') in 0.001 seconds [static and dynamic dependencies]. Details - ImportResultOutputID=359aa0ffa5c75298234bfdaceb66e545 DependenciesID=566a5c6c5281a9ec46e1add8c5fc85c8 StaticDependenciesID=84eb3541732278573ef4d48679d15514 
Number of updated asset objects reloaded before import = 0
Number of asset objects unloaded after import = 0
========================================================================
Received Import Request.
  Time of request: 2026-09-22T17:17:20.0801063Z
  Time since last request: 0.0001762 seconds.
  importAddress: GUID: f3a361a6ad1aff14ba8f48976e94ad76 - Path: Packages/com.unity.test-framework/UnityEngine.TestRunner/Utils/AssemblyProvider/ScriptingRuntimeProxy.cs - Importer: ScriptedImporter/UnityEditor.QuickSearchModule:UnityEditor.Search:ASIAI0B
Importing 'GUID: f3a361a6ad1aff14ba8f48976e94ad76 - Path: Packages/com.unity.test-framework/UnityEngine.TestRunner/Utils/AssemblyProvider/ScriptingRuntimeProxy.cs - Importer: ScriptedImporter/UnityEditor.QuickSearchModule:UnityEditor.Search:ASIAI0B' with importer (ScriptedImporter : UnityEditor.QuickSearchModule:UnityEditor.Search:ASIAI0B)
Imported 'GUID: f3a361a6ad1aff14ba8f48976e94ad76' -> (Import Result ID: 'a506dfdc043c349b9f78fa7ad5ffdf01') in 0.001 seconds [static and dynamic dependencies]. Details - ImportResultOutputID=065c4195814119cd435940a264a0e0ea DependenciesID=4ed590e08dee738cd753379bbf432344 StaticDependenciesID=04d46227cb14dfc5a91c6b85c9cdb165 
Number of updated asset objects reloaded before import = 0
Number of asset objects unloaded after import = 0
========================================================================
Received Import Request.
  Time of request: 2026-09-22T17:17:20.08113Z
  Time since last request: 0.0002233 seconds.
  importAddress: GUID: 4f0f9b9f3ed97ad2b9ba8f1a8e4666c2 - Path: Packages/com.unity.modules.uielements/package.json - Importer: ScriptedImporter/UnityEditor.QuickSearchModule:UnityEditor.Search:ASIAI0B
Importing 'GUID: 4f0f9b9f3ed97ad2b9ba8f1a8e4666c2 - Path: Packages/com.unity.modules.uielements/package.json - Importer: ScriptedImporter/UnityEditor.QuickSearchModule:UnityEditor.Search:ASIAI0B' with importer (ScriptedImporter : UnityEditor.QuickSearchModule:UnityEditor.Search:ASIAI0B)
Imported 'GUID: 4f0f9b9f3ed97ad2b9ba8f1a8e4666c2' -> (Import Result ID: '4716271f5674a8aa4c13a41eb369ac24') in 0.001 seconds [static and dynamic dependencies]. Details - ImportResultOutputID=c26ef73fd4e79a6bb1f46f7c262097a7 DependenciesID=a5fa7606d4a60e019453b2f3ab3bf818 StaticDependenciesID=1905cbaf7ef401ab3499b66cdb98768f 
Number of updated asset objects reloaded before import = 0
Number of asset objects unloaded after import = 1
========================================================================
Received Import Request.
  Time of request: 2026-09-22T17:17:20.0820946Z
  Time since last request: 0.0001788 seconds.
  importAddress: GUID: 31d26a10516a4ac7a9bfdcac13a6386e - Path: Packages/com.unity.test-framework/UnityEditor.TestRunner/TestRun/Tasks/Platform/PlatformSpecificSuccessfulLaunchTask.cs - Importer: ScriptedImporter/UnityEditor.QuickSearchModule:UnityEditor.Search:ASIAI0B
Importing 'GUID: 31d26a10516a4ac7a9bfdcac13a6386e - Path: Packages/com.unity.test-framework/UnityEditor.TestRunner/TestRun/Tasks/Platform/PlatformSpecificSuccessfulLaunchTask.cs - Importer: ScriptedImporter/UnityEditor.QuickSearchModule:UnityEditor.Search:ASIAI0B' with importer (ScriptedImporter : UnityEditor.QuickSearchModule:UnityEditor.Search:ASIAI0B)
Imported 'GUID: 31d26a10516a4ac7a9bfdcac13a6386e' -> (Import Result ID: '91de360ea5a4d151b0bf1ef0f7b0fb55') in 0.002 seconds [static and dynamic dependencies]. Details - ImportResultOutputID=f9d7197652a351939e9ae0972c9e0295 DependenciesID=1b801184ff80ec789689eaad7a264f51 StaticDependenciesID=c8535b57b10e2d27a57b533886ae49c1 
Number of updated asset objects reloaded before import = 0
Number of asset objects unloaded after import = 0
========================================================================
Received Import Request.
  Time of request: 2026-09-22T17:17:20.0839511Z
  Time since last request: 0.0001839 seconds.
  importAddress: GUID: 96d14b71b907bb52333b2886e665aba6 - Path: Packages/com.unity.modules.video/package.json - Importer: ScriptedImporter/UnityEditor.QuickSearchModule:UnityEditor.Search:ASIAI0B
Importing 'GUID: 96d14b71b907bb52333b2886e665aba6 - Path: Packages/com.unity.modules.video/package.json - Importer: ScriptedImporter/UnityEditor.QuickSearchModule:UnityEditor.Search:ASIAI0B' with importer (ScriptedImporter : UnityEditor.QuickSearchModule:UnityEditor.Search:ASIAI0B)
Imported 'GUID: 96d14b71b907bb52333b2886e665aba6' -> (Import Result ID: 'ef868852f39b5ceeadee30349a50f288') in 0.001 seconds [static and dynamic dependencies]. Details - ImportResultOutputID=e996ab66d27662fda938e6c55cf2e84b DependenciesID=ba91999edbff5b07419db76f706e0b4a StaticDependenciesID=93b0d17197d7c373427690e1070b3a02 
Number of updated asset objects reloaded before import = 0
Number of asset objects unloaded after import = 1
========================================================================
Received Import Request.
  Time of request: 2026-09-22T17:17:20.0850468Z
  Time since last request: 0.0002082 seconds.
  importAddress: GUID: 1c5afe945b715e149a70113a4be7b32a - Path: Packages/com.unity.test-framework/UnityEngine.TestRunner/Utils/AssemblyProvider/IAssemblyWrapper.cs - Importer: ScriptedImporter/UnityEditor.QuickSearchModule:UnityEditor.Search:ASIAI0B
Importing 'GUID: 1c5afe945b715e149a70113a4be7b32a - Path: Packages/com.unity.test-framework/UnityEngine.TestRunner/Utils/AssemblyProvider/IAssemblyWrapper.cs - Importer: ScriptedImporter/UnityEditor.QuickSearchModule:UnityEditor.Search:ASIAI0B' with importer (ScriptedImporter : UnityEditor.QuickSearchModule:UnityEditor.Search:ASIAI0B)
Imported 'GUID: 1c5afe945b715e149a70113a4be7b32a' -> (Import Result ID: 'd25ad3cc69f708e55ef6af5161493c49') in 0.001 seconds [static and dynamic dependencies]. Details - ImportResultOutputID=15c523bd28c2faadad1c57ade4243c4f DependenciesID=3cea006e5019e258041e269bd413e2ae StaticDependenciesID=7aca9e1c81c06f0eb41f3e8f5d295ff2 
Number of updated asset objects reloaded before import = 0
Number of asset objects unloaded after import = 0
========================================================================
Received Import Request.
  Time of request: 2026-09-22T17:17:20.0861792Z
  Time since last request: 0.000207 seconds.
  importAddress: GUID: 337f28535644395459f6de8c60d9db37 - Path: Packages/com.unity.test-framework/UnityEditor.TestRunner/TestRun/Tasks/Scene/RestoreSceneSetupTask.cs - Importer: ScriptedImporter/UnityEditor.QuickSearchModule:UnityEditor.Search:ASIAI0B
Importing 'GUID: 337f28535644395459f6de8c60d9db37 - Path: Packages/com.unity.test-framework/UnityEditor.TestRunner/TestRun/Tasks/Scene/RestoreSceneSetupTask.cs - Importer: ScriptedImporter/UnityEditor.QuickSearchModule:UnityEditor.Search:ASIAI0B' with importer (ScriptedImporter : UnityEditor.QuickSearchModule:UnityEditor.Search:ASIAI0B)
Imported 'GUID: 337f28535644395459f6de8c60d9db37' -> (Import Result ID: '666524cc57958866a8ad903655ca2e4e') in 0.001 seconds [static and dynamic dependencies]. Details - ImportResultOutputID=ecaf04d1c88276502ad55755940f9f6f DependenciesID=de1ad893fabd6e4383b972c430387f43 StaticDependenciesID=ab2a38d9016aeeaa63599fa850202401 
Number of updated asset objects reloaded before import = 0
Number of asset objects unloaded after import = 0
========================================================================
Received Import Request.
  Time of request: 2026-09-22T17:17:20.0876391Z
  Time since last request: 0.0002581 seconds.
  importAddress: GUID: f2675f346a0926b4aa7928805fd8bc9c - Path: Packages/com.unity.test-framework/UnityEditor.TestRunner/TestRun/Tasks/Events/CreateEventsTask.cs - Importer: ScriptedImporter/UnityEditor.QuickSearchModule:UnityEditor.Search:ASIAI0B
Importing 'GUID: f2675f346a0926b4aa7928805fd8bc9c - Path: Packages/com.unity.test-framework/UnityEditor.TestRunner/TestRun/Tasks/Events/CreateEventsTask.cs - Importer: ScriptedImporter/UnityEditor.QuickSearchModule:UnityEditor.Search:ASIAI0B' with importer (ScriptedImporter : UnityEditor.QuickSearchModule:UnityEditor.Search:ASIAI0B)
Imported 'GUID: f2675f346a0926b4aa7928805fd8bc9c' -> (Import Result ID: '897178f56d4bf52fa1c852a68c304b7c') in 0.001 seconds [static and dynamic dependencies]. Details - ImportResultOutputID=248da683b5eb020b6888b4b73803518b DependenciesID=d63ada377de32883dcd597c11712d140 StaticDependenciesID=70cd7ed27533f0d01ccef2c4a307cbe5 
Number of updated asset objects reloaded before import = 0
Number of asset objects unloaded after import = 0
========================================================================
Received Import Request.
  Time of request: 2026-09-22T17:17:20.0891679Z
  Time since last request: 0.0002081 seconds.
  importAddress: GUID: 9b1a5759726ef9d39a0ab82047b615f1 - Path: Packages/com.unity.modules.hierarchycore/package.json - Importer: ScriptedImporter/UnityEditor.QuickSearchModule:UnityEditor.Search:ASIAI0B
Importing 'GUID: 9b1a5759726ef9d39a0ab82047b615f1 - Path: Packages/com.unity.modules.hierarchycore/package.json - Importer: ScriptedImporter/UnityEditor.QuickSearchModule:UnityEditor.Search:ASIAI0B' with importer (ScriptedImporter : UnityEditor.QuickSearchModule:UnityEditor.Search:ASIAI0B)
Imported 'GUID: 9b1a5759726ef9d39a0ab82047b615f1' -> (Import Result ID: 'd2126d201eda334f8ff426dda6d3834a') in 0.001 seconds [static and dynamic dependencies]. Details - ImportResultOutputID=692503bc2b35eb7eb9fc44d88e8073fa DependenciesID=ede26acc0478db6c435a44e16a8cf3b7 StaticDependenciesID=fce92ec5282ed28456140216b3db54f3 
Number of updated asset objects reloaded before import = 0
Number of asset objects unloaded after import = 1
========================================================================
Received Import Request.
  Time of request: 2026-09-22T17:17:20.0902866Z
  Time since last request: 0.0001737 seconds.
  importAddress: GUID: 5598b14661b5f4c43bed757f34b6d172 - Path: Packages/com.unity.ide.rider/LICENSE.md - Importer: ScriptedImporter/UnityEditor.QuickSearchModule:UnityEditor.Search:ASIAI0B
Importing 'GUID: 5598b14661b5f4c43bed757f34b6d172 - Path: Packages/com.unity.ide.rider/LICENSE.md - Importer: ScriptedImporter/UnityEditor.QuickSearchModule:UnityEditor.Search:ASIAI0B' with importer (ScriptedImporter : UnityEditor.QuickSearchModule:UnityEditor.Search:ASIAI0B)
Imported 'GUID: 5598b14661b5f4c43bed757f34b6d172' -> (Import Result ID: '3dde2241bad4677ccd24fc55e87319c3') in 0.001 seconds [static and dynamic dependencies]. Details - ImportResultOutputID=63e1ae18a5bc5142326ef96224bf07fb DependenciesID=fc23b3c858b8981ec34b52231dcbf353 StaticDependenciesID=777dab8928612016158205f9c43e2537 
Number of updated asset objects reloaded before import = 0
Number of asset objects unloaded after import = 1
========================================================================
Received Import Request.
  Time of request: 2026-09-22T17:17:20.0912792Z
  Time since last request: 0.0001713 seconds.
  importAddress: GUID: 49284fdc918b491aa9f4439e6cc59c9c - Path: Packages/com.unity.test-framework/UnityEditor.TestRunner/TestRun/Tasks/Platform/PlatformSpecificSetupTask.cs - Importer: ScriptedImporter/UnityEditor.QuickSearchModule:UnityEditor.Search:ASIAI0B
Importing 'GUID: 49284fdc918b491aa9f4439e6cc59c9c - Path: Packages/com.unity.test-framework/UnityEditor.TestRunner/TestRun/Tasks/Platform/PlatformSpecificSetupTask.cs - Importer: ScriptedImporter/UnityEditor.QuickSearchModule:UnityEditor.Search:ASIAI0B' with importer (ScriptedImporter : UnityEditor.QuickSearchModule:UnityEditor.Search:ASIAI0B)
Imported 'GUID: 49284fdc918b491aa9f4439e6cc59c9c' -> (Import Result ID: 'd1709a88ef43e9bd8e66cf1cd22dc248') in 0.001 seconds [static and dynamic dependencies]. Details - ImportResultOutputID=65948f77d3bf0738fdcd93b707600c03 DependenciesID=8caf925e8e9200b5996019588c5d4816 StaticDependenciesID=8da7b7df587e5e5658ac1e6e5ee3eb06 
Number of updated asset objects reloaded before import = 0
Number of asset objects unloaded after import = 0
========================================================================
Received Import Request.
  Time of request: 2026-09-22T17:17:20.0922175Z
  Time since last request: 0.0001251 seconds.
  importAddress: GUID: ae87256f29d9c8b50490f4caf75b2c41 - Path: Packages/com.unity.modules.unitywebrequestwww/package.ModuleCompilationTrigger - Importer: ScriptedImporter/UnityEditor.QuickSearchModule:UnityEditor.Search:ASIAI0B
Importing 'GUID: ae87256f29d9c8b50490f4caf75b2c41 - Path: Packages/com.unity.modules.unitywebrequestwww/package.ModuleCompilationTrigger - Importer: ScriptedImporter/UnityEditor.QuickSearchModule:UnityEditor.Search:ASIAI0B' with importer (ScriptedImporter : UnityEditor.QuickSearchModule:UnityEditor.Search:ASIAI0B)
Imported 'GUID: ae87256f29d9c8b50490f4caf75b2c41' -> (Import Result ID: 'ca9657e113b497daef8965cfe753cedf') in 0.001 seconds [static and dynamic dependencies]. Details - ImportResultOutputID=38a339321c6a836574b4cbd08159ca3c DependenciesID=425cc14ee84f82a99a269933cfa03b06 StaticDependenciesID=d34b249b73710101e6e4599ae98075a9 
Number of updated asset objects reloaded before import = 0
Number of asset objects unloaded after import = 1
========================================================================
Received Import Request.
  Time of request: 2026-09-22T17:17:20.0932746Z
  Time since last request: 0.0001858 seconds.
  importAddress: GUID: 6dff66623000ef448ab68db41d803d95 - Path: Packages/com.unity.test-framework/UnityEditor.TestRunner/TestRun/Tasks/Scene/CreateNewSceneTask.cs - Importer: ScriptedImporter/UnityEditor.QuickSearchModule:UnityEditor.Search:ASIAI0B
Importing 'GUID: 6dff66623000ef448ab68db41d803d95 - Path: Packages/com.unity.test-framework/UnityEditor.TestRunner/TestRun/Tasks/Scene/CreateNewSceneTask.cs - Importer: ScriptedImporter/UnityEditor.QuickSearchModule:UnityEditor.Search:ASIAI0B' with importer (ScriptedImporter : UnityEditor.QuickSearchModule:UnityEditor.Search:ASIAI0B)
Imported 'GUID: 6dff66623000ef448ab68db41d803d95' -> (Import Result ID: '1a296b32e201f544e1a7e8fbf7cb41be') in 0.001 seconds [static and dynamic dependencies]. Details - ImportResultOutputID=79cdbc1d6359637999c5f46f07fdced3 DependenciesID=789bfc6b5ce3ee72a2091865b2aefa77 StaticDependenciesID=a9084289c41b9e5cd3e90de77cbdb60f 
Number of updated asset objects reloaded before import = 0
Number of asset objects unloaded after import = 0
========================================================================
Received Import Request.
  Time of request: 2026-09-22T17:17:20.0944045Z
  Time since last request: 0.0001912 seconds.
  importAddress: GUID: c5c78f2ef0d32a948bbb93266ef69a6a - Path: Packages/com.unity.test-framework/UnityEditor.TestRunner/TestRun/Tasks/Events/UpdateTestProgressTask.cs - Importer: ScriptedImporter/UnityEditor.QuickSearchModule:UnityEditor.Search:ASIAI0B
Importing 'GUID: c5c78f2ef0d32a948bbb93266ef69a6a - Path: Packages/com.unity.test-framework/UnityEditor.TestRunner/TestRun/Tasks/Events/UpdateTestProgressTask.cs - Importer: ScriptedImporter/UnityEditor.QuickSearchModule:UnityEditor.Search:ASIAI0B' with importer (ScriptedImporter : UnityEditor.QuickSearchModule:UnityEditor.Search:ASIAI0B)
Imported 'GUID: c5c78f2ef0d32a948bbb93266ef69a6a' -> (Import Result ID: 'b3cd61de213c5a655096676e8a3d5428') in 0.001 seconds [static and dynamic dependencies]. Details - ImportResultOutputID=2c75ad5181deb25cc32e877396f29f8d DependenciesID=52751b0504879cd9046612ea8e44d6d6 StaticDependenciesID=2b58d3c76858851a44bbc20e4c606e17 
Number of updated asset objects reloaded before import = 0
Number of asset objects unloaded after import = 0
========================================================================
Received Import Request.
  Time of request: 2026-09-22T17:17:20.0957496Z
  Time since last request: 0.0002129 seconds.
  importAddress: GUID: 5da62a0c1c5218c4aa16b74546a7822d - Path: Packages/com.unity.ext.nunit/README.md - Importer: ScriptedImporter/UnityEditor.QuickSearchModule:UnityEditor.Search:ASIAI0B
Importing 'GUID: 5da62a0c1c5218c4aa16b74546a7822d - Path: Packages/com.unity.ext.nunit/README.md - Importer: ScriptedImporter/UnityEditor.QuickSearchModule:UnityEditor.Search:ASIAI0B' with importer (ScriptedImporter : UnityEditor.QuickSearchModule:UnityEditor.Search:ASIAI0B)
Imported 'GUID: 5da62a0c1c5218c4aa16b74546a7822d' -> (Import Result ID: '5c04e4a469f4e8073cef6fb209313882') in 0.001 seconds [static and dynamic dependencies]. Details - ImportResultOutputID=553d74106901b28d7c8259855064363c DependenciesID=c4dfb201f9b9d6e95e4024b370004931 StaticDependenciesID=70f515c16df8b113445062cc9dfa40cb 
Number of updated asset objects reloaded before import = 0
Number of asset objects unloaded after import = 1
========================================================================
Received Import Request.
  Time of request: 2026-09-22T17:17:20.0968205Z
  Time since last request: 0.0001615 seconds.
  importAddress: GUID: 8d4bc6bfa28760b29f13174d6b6ea710 - Path: Packages/com.unity.modules.subsystems/package.ModuleCompilationTrigger - Importer: ScriptedImporter/UnityEditor.QuickSearchModule:UnityEditor.Search:ASIAI0B
Importing 'GUID: 8d4bc6bfa28760b29f13174d6b6ea710 - Path: Packages/com.unity.modules.subsystems/package.ModuleCompilationTrigger - Importer: ScriptedImporter/UnityEditor.QuickSearchModule:UnityEditor.Search:ASIAI0B' with importer (ScriptedImporter : UnityEditor.QuickSearchModule:UnityEditor.Search:ASIAI0B)
Imported 'GUID: 8d4bc6bfa28760b29f13174d6b6ea710' -> (Import Result ID: '47873a440f113c8d22c87321f6b7faa7') in 0.001 seconds [static and dynamic dependencies]. Details - ImportResultOutputID=dfd7be0dbdcc483dbb582c8979d31f6f DependenciesID=20d3e0228ec116a991158da2a82e3184 StaticDependenciesID=f6d7b18d27e2b345b1f7e91985f40ff2 
Number of updated asset objects reloaded before import = 0
Number of asset objects unloaded after import = 1
========================================================================
Received Import Request.
  Time of request: 2026-09-22T17:17:20.0978136Z
  Time since last request: 0.0001645 seconds.
  importAddress: GUID: 66c95bb3c74257f41bae2622511dc02d - Path: Packages/com.unity.ide.rider/package.json - Importer: ScriptedImporter/UnityEditor.QuickSearchModule:UnityEditor.Search:ASIAI0B
Importing 'GUID: 66c95bb3c74257f41bae2622511dc02d - Path: Packages/com.unity.ide.rider/package.json - Importer: ScriptedImporter/UnityEditor.QuickSearchModule:UnityEditor.Search:ASIAI0B' with importer (ScriptedImporter : UnityEditor.QuickSearchModule:UnityEditor.Search:ASIAI0B)
Imported 'GUID: 66c95bb3c74257f41bae2622511dc02d' -> (Import Result ID: '0860c68e579cd630d6c8eb440248c486') in 0.001 seconds [static and dynamic dependencies]. Details - ImportResultOutputID=a5647786f711080fbb625a7e6f55d791 DependenciesID=40188b5b2970bff30fb0dfcc798c8e60 StaticDependenciesID=920e359ae3e0b298b84c063b1aa83ce8 
Number of updated asset objects reloaded before import = 0
Number of asset objects unloaded after import = 1
========================================================================
Received Import Request.
  Time of request: 2026-09-22T17:17:20.098882Z
  Time since last request: 0.0001689 seconds.
  importAddress: GUID: 311d065aced2092409deadf0c0934f61 - Path: Packages/com.unity.test-framework/UnityEditor.TestRunner/TestRun/Tasks/Events/RegisterCallbackDelegatorEventsTask.cs - Importer: ScriptedImporter/UnityEditor.QuickSearchModule:UnityEditor.Search:ASIAI0B
Importing 'GUID: 311d065aced2092409deadf0c0934f61 - Path: Packages/com.unity.test-framework/UnityEditor.TestRunner/TestRun/Tasks/Events/RegisterCallbackDelegatorEventsTask.cs - Importer: ScriptedImporter/UnityEditor.QuickSearchModule:UnityEditor.Search:ASIAI0B' with importer (ScriptedImporter : UnityEditor.QuickSearchModule:UnityEditor.Search:ASIAI0B)
Imported 'GUID: 311d065aced2092409deadf0c0934f61' -> (Import Result ID: '336d1489b76d63cf8d94017e19bfd2fa') in 0.001 seconds [static and dynamic dependencies]. Details - ImportResultOutputID=6221341eef7ba78f2e17c2b79df6232c DependenciesID=7df77f6c03a95651c5c64a1ed1bcbb65 StaticDependenciesID=fd5f51e2405d011f9d0bb2e3454782f2 
Number of updated asset objects reloaded before import = 0
Number of asset objects unloaded after import = 0
========================================================================
Received Import Request.
  Time of request: 2026-09-22T17:17:20.0999511Z
  Time since last request: 0.0001901 seconds.
  importAddress: GUID: 5e83f8baac96eaa47bdd9ca781cd2002 - Path: Packages/com.unity.ide.rider/CONTRIBUTING.md - Importer: ScriptedImporter/UnityEditor.QuickSearchModule:UnityEditor.Search:ASIAI0B
Importing 'GUID: 5e83f8baac96eaa47bdd9ca781cd2002 - Path: Packages/com.unity.ide.rider/CONTRIBUTING.md - Importer: ScriptedImporter/UnityEditor.QuickSearchModule:UnityEditor.Search:ASIAI0B' with importer (ScriptedImporter : UnityEditor.QuickSearchModule:UnityEditor.Search:ASIAI0B)
Imported 'GUID: 5e83f8baac96eaa47bdd9ca781cd2002' -> (Import Result ID: '992de843eef7c1552ffce80846b148ab') in 0.001 seconds [static and dynamic dependencies]. Details - ImportResultOutputID=0aa9e96ac2b3c315d6998c1c3e7ca76f DependenciesID=f7647d2985bd9a5eab78d9b668d8319d StaticDependenciesID=eb3f9965fca74c3b8788bb63b0e9ee11 
Number of updated asset objects reloaded before import = 0
Number of asset objects unloaded after import = 1
========================================================================
Received Import Request.
  Time of request: 2026-09-22T17:17:20.1009733Z
  Time since last request: 0.0001418 seconds.
  importAddress: GUID: c24a1e88fc49dce47930834ff9997443 - Path: Packages/com.unity.test-framework/UnityEditor.TestRunner/TestRun/Tasks/Scene/ISceneWrapper.cs - Importer: ScriptedImporter/UnityEditor.QuickSearchModule:UnityEditor.Search:ASIAI0B
Importing 'GUID: c24a1e88fc49dce47930834ff9997443 - Path: Packages/com.unity.test-framework/UnityEditor.TestRunner/TestRun/Tasks/Scene/ISceneWrapper.cs - Importer: ScriptedImporter/UnityEditor.QuickSearchModule:UnityEditor.Search:ASIAI0B' with importer (ScriptedImporter : UnityEditor.QuickSearchModule:UnityEditor.Search:ASIAI0B)
Imported 'GUID: c24a1e88fc49dce47930834ff9997443' -> (Import Result ID: 'b18b0566dd744ddf02459f098161c196') in 0.001 seconds [static and dynamic dependencies]. Details - ImportResultOutputID=a036f8573dbd74799abc6cd3951aa3ca DependenciesID=9119383480db66efc68eff7b05e6d255 StaticDependenciesID=183cb89e0d5ccb608d4957b678694490 
Number of updated asset objects reloaded before import = 0
Number of asset objects unloaded after import = 0
========================================================================
Received Import Request.
  Time of request: 2026-09-22T17:17:20.1019359Z
  Time since last request: 0.0001632 seconds.
  importAddress: GUID: 8645aa9c3c74fb34ba9499e14fb332b5 - Path: Packages/com.unity.ide.rider/CHANGELOG.md - Importer: ScriptedImporter/UnityEditor.QuickSearchModule:UnityEditor.Search:ASIAI0B
Importing 'GUID: 8645aa9c3c74fb34ba9499e14fb332b5 - Path: Packages/com.unity.ide.rider/CHANGELOG.md - Importer: ScriptedImporter/UnityEditor.QuickSearchModule:UnityEditor.Search:ASIAI0B' with importer (ScriptedImporter : UnityEditor.QuickSearchModule:UnityEditor.Search:ASIAI0B)
Imported 'GUID: 8645aa9c3c74fb34ba9499e14fb332b5' -> (Import Result ID: '7bfcea8df1e980f51c5578c68da95b4c') in 0.001 seconds [static and dynamic dependencies]. Details - ImportResultOutputID=14c0025fec76e37daf3d7b291f2c72f6 DependenciesID=307349553ecb62b6d0ff94cd8127d73f StaticDependenciesID=d74259226170dd72a145a4397da2ee1a 
Number of updated asset objects reloaded before import = 0
Number of asset objects unloaded after import = 1
========================================================================
Received Import Request.
  Time of request: 2026-09-22T17:17:20.1030155Z
  Time since last request: 0.0001527 seconds.
  importAddress: GUID: 17f093324b67f5bd57e55b546736750e - Path: Packages/com.unity.modules.particlesystem/package.ModuleCompilationTrigger - Importer: ScriptedImporter/UnityEditor.QuickSearchModule:UnityEditor.Search:ASIAI0B
Importing 'GUID: 17f093324b67f5bd57e55b546736750e - Path: Packages/com.unity.modules.particlesystem/package.ModuleCompilationTrigger - Importer: ScriptedImporter/UnityEditor.QuickSearchModule:UnityEditor.Search:ASIAI0B' with importer (ScriptedImporter : UnityEditor.QuickSearchModule:UnityEditor.Search:ASIAI0B)
Imported 'GUID: 17f093324b67f5bd57e55b546736750e' -> (Import Result ID: '8980255e39cb8850d7a7919a3af1b286') in 0.001 seconds [static and dynamic dependencies]. Details - ImportResultOutputID=eb9548f6e07e4b141d553dc4de11e637 DependenciesID=c1b3658cbfc760858fcb4c49f50c787d StaticDependenciesID=41b46886aed079ac71cc088b84c00ed7 
Number of updated asset objects reloaded before import = 0
Number of asset objects unloaded after import = 1
========================================================================
Received Import Request.
  Time of request: 2026-09-22T17:17:20.1040707Z
  Time since last request: 0.0001714 seconds.
  importAddress: GUID: 87d720faa37005c08600090e04d8c739 - Path: Packages/com.unity.modules.particlesystem/package.json - Importer: ScriptedImporter/UnityEditor.QuickSearchModule:UnityEditor.Search:ASIAI0B
Importing 'GUID: 87d720faa37005c08600090e04d8c739 - Path: Packages/com.unity.modules.particlesystem/package.json - Importer: ScriptedImporter/UnityEditor.QuickSearchModule:UnityEditor.Search:ASIAI0B' with importer (ScriptedImporter : UnityEditor.QuickSearchModule:UnityEditor.Search:ASIAI0B)
Imported 'GUID: 87d720faa37005c08600090e04d8c739' -> (Import Result ID: 'ce00e86b3f468e786d7c02a6acf74499') in 0.001 seconds [static and dynamic dependencies]. Details - ImportResultOutputID=ce3a6831766ec68c2d563d115ddae6b1 DependenciesID=f0bf63d216d4b4b672143471f37fdc26 StaticDependenciesID=7fe37d95eb4424dccaf9253b907ab74c 
Number of updated asset objects reloaded before import = 0
Number of asset objects unloaded after import = 1
========================================================================
Received Import Request.
  Time of request: 2026-09-22T17:17:20.1049013Z
  Time since last request: 0.000122 seconds.
  importAddress: GUID: fe4aef60e4ace544c8430da8ef8acba2 - Path: Packages/com.unity.test-framework/UnityEngine.TestRunner/Utils/AssemblyProvider/IScriptingRuntimeProxy.cs - Importer: ScriptedImporter/UnityEditor.QuickSearchModule:UnityEditor.Search:ASIAI0B
Importing 'GUID: fe4aef60e4ace544c8430da8ef8acba2 - Path: Packages/com.unity.test-framework/UnityEngine.TestRunner/Utils/AssemblyProvider/IScriptingRuntimeProxy.cs - Importer: ScriptedImporter/UnityEditor.QuickSearchModule:UnityEditor.Search:ASIAI0B' with importer (ScriptedImporter : UnityEditor.QuickSearchModule:UnityEditor.Search:ASIAI0B)
Imported 'GUID: fe4aef60e4ace544c8430da8ef8acba2' -> (Import Result ID: 'dcb368d1182b3a183cfda516bc9d0530') in 0.001 seconds [static and dynamic dependencies]. Details - ImportResultOutputID=5d633a9daf35eac28ab411d53be3f0ed DependenciesID=2bedbde3e82b0c539073917de1e927ff StaticDependenciesID=310b39d90921691806777654e76c2524 
Number of updated asset objects reloaded before import = 0
Number of asset objects unloaded after import = 0
========================================================================
Received Import Request.
  Time of request: 2026-09-22T17:17:20.1058694Z
  Time since last request: 0.0001328 seconds.
  importAddress: GUID: e2d09a26ce46dc617b54e49a534ace20 - Path: Packages/com.unity.modules.ai/package.ModuleCompilationTrigger - Importer: ScriptedImporter/UnityEditor.QuickSearchModule:UnityEditor.Search:ASIAI0B
Importing 'GUID: e2d09a26ce46dc617b54e49a534ace20 - Path: Packages/com.unity.modules.ai/package.ModuleCompilationTrigger - Importer: ScriptedImporter/UnityEditor.QuickSearchModule:UnityEditor.Search:ASIAI0B' with importer (ScriptedImporter : UnityEditor.QuickSearchModule:UnityEditor.Search:ASIAI0B)
Imported 'GUID: e2d09a26ce46dc617b54e49a534ace20' -> (Import Result ID: 'd37db7428cc3fddb8c7392e757660d92') in 0.001 seconds [static and dynamic dependencies]. Details - ImportResultOutputID=e0e7f8c2c1d7230ba0168e833700c13e DependenciesID=2e7f0bee6dd4ca5c3ddc63a81919a2ef StaticDependenciesID=7c16edf7291df62f1be250db19e93daf 
Number of updated asset objects reloaded before import = 0
Number of asset objects unloaded after import = 1
========================================================================
Received Import Request.
  Time of request: 2026-09-22T17:17:20.1069838Z
  Time since last request: 0.0001953 seconds.
  importAddress: GUID: e59094b434ebb46e6844f02ec9c4dc42 - Path: Packages/com.unity.ext.nunit/net472/unity-custom/nunit.framework.dll - Importer: ScriptedImporter/UnityEditor.QuickSearchModule:UnityEditor.Search:ASIAI0B
Importing 'GUID: e59094b434ebb46e6844f02ec9c4dc42 - Path: Packages/com.unity.ext.nunit/net472/unity-custom/nunit.framework.dll - Importer: ScriptedImporter/UnityEditor.QuickSearchModule:UnityEditor.Search:ASIAI0B' with importer (ScriptedImporter : UnityEditor.QuickSearchModule:UnityEditor.Search:ASIAI0B)
Imported 'GUID: e59094b434ebb46e6844f02ec9c4dc42' -> (Import Result ID: '895cd50506f8bd552ebb521502c06310') in 0.011 seconds [static and dynamic dependencies]. Details - ImportResultOutputID=78d91b8109a54bdc4a163c0aff0c4a07 DependenciesID=f4c828f509f1e60e17f34fbfdc9476e5 StaticDependenciesID=00bbcb250c516b7a78ffa74c22935044 
Number of updated asset objects reloaded before import = 0
Number of asset objects unloaded after import = 0
========================================================================
Received Import Request.
  Time of request: 2026-09-22T17:17:20.1181377Z
  Time since last request: 0.0004354 seconds.
  importAddress: GUID: a8ea9765889ae054c9b32cce583af855 - Path: Packages/com.unity.test-framework/UnityEditor.TestRunner/TestRun/Tasks/Events/RunFinishedInvocationEvent.cs - Importer: ScriptedImporter/UnityEditor.QuickSearchModule:UnityEditor.Search:ASIAI0B
Importing 'GUID: a8ea9765889ae054c9b32cce583af855 - Path: Packages/com.unity.test-framework/UnityEditor.TestRunner/TestRun/Tasks/Events/RunFinishedInvocationEvent.cs - Importer: ScriptedImporter/UnityEditor.QuickSearchModule:UnityEditor.Search:ASIAI0B' with importer (ScriptedImporter : UnityEditor.QuickSearchModule:UnityEditor.Search:ASIAI0B)
Imported 'GUID: a8ea9765889ae054c9b32cce583af855' -> (Import Result ID: '2742a8b05f294176f726944a68d67a34') in 0.003 seconds [static and dynamic dependencies]. Details - ImportResultOutputID=5f4db7b134d948fc6906bc3f8cecc55c DependenciesID=7e23e66d6876ecac7cb0d794a82014cf StaticDependenciesID=3389b79840b52904a0b5e405b5365441 
Number of updated asset objects reloaded before import = 0
Number of asset objects unloaded after import = 0
========================================================================
Received Import Request.
  Time of request: 2026-09-22T17:17:20.1211348Z
  Time since last request: 0.0002587 seconds.
  importAddress: GUID: 57e7d752d8e6494b9aca2f2724b98761 - Path: Packages/com.unity.test-framework/UnityEditor.TestRunner/TestRun/Tasks/Platform/PlatformSpecificSuccessfulBuildTask.cs - Importer: ScriptedImporter/UnityEditor.QuickSearchModule:UnityEditor.Search:ASIAI0B
Importing 'GUID: 57e7d752d8e6494b9aca2f2724b98761 - Path: Packages/com.unity.test-framework/UnityEditor.TestRunner/TestRun/Tasks/Platform/PlatformSpecificSuccessfulBuildTask.cs - Importer: ScriptedImporter/UnityEditor.QuickSearchModule:UnityEditor.Search:ASIAI0B' with importer (ScriptedImporter : UnityEditor.QuickSearchModule:UnityEditor.Search:ASIAI0B)
Imported 'GUID: 57e7d752d8e6494b9aca2f2724b98761' -> (Import Result ID: 'c7cc8908f5ae3346596ca3d5b07057b2') in 0.001 seconds [static and dynamic dependencies]. Details - ImportResultOutputID=ac4dfc1e9c94b06b7de754254c31cd30 DependenciesID=a3b30c36f192d2db87457154bc7f7916 StaticDependenciesID=4dc58ce3fe06bb96749095d949a37e34 
Number of updated asset objects reloaded before import = 0
Number of asset objects unloaded after import = 0
========================================================================
Received Import Request.
  Time of request: 2026-09-22T17:17:20.1226157Z
  Time since last request: 0.0002469 seconds.
  importAddress: GUID: 006c3457e983424bbdead50009cd0e00 - Path: Packages/com.unity.test-framework/UnityEditor.TestRunner/TestRun/Tasks/Player/DetermineRuntimePlatformTask.cs - Importer: ScriptedImporter/UnityEditor.QuickSearchModule:UnityEditor.Search:ASIAI0B
Importing 'GUID: 006c3457e983424bbdead50009cd0e00 - Path: Packages/com.unity.test-framework/UnityEditor.TestRunner/TestRun/Tasks/Player/DetermineRuntimePlatformTask.cs - Importer: ScriptedImporter/UnityEditor.QuickSearchModule:UnityEditor.Search:ASIAI0B' with importer (ScriptedImporter : UnityEditor.QuickSearchModule:UnityEditor.Search:ASIAI0B)
Imported 'GUID: 006c3457e983424bbdead50009cd0e00' -> (Import Result ID: '58a79a0c7a666ccf47073700871bccc2') in 0.001 seconds [static and dynamic dependencies]. Details - ImportResultOutputID=59d99fd1a86e1411945ab0fdb9a21b3b DependenciesID=ce38d3906effeaeb3110f87db46fe3ac StaticDependenciesID=02d9769d3e4344d6f9f77d1c40c8fc88 
Number of updated asset objects reloaded before import = 0
Number of asset objects unloaded after import = 0
========================================================================
Received Import Request.
  Time of request: 2026-09-22T17:17:20.1243225Z
  Time since last request: 0.0002135 seconds.
  importAddress: GUID: d104359075a97392b803d3d5aebc77f7 - Path: Packages/com.unity.modules.hierarchycore/package.ModuleCompilationTrigger - Importer: ScriptedImporter/UnityEditor.QuickSearchModule:UnityEditor.Search:ASIAI0B
Importing 'GUID: d104359075a97392b803d3d5aebc77f7 - Path: Packages/com.unity.modules.hierarchycore/package.ModuleCompilationTrigger - Importer: ScriptedImporter/UnityEditor.QuickSearchModule:UnityEditor.Search:ASIAI0B' with importer (ScriptedImporter : UnityEditor.QuickSearchModule:UnityEditor.Search:ASIAI0B)
Imported 'GUID: d104359075a97392b803d3d5aebc77f7' -> (Import Result ID: '3272c4d4178abb8bd500595175dc0bc9') in 0.001 seconds [static and dynamic dependencies]. Details - ImportResultOutputID=90d3bc910d374a8d00830c2b578146aa DependenciesID=3f2b9aa28b22592b405c20d02bf3121f StaticDependenciesID=20ec31f47fa34b227910388c00f85f09 
Number of updated asset objects reloaded before import = 0
Number of asset objects unloaded after import = 1
========================================================================
Received Import Request.
  Time of request: 2026-09-22T17:17:20.1256663Z
  Time since last request: 0.0001939 seconds.
  importAddress: GUID: d528c8c98d269ca44a06cd9624a03945 - Path: Packages/com.unity.ide.rider/Rider/Editor/com.unity.ide.rider.asmdef - Importer: ScriptedImporter/UnityEditor.QuickSearchModule:UnityEditor.Search:ASIAI0B
Importing 'GUID: d528c8c98d269ca44a06cd9624a03945 - Path: Packages/com.unity.ide.rider/Rider/Editor/com.unity.ide.rider.asmdef - Importer: ScriptedImporter/UnityEditor.QuickSearchModule:UnityEditor.Search:ASIAI0B' with importer (ScriptedImporter : UnityEditor.QuickSearchModule:UnityEditor.Search:ASIAI0B)
Imported 'GUID: d528c8c98d269ca44a06cd9624a03945' -> (Import Result ID: '7d1323ce7a91de0c740e5ee0363b79ea') in 0.001 seconds [static and dynamic dependencies]. Details - ImportResultOutputID=5bc7e5625d66e6a30dbdd94e749887dd DependenciesID=26d1fbb3ee7b183e3cddbda89e1ed867 StaticDependenciesID=12d1da68e12b98df41d44b59a7f4681d 
Number of updated asset objects reloaded before import = 0
Number of asset objects unloaded after import = 1
========================================================================
Received Import Request.
  Time of request: 2026-09-22T17:17:20.1268461Z
  Time since last request: 0.0002304 seconds.
  importAddress: GUID: f62135e79edb837b2d2ee3c524da864c - Path: Packages/com.unity.modules.video/package.ModuleCompilationTrigger - Importer: ScriptedImporter/UnityEditor.QuickSearchModule:UnityEditor.Search:ASIAI0B
Importing 'GUID: f62135e79edb837b2d2ee3c524da864c - Path: Packages/com.unity.modules.video/package.ModuleCompilationTrigger - Importer: ScriptedImporter/UnityEditor.QuickSearchModule:UnityEditor.Search:ASIAI0B' with importer (ScriptedImporter : UnityEditor.QuickSearchModule:UnityEditor.Search:ASIAI0B)
Imported 'GUID: f62135e79edb837b2d2ee3c524da864c' -> (Import Result ID: 'bad4b09498f324af8994d2d0472bdfa0') in 0.001 seconds [static and dynamic dependencies]. Details - ImportResultOutputID=e9e1a70e5dab6ede15ce44ac015c1559 DependenciesID=70392509994ea38eff8be2c0a2506972 StaticDependenciesID=2bd4b4d39ca5d893fcd2ff2a54f828e1 
Number of updated asset objects reloaded before import = 0
Number of asset objects unloaded after import = 1
========================================================================
Received Import Request.
  Time of request: 2026-09-22T17:17:20.1285394Z
  Time since last request: 0.0002447 seconds.
  importAddress: GUID: 8a752aaaadd2410dd9a84e01c1bace9f - Path: Packages/com.unity.modules.uielements/package.ModuleCompilationTrigger - Importer: ScriptedImporter/UnityEditor.QuickSearchModule:UnityEditor.Search:ASIAI0B
Importing 'GUID: 8a752aaaadd2410dd9a84e01c1bace9f - Path: Packages/com.unity.modules.uielements/package.ModuleCompilationTrigger - Importer: ScriptedImporter/UnityEditor.QuickSearchModule:UnityEditor.Search:ASIAI0B' with importer (ScriptedImporter : UnityEditor.QuickSearchModule:UnityEditor.Search:ASIAI0B)
Imported 'GUID: 8a752aaaadd2410dd9a84e01c1bace9f' -> (Import Result ID: 'ffc5b611fe8d5d913285bdba60c64589') in 0.001 seconds [static and dynamic dependencies]. Details - ImportResultOutputID=c75d9ebcba4b290c332ebd7693ea0ea2 DependenciesID=c5bf2a38557f036046dbce675d82ed87 StaticDependenciesID=35dfe791e53225291e18c695a538c073 
Number of updated asset objects reloaded before import = 0
Number of asset objects unloaded after import = 1
========================================================================
Received Import Request.
  Time of request: 2026-09-22T17:17:20.1299244Z
  Time since last request: 0.0002173 seconds.
  importAddress: GUID: 8143d3a8390f2c64685e3bc272bd9e90 - Path: Packages/com.unity.ext.nunit/package.json - Importer: ScriptedImporter/UnityEditor.QuickSearchModule:UnityEditor.Search:ASIAI0B
Importing 'GUID: 8143d3a8390f2c64685e3bc272bd9e90 - Path: Packages/com.unity.ext.nunit/package.json - Importer: ScriptedImporter/UnityEditor.QuickSearchModule:UnityEditor.Search:ASIAI0B' with importer (ScriptedImporter : UnityEditor.QuickSearchModule:UnityEditor.Search:ASIAI0B)
Imported 'GUID: 8143d3a8390f2c64685e3bc272bd9e90' -> (Import Result ID: 'a22fbf737ba9913cfc47366b1bf4ce02') in 0.001 seconds [static and dynamic dependencies]. Details - ImportResultOutputID=54989898058e04f71fa82080690221c9 DependenciesID=e34ae562cbcb6239c6c5965f0db2a8c9 StaticDependenciesID=b4ad7680d937e97da45ce88468861aea 
Number of updated asset objects reloaded before import = 0
Number of asset objects unloaded after import = 1
========================================================================
Received Import Request.
  Time of request: 2026-09-22T17:17:20.1310533Z
  Time since last request: 0.0002385 seconds.
  importAddress: GUID: 59267e29055f657429098a57e13debe1 - Path: Packages/com.unity.test-framework/UnityEditor.TestRunner/TestRun/Tasks/Events/RunStartedInvocationEvent.cs - Importer: ScriptedImporter/UnityEditor.QuickSearchModule:UnityEditor.Search:ASIAI0B
Importing 'GUID: 59267e29055f657429098a57e13debe1 - Path: Packages/com.unity.test-framework/UnityEditor.TestRunner/TestRun/Tasks/Events/RunStartedInvocationEvent.cs - Importer: ScriptedImporter/UnityEditor.QuickSearchModule:UnityEditor.Search:ASIAI0B' with importer (ScriptedImporter : UnityEditor.QuickSearchModule:UnityEditor.Search:ASIAI0B)
Imported 'GUID: 59267e29055f657429098a57e13debe1' -> (Import Result ID: 'a011bcc54c526a6648a4665e6c9acf3c') in 0.001 seconds [static and dynamic dependencies]. Details - ImportResultOutputID=01affce6e4ac02db785b97dd06b6242b DependenciesID=39c06a16330a31c51fa527ba2b65f389 StaticDependenciesID=1ba57ae204fbd41c175b4bb8458dce8c 
Number of updated asset objects reloaded before import = 0
Number of asset objects unloaded after import = 0
========================================================================
Received Import Request.
  Time of request: 2026-09-22T17:17:20.1327337Z
  Time since last request: 0.0002016 seconds.
  importAddress: GUID: e9df95f53f1c1d0c9199e235d6c42b50 - Path: Packages/com.unity.modules.audio/package.json - Importer: ScriptedImporter/UnityEditor.QuickSearchModule:UnityEditor.Search:ASIAI0B
Importing 'GUID: e9df95f53f1c1d0c9199e235d6c42b50 - Path: Packages/com.unity.modules.audio/package.json - Importer: ScriptedImporter/UnityEditor.QuickSearchModule:UnityEditor.Search:ASIAI0B' with importer (ScriptedImporter : UnityEditor.QuickSearchModule:UnityEditor.Search:ASIAI0B)
Imported 'GUID: e9df95f53f1c1d0c9199e235d6c42b50' -> (Import Result ID: 'd7f96b4f787aaf37eebe80e3b550747e') in 0.001 seconds [static and dynamic dependencies]. Details - ImportResultOutputID=d29d798c36344b285c66d5e1c05c67f1 DependenciesID=aaf399446e13d4edcd5eabfe2655facf StaticDependenciesID=21c4a12975874c6dbbcc48b32662e0cb 
Number of updated asset objects reloaded before import = 0
Number of asset objects unloaded after import = 1
========================================================================
Received Import Request.
  Time of request: 2026-09-22T17:17:20.133951Z
  Time since last request: 0.0001898 seconds.
  importAddress: GUID: 2c814623cb42764d304be0c5ddd03ceb - Path: Packages/com.unity.modules.xr/package.json - Importer: ScriptedImporter/UnityEditor.QuickSearchModule:UnityEditor.Search:ASIAI0B
Importing 'GUID: 2c814623cb42764d304be0c5ddd03ceb - Path: Packages/com.unity.modules.xr/package.json - Importer: ScriptedImporter/UnityEditor.QuickSearchModule:UnityEditor.Search:ASIAI0B' with importer (ScriptedImporter : UnityEditor.QuickSearchModule:UnityEditor.Search:ASIAI0B)
Imported 'GUID: 2c814623cb42764d304be0c5ddd03ceb' -> (Import Result ID: 'ac73bfabd3f551aa44916cf4b9987b46') in 0.001 seconds [static and dynamic dependencies]. Details - ImportResultOutputID=d9648d0924b505eee1a488269a38c72f DependenciesID=e86becab272ed2c1a7e766b8c5b67c38 StaticDependenciesID=f1a93d6735979a143829cf2ff7442362 
Number of updated asset objects reloaded before import = 0
Number of asset objects unloaded after import = 1
========================================================================
Received Import Request.
  Time of request: 2026-09-22T17:17:20.1354495Z
  Time since last request: 0.0002181 seconds.
  importAddress: GUID: 164c9b1458eaab743a4b45c37a4d720d - Path: Packages/com.unity.test-framework/UnityEngine.TestRunner/Utils/MonoBehaviourTest/MonoBehaviourTest.cs - Importer: ScriptedImporter/UnityEditor.QuickSearchModule:UnityEditor.Search:ASIAI0B
Importing 'GUID: 164c9b1458eaab743a4b45c37a4d720d - Path: Packages/com.unity.test-framework/UnityEngine.TestRunner/Utils/MonoBehaviourTest/MonoBehaviourTest.cs - Importer: ScriptedImporter/UnityEditor.QuickSearchModule:UnityEditor.Search:ASIAI0B' with importer (ScriptedImporter : UnityEditor.QuickSearchModule:UnityEditor.Search:ASIAI0B)
Imported 'GUID: 164c9b1458eaab743a4b45c37a4d720d' -> (Import Result ID: 'f8c65ac0d9ea834705819f4f20868d8c') in 0.002 seconds [static and dynamic dependencies]. Details - ImportResultOutputID=a5fafd608db2e2de1f0b71ecdc55048d DependenciesID=a0996205246a894dc15a52ea0278abfc StaticDependenciesID=7b8bdeb4a900f90671dedab796ee69f8 
Number of updated asset objects reloaded before import = 0
Number of asset objects unloaded after import = 0
========================================================================
Received Import Request.
  Time of request: 2026-09-22T17:17:20.1376378Z
  Time since last request: 0.000265 seconds.
  importAddress: GUID: e5c46c19ce0ce2e0103aa6f82df1043a - Path: Packages/com.unity.modules.vehicles/package.ModuleCompilationTrigger - Importer: ScriptedImporter/UnityEditor.QuickSearchModule:UnityEditor.Search:ASIAI0B
Importing 'GUID: e5c46c19ce0ce2e0103aa6f82df1043a - Path: Packages/com.unity.modules.vehicles/package.ModuleCompilationTrigger - Importer: ScriptedImporter/UnityEditor.QuickSearchModule:UnityEditor.Search:ASIAI0B' with importer (ScriptedImporter : UnityEditor.QuickSearchModule:UnityEditor.Search:ASIAI0B)
Imported 'GUID: e5c46c19ce0ce2e0103aa6f82df1043a' -> (Import Result ID: '0d2c3d4bfd1a0089f2c995f0386d9aa2') in 0.002 seconds [static and dynamic dependencies]. Details - ImportResultOutputID=1561d837d524d6359c01b0263bc51387 DependenciesID=bf13ec170d1a52751f508ba9488e0ab3 StaticDependenciesID=86a804281c97643fb9b80f9cc4bb216b 
Number of updated asset objects reloaded before import = 0
Number of asset objects unloaded after import = 1
========================================================================
Received Import Request.
  Time of request: 2026-09-22T17:17:20.1399152Z
  Time since last request: 0.0004427 seconds.
  importAddress: GUID: c7a8b0317f4e68556d7509828e9e211e - Path: Packages/com.unity.modules.xr/package.ModuleCompilationTrigger - Importer: ScriptedImporter/UnityEditor.QuickSearchModule:UnityEditor.Search:ASIAI0B
Importing 'GUID: c7a8b0317f4e68556d7509828e9e211e - Path: Packages/com.unity.modules.xr/package.ModuleCompilationTrigger - Importer: ScriptedImporter/UnityEditor.QuickSearchModule:UnityEditor.Search:ASIAI0B' with importer (ScriptedImporter : UnityEditor.QuickSearchModule:UnityEditor.Search:ASIAI0B)
Imported 'GUID: c7a8b0317f4e68556d7509828e9e211e' -> (Import Result ID: '22c95645597b9251c2f27b9b226007a8') in 0.002 seconds [static and dynamic dependencies]. Details - ImportResultOutputID=437e6df76868b9a128b48e461e14f45a DependenciesID=3cdcd736590ffe737f6b00b0f71e603d StaticDependenciesID=d18fd096906ccce9975fb264d4f80a5b 
Number of updated asset objects reloaded before import = 0
Number of asset objects unloaded after import = 1
========================================================================
Received Import Request.
  Time of request: 2026-09-22T17:17:20.1419475Z
  Time since last request: 0.0002037 seconds.
  importAddress: GUID: 830a36a23cf3ab1e61fa47940a6dc35e - Path: Packages/com.unity.modules.imageconversion/package.ModuleCompilationTrigger - Importer: ScriptedImporter/UnityEditor.QuickSearchModule:UnityEditor.Search:ASIAI0B
Importing 'GUID: 830a36a23cf3ab1e61fa47940a6dc35e - Path: Packages/com.unity.modules.imageconversion/package.ModuleCompilationTrigger - Importer: ScriptedImporter/UnityEditor.QuickSearchModule:UnityEditor.Search:ASIAI0B' with importer (ScriptedImporter : UnityEditor.QuickSearchModule:UnityEditor.Search:ASIAI0B)
Imported 'GUID: 830a36a23cf3ab1e61fa47940a6dc35e' -> (Import Result ID: '76afc2c004192fe43c2e00a3d025be28') in 0.001 seconds [static and dynamic dependencies]. Details - ImportResultOutputID=6c58ac56e1e9048a10a39d4a49a78a93 DependenciesID=6fae22eba22b00371dc2926a1d07d59d StaticDependenciesID=d0d047621dc2bb37a1f20367f5d1810c 
Number of updated asset objects reloaded before import = 0
Number of asset objects unloaded after import = 1
========================================================================
Received Import Request.
  Time of request: 2026-09-22T17:17:20.1435568Z
  Time since last request: 0.000223 seconds.
  importAddress: GUID: f49bbe06ffa5ae24abe32abdab430c24 - Path: Packages/com.unity.ext.nunit/CHANGELOG.md - Importer: ScriptedImporter/UnityEditor.QuickSearchModule:UnityEditor.Search:ASIAI0B
Importing 'GUID: f49bbe06ffa5ae24abe32abdab430c24 - Path: Packages/com.unity.ext.nunit/CHANGELOG.md - Importer: ScriptedImporter/UnityEditor.QuickSearchModule:UnityEditor.Search:ASIAI0B' with importer (ScriptedImporter : UnityEditor.QuickSearchModule:UnityEditor.Search:ASIAI0B)
Imported 'GUID: f49bbe06ffa5ae24abe32abdab430c24' -> (Import Result ID: '7018eddc53061655ad4189aee545a42b') in 0.001 seconds [static and dynamic dependencies]. Details - ImportResultOutputID=53cdc0b4eb70e4f2ea830c462d57ab4f DependenciesID=170b4e7996bc776faec2245b0bd063ab StaticDependenciesID=07e5c26ac9cae2d9016c460f4c9ad330 
Number of updated asset objects reloaded before import = 0
Number of asset objects unloaded after import = 1
========================================================================
Received Import Request.
  Time of request: 2026-09-22T17:17:20.1449313Z
  Time since last request: 0.0002131 seconds.
  importAddress: GUID: 953fab16d15d5885b3600fcd6388b2ad - Path: Packages/com.unity.modules.imageconversion/package.json - Importer: ScriptedImporter/UnityEditor.QuickSearchModule:UnityEditor.Search:ASIAI0B
Importing 'GUID: 953fab16d15d5885b3600fcd6388b2ad - Path: Packages/com.unity.modules.imageconversion/package.json - Importer: ScriptedImporter/UnityEditor.QuickSearchModule:UnityEditor.Search:ASIAI0B' with importer (ScriptedImporter : UnityEditor.QuickSearchModule:UnityEditor.Search:ASIAI0B)
Imported 'GUID: 953fab16d15d5885b3600fcd6388b2ad' -> (Import Result ID: 'fe9334368dc5342b871c1d699c025c30') in 0.001 seconds [static and dynamic dependencies]. Details - ImportResultOutputID=9b49f185760583fef736ebf2965a6e94 DependenciesID=6f07701b4557a3eec7f38014e0653f46 StaticDependenciesID=77b77da71dcbb1496dbb36b8f9eee917 
Number of updated asset objects reloaded before import = 0
Number of asset objects unloaded after import = 1
========================================================================
Received Import Request.
  Time of request: 2026-09-22T17:17:20.1462351Z
  Time since last request: 0.000168 seconds.
  importAddress: GUID: 6afb166a156df2d20433d981f4bb2832 - Path: Packages/com.unity.modules.vehicles/package.json - Importer: ScriptedImporter/UnityEditor.QuickSearchModule:UnityEditor.Search:ASIAI0B
Importing 'GUID: 6afb166a156df2d20433d981f4bb2832 - Path: Packages/com.unity.modules.vehicles/package.json - Importer: ScriptedImporter/UnityEditor.QuickSearchModule:UnityEditor.Search:ASIAI0B' with importer (ScriptedImporter : UnityEditor.QuickSearchModule:UnityEditor.Search:ASIAI0B)
Imported 'GUID: 6afb166a156df2d20433d981f4bb2832' -> (Import Result ID: 'e4ea9ebd5adee07473adc243c6fec280') in 0.001 seconds [static and dynamic dependencies]. Details - ImportResultOutputID=60ac925160e133ecd47fa5236a6d63c6 DependenciesID=0fe2c9c4459f68c16494f1a843a6517c StaticDependenciesID=09dbcb230f0fc22607a65261943872e8 
Number of updated asset objects reloaded before import = 0
Number of asset objects unloaded after import = 1
========================================================================
Received Import Request.
  Time of request: 2026-09-22T17:17:20.1473698Z
  Time since last request: 0.0001193 seconds.
  importAddress: GUID: 646cce3bdb8d461d980d11d729ab3312 - Path: Packages/com.unity.test-framework/UnityEditor.TestRunner/TestRun/Tasks/Platform/PlatformSpecificPostBuildTask.cs - Importer: ScriptedImporter/UnityEditor.QuickSearchModule:UnityEditor.Search:ASIAI0B
Importing 'GUID: 646cce3bdb8d461d980d11d729ab3312 - Path: Packages/com.unity.test-framework/UnityEditor.TestRunner/TestRun/Tasks/Platform/PlatformSpecificPostBuildTask.cs - Importer: ScriptedImporter/UnityEditor.QuickSearchModule:UnityEditor.Search:ASIAI0B' with importer (ScriptedImporter : UnityEditor.QuickSearchModule:UnityEditor.Search:ASIAI0B)
Imported 'GUID: 646cce3bdb8d461d980d11d729ab3312' -> (Import Result ID: '5e5cd26043e807dd06ad827ba0943e2a') in 0.001 seconds [static and dynamic dependencies]. Details - ImportResultOutputID=02bbef7d6bc3d58787714cb5c3790104 DependenciesID=3e896dae6391d53cb2cd9ed31eb748a8 StaticDependenciesID=b914aeb3f76a8b804ee49ae5c4efde05 
Number of updated asset objects reloaded before import = 0
Number of asset objects unloaded after import = 0
========================================================================
Received Import Request.
  Time of request: 2026-09-22T17:17:20.1487064Z
  Time since last request: 0.0002528 seconds.
  importAddress: GUID: a002d3737b873954395b7cf862873ab8 - Path: Packages/com.unity.test-framework/UnityEngine.TestRunner/Utils/MonoBehaviourTest/IMonoBehaviourTest.cs - Importer: ScriptedImporter/UnityEditor.QuickSearchModule:UnityEditor.Search:ASIAI0B
Importing 'GUID: a002d3737b873954395b7cf862873ab8 - Path: Packages/com.unity.test-framework/UnityEngine.TestRunner/Utils/MonoBehaviourTest/IMonoBehaviourTest.cs - Importer: ScriptedImporter/UnityEditor.QuickSearchModule:UnityEditor.Search:ASIAI0B' with importer (ScriptedImporter : UnityEditor.QuickSearchModule:UnityEditor.Search:ASIAI0B)
Imported 'GUID: a002d3737b873954395b7cf862873ab8' -> (Import Result ID: '992aecb4b51e7b413a56b7791cfd243a') in 0.001 seconds [static and dynamic dependencies]. Details - ImportResultOutputID=31177dc5c015348063e826350c45e1c4 DependenciesID=066e577d788443fe23089ca8226ca35b StaticDependenciesID=7e19fc1a390b6d8dc1ea54fba1cd1052 
Number of updated asset objects reloaded before import = 0
Number of asset objects unloaded after import = 0
========================================================================
Received Import Request.
  Time of request: 2026-09-22T17:17:20.1497271Z
  Time since last request: 0.0001855 seconds.
  importAddress: GUID: f9bd02a3a916be64c9b47b1305149423 - Path: Packages/com.unity.ide.rider/Rider/Editor/EditorPluginInterop.cs - Importer: ScriptedImporter/UnityEditor.QuickSearchModule:UnityEditor.Search:ASIAI0B
Importing 'GUID: f9bd02a3a916be64c9b47b1305149423 - Path: Packages/com.unity.ide.rider/Rider/Editor/EditorPluginInterop.cs - Importer: ScriptedImporter/UnityEditor.QuickSearchModule:UnityEditor.Search:ASIAI0B' with importer (ScriptedImporter : UnityEditor.QuickSearchModule:UnityEditor.Search:ASIAI0B)
Imported 'GUID: f9bd02a3a916be64c9b47b1305149423' -> (Import Result ID: 'c7007c905c4cfb87c53936310def11d2') in 0.001 seconds [static and dynamic dependencies]. Details - ImportResultOutputID=fbbd6428644dc9d829ed1bd95171665f DependenciesID=29716f777d65f72fe0958fa6887f350d StaticDependenciesID=8d830633389c4540c040b7cc881b9f50 
Number of updated asset objects reloaded before import = 0
Number of asset objects unloaded after import = 0
========================================================================
Received Import Request.
  Time of request: 2026-09-22T17:17:20.1507836Z
  Time since last request: 0.0001769 seconds.
  importAddress: GUID: d85e5eeaf8f135aeaaebdc8aa3cff6c3 - Path: Packages/com.unity.modules.umbra/package.json - Importer: ScriptedImporter/UnityEditor.QuickSearchModule:UnityEditor.Search:ASIAI0B
Importing 'GUID: d85e5eeaf8f135aeaaebdc8aa3cff6c3 - Path: Packages/com.unity.modules.umbra/package.json - Importer: ScriptedImporter/UnityEditor.QuickSearchModule:UnityEditor.Search:ASIAI0B' with importer (ScriptedImporter : UnityEditor.QuickSearchModule:UnityEditor.Search:ASIAI0B)
Imported 'GUID: d85e5eeaf8f135aeaaebdc8aa3cff6c3' -> (Import Result ID: '76bf7955d68a93826010efb209865a94') in 0.001 seconds [static and dynamic dependencies]. Details - ImportResultOutputID=9e8570e8361dac5484fc5f77f2f3ca96 DependenciesID=57a9288dcc505ba7a0bfa09ce72d572e StaticDependenciesID=f483542f6531c4b2651cea175bd17d4a 
Number of updated asset objects reloaded before import = 0
Number of asset objects unloaded after import = 1
========================================================================
Received Import Request.
  Time of request: 2026-09-22T17:17:20.1516923Z
  Time since last request: 0.0001428 seconds.
  importAddress: GUID: dab656c79e1985c40b31faebcda44442 - Path: Packages/com.unity.ide.rider/Rider/Editor/Discovery.cs - Importer: ScriptedImporter/UnityEditor.QuickSearchModule:UnityEditor.Search:ASIAI0B
Importing 'GUID: dab656c79e1985c40b31faebcda44442 - Path: Packages/com.unity.ide.rider/Rider/Editor/Discovery.cs - Importer: ScriptedImporter/UnityEditor.QuickSearchModule:UnityEditor.Search:ASIAI0B' with importer (ScriptedImporter : UnityEditor.QuickSearchModule:UnityEditor.Search:ASIAI0B)
Imported 'GUID: dab656c79e1985c40b31faebcda44442' -> (Import Result ID: '78cc057537ab205a93c2867ad644d391') in 0.001 seconds [static and dynamic dependencies]. Details - ImportResultOutputID=6a5228e9755dc18f0df4e3e048a6f6f6 DependenciesID=48ab8420c1cbabacf6a91ee813156dee StaticDependenciesID=b870da3fff6db94914cf8a6bc2c91186 
Number of updated asset objects reloaded before import = 0
Number of asset objects unloaded after import = 0
========================================================================
Received Import Request.
  Time of request: 2026-09-22T17:17:20.1526259Z
  Time since last request: 0.0001512 seconds.
  importAddress: GUID: f0f13f2ab3d6d13cfc6e4656824bfca8 - Path: Packages/com.unity.modules.ai/package.json - Importer: ScriptedImporter/UnityEditor.QuickSearchModule:UnityEditor.Search:ASIAI0B
Importing 'GUID: f0f13f2ab3d6d13cfc6e4656824bfca8 - Path: Packages/com.unity.modules.ai/package.json - Importer: ScriptedImporter/UnityEditor.QuickSearchModule:UnityEditor.Search:ASIAI0B' with importer (ScriptedImporter : UnityEditor.QuickSearchModule:UnityEditor.Search:ASIAI0B)
Imported 'GUID: f0f13f2ab3d6d13cfc6e4656824bfca8' -> (Import Result ID: '1472f877ca65b01dd6d5321fe0709596') in 0.001 seconds [static and dynamic dependencies]. Details - ImportResultOutputID=b6d430de346a656f80b52b128aba41be DependenciesID=efda299db44b3e45ee0f4dbe714da488 StaticDependenciesID=97ba4f996f289a74cc29a037bcaca3fd 
Number of updated asset objects reloaded before import = 0
Number of asset objects unloaded after import = 1
========================================================================
Received Import Request.
  Time of request: 2026-09-22T17:17:20.1535475Z
  Time since last request: 0.0001653 seconds.
  importAddress: GUID: 5c4d36a13e7466e43940732365f53bf1 - Path: Packages/com.unity.test-framework/UnityEditor.TestRunner/TestRun/Tasks/Scene/StoreSceneSetupTask.cs - Importer: ScriptedImporter/UnityEditor.QuickSearchModule:UnityEditor.Search:ASIAI0B
Importing 'GUID: 5c4d36a13e7466e43940732365f53bf1 - Path: Packages/com.unity.test-framework/UnityEditor.TestRunner/TestRun/Tasks/Scene/StoreSceneSetupTask.cs - Importer: ScriptedImporter/UnityEditor.QuickSearchModule:UnityEditor.Search:ASIAI0B' with importer (ScriptedImporter : UnityEditor.QuickSearchModule:UnityEditor.Search:ASIAI0B)
Imported 'GUID: 5c4d36a13e7466e43940732365f53bf1' -> (Import Result ID: 'd528be21c996e4d3663cef2b73dca2af') in 0.001 seconds [static and dynamic dependencies]. Details - ImportResultOutputID=5695943367cd782e557427c7e1b7dc2c DependenciesID=bbe87016c19e25d5373f54afa40aee2e StaticDependenciesID=348f8f755f77572452ea7a6856427e75 
Number of updated asset objects reloaded before import = 0
Number of asset objects unloaded after import = 0
========================================================================
Received Import Request.
  Time of request: 2026-09-22T17:17:20.1544813Z
  Time since last request: 0.0001305 seconds.
  importAddress: GUID: 43c24fd91e60170469bfb8d79c565ad3 - Path: Packages/com.unity.test-framework/UnityEditor.TestRunner/TestRun/Tasks/Scene/SceneWrapper.cs - Importer: ScriptedImporter/UnityEditor.QuickSearchModule:UnityEditor.Search:ASIAI0B
Importing 'GUID: 43c24fd91e60170469bfb8d79c565ad3 - Path: Packages/com.unity.test-framework/UnityEditor.TestRunner/TestRun/Tasks/Scene/SceneWrapper.cs - Importer: ScriptedImporter/UnityEditor.QuickSearchModule:UnityEditor.Search:ASIAI0B' with importer (ScriptedImporter : UnityEditor.QuickSearchModule:UnityEditor.Search:ASIAI0B)
Imported 'GUID: 43c24fd91e60170469bfb8d79c565ad3' -> (Import Result ID: '77f3b762365e05a8813df5f0b862a2c0') in 0.001 seconds [static and dynamic dependencies]. Details - ImportResultOutputID=01fc86861a8f5cd91f0f0bce36948fb5 DependenciesID=f0992d7393f7fdbd974e67d7e725a3aa StaticDependenciesID=aeaa6d05d8bcc88eff204cd076f9e9c4 
Number of updated asset objects reloaded before import = 0
Number of asset objects unloaded after import = 0
========================================================================
Received Import Request.
  Time of request: 2026-09-22T17:17:20.1553261Z
  Time since last request: 0.000099 seconds.
  importAddress: GUID: d9b3520efe42f4ee887f8b99b7e1deae - Path: Packages/com.unity.test-framework/UnityEditor.TestRunner/TestRun/Tasks/Events/RegisterTestRunCallbackEventsTask.cs - Importer: ScriptedImporter/UnityEditor.QuickSearchModule:UnityEditor.Search:ASIAI0B
Importing 'GUID: d9b3520efe42f4ee887f8b99b7e1deae - Path: Packages/com.unity.test-framework/UnityEditor.TestRunner/TestRun/Tasks/Events/RegisterTestRunCallbackEventsTask.cs - Importer: ScriptedImporter/UnityEditor.QuickSearchModule:UnityEditor.Search:ASIAI0B' with importer (ScriptedImporter : UnityEditor.QuickSearchModule:UnityEditor.Search:ASIAI0B)
Imported 'GUID: d9b3520efe42f4ee887f8b99b7e1deae' -> (Import Result ID: '78fc70e084329f723c1489f58753a4c8') in 0.001 seconds [static and dynamic dependencies]. Details - ImportResultOutputID=1cd522b5de507d29b9c22924913a9f6a DependenciesID=305e2549d0dbadd1c894f5dabec7c09e StaticDependenciesID=1967f203fd437532293db1841af13cd6 
Number of updated asset objects reloaded before import = 0
Number of asset objects unloaded after import = 0
========================================================================
Received Import Request.
  Time of request: 2026-09-22T17:17:20.1570397Z
  Time since last request: 0.0001586 seconds.
  importAddress: GUID: 1b6246f2248883964991eac9e9b4817c - Path: Packages/com.unity.modules.umbra/package.ModuleCompilationTrigger - Importer: ScriptedImporter/UnityEditor.QuickSearchModule:UnityEditor.Search:ASIAI0B
Importing 'GUID: 1b6246f2248883964991eac9e9b4817c - Path: Packages/com.unity.modules.umbra/package.ModuleCompilationTrigger - Importer: ScriptedImporter/UnityEditor.QuickSearchModule:UnityEditor.Search:ASIAI0B' with importer (ScriptedImporter : UnityEditor.QuickSearchModule:UnityEditor.Search:ASIAI0B)
Imported 'GUID: 1b6246f2248883964991eac9e9b4817c' -> (Import Result ID: 'd1f853fdd8e1a14ef36bca6a8d97f200') in 0.001 seconds [static and dynamic dependencies]. Details - ImportResultOutputID=5521de294f31c603d8f8d4f8627ca12b DependenciesID=a0b28249d7d091f549f213b220868a8f StaticDependenciesID=0999fa7bb55e4b556a0fb20a4b05f116 
Number of updated asset objects reloaded before import = 0
Number of asset objects unloaded after import = 1
========================================================================
Received Import Request.
  Time of request: 2026-09-22T17:17:20.1580564Z
  Time since last request: 0.0001753 seconds.
  importAddress: GUID: e02e76bfece9a28408e2e7dcb2e14b8f - Path: Packages/com.unity.test-framework/UnityEditor.TestRunner/TestRun/Tasks/Scene/RemoveAdditionalUntitledSceneTask.cs - Importer: ScriptedImporter/UnityEditor.QuickSearchModule:UnityEditor.Search:ASIAI0B
Importing 'GUID: e02e76bfece9a28408e2e7dcb2e14b8f - Path: Packages/com.unity.test-framework/UnityEditor.TestRunner/TestRun/Tasks/Scene/RemoveAdditionalUntitledSceneTask.cs - Importer: ScriptedImporter/UnityEditor.QuickSearchModule:UnityEditor.Search:ASIAI0B' with importer (ScriptedImporter : UnityEditor.QuickSearchModule:UnityEditor.Search:ASIAI0B)
Imported 'GUID: e02e76bfece9a28408e2e7dcb2e14b8f' -> (Import Result ID: 'ea55b295bffcaca47952c08adacba6af') in 0.001 seconds [static and dynamic dependencies]. Details - ImportResultOutputID=f56b88a3ee88891845138f6f289c1182 DependenciesID=dc5d079ba8da29a789fa68e3ea579464 StaticDependenciesID=cb8648f690b45d133d6951a803fa8d20 
Number of updated asset objects reloaded before import = 0
Number of asset objects unloaded after import = 0
========================================================================
Received Import Request.
  Time of request: 2026-09-22T17:17:20.1592811Z
  Time since last request: 0.0001755 seconds.
  importAddress: GUID: f91a00d2dca52b843b2d50ccf750737d - Path: Packages/com.unity.ext.nunit/LICENSE.md - Importer: ScriptedImporter/UnityEditor.QuickSearchModule:UnityEditor.Search:ASIAI0B
Importing 'GUID: f91a00d2dca52b843b2d50ccf750737d - Path: Packages/com.unity.ext.nunit/LICENSE.md - Importer: ScriptedImporter/UnityEditor.QuickSearchModule:UnityEditor.Search:ASIAI0B' with importer (ScriptedImporter : UnityEditor.QuickSearchModule:UnityEditor.Search:ASIAI0B)
Imported 'GUID: f91a00d2dca52b843b2d50ccf750737d' -> (Import Result ID: '34976c56c6e87fb87994ed7c05162654') in 0.001 seconds [static and dynamic dependencies]. Details - ImportResultOutputID=4f5ef47611b8d55063ebee37f91ef234 DependenciesID=2184d72d2c533c5201bfbbd058bbfa3f StaticDependenciesID=0f5a62c23d89a8c8c2f3a36fcd2fff5a 
Number of updated asset objects reloaded before import = 0
Number of asset objects unloaded after import = 1
========================================================================
Received Import Request.
  Time of request: 2026-09-22T17:17:20.1604091Z
  Time since last request: 0.000176 seconds.
  importAddress: GUID: 042dc296246916648e55a43d0eeb2036 - Path: Packages/com.unity.modules.audio/package.ModuleCompilationTrigger - Importer: ScriptedImporter/UnityEditor.QuickSearchModule:UnityEditor.Search:ASIAI0B
Importing 'GUID: 042dc296246916648e55a43d0eeb2036 - Path: Packages/com.unity.modules.audio/package.ModuleCompilationTrigger - Importer: ScriptedImporter/UnityEditor.QuickSearchModule:UnityEditor.Search:ASIAI0B' with importer (ScriptedImporter : UnityEditor.QuickSearchModule:UnityEditor.Search:ASIAI0B)
Imported 'GUID: 042dc296246916648e55a43d0eeb2036' -> (Import Result ID: 'c5c4620f932cac73f9c8f18b7c863ad0') in 0.001 seconds [static and dynamic dependencies]. Details - ImportResultOutputID=a908093ac20bfb5f58315f6a3ba05c27 DependenciesID=e5f44199b3a929e8d88cb6e7ad32ad7d StaticDependenciesID=3e37e13afb2dc58423d20390a56906ee 
Number of updated asset objects reloaded before import = 0
Number of asset objects unloaded after import = 1
========================================================================
Received Import Request.
  Time of request: 2026-09-22T17:17:20.1616648Z
  Time since last request: 0.000168 seconds.
  importAddress: GUID: bfcb3ba499f7d452b92d9a9cc3378788 - Path: Packages/com.unity.ext.nunit/Third Party Notices.md - Importer: ScriptedImporter/UnityEditor.QuickSearchModule:UnityEditor.Search:ASIAI0B
Importing 'GUID: bfcb3ba499f7d452b92d9a9cc3378788 - Path: Packages/com.unity.ext.nunit/Third Party Notices.md - Importer: ScriptedImporter/UnityEditor.QuickSearchModule:UnityEditor.Search:ASIAI0B' with importer (ScriptedImporter : UnityEditor.QuickSearchModule:UnityEditor.Search:ASIAI0B)
Imported 'GUID: bfcb3ba499f7d452b92d9a9cc3378788' -> (Import Result ID: 'dae36312d399580b26eb2fab7ff636cb') in 0.001 seconds [static and dynamic dependencies]. Details - ImportResultOutputID=3ea4981f12e54fb9478651838e7e02b3 DependenciesID=dd1452763082e53f8e915e69cbe30aa9 StaticDependenciesID=901bdab89cb96b2f8f7eb9d361a82df1 
Number of updated asset objects reloaded before import = 0
Number of asset objects unloaded after import = 1
========================================================================
Received Import Request.
  Time of request: 2026-09-22T17:17:20.1626988Z
  Time since last request: 0.0001908 seconds.
  importAddress: GUID: b6029123aa4ab4e0481a4b3ad8a15af9 - Path: Packages/com.unity.ide.rider/ValidationExceptions.json - Importer: ScriptedImporter/UnityEditor.QuickSearchModule:UnityEditor.Search:ASIAI0B
Importing 'GUID: b6029123aa4ab4e0481a4b3ad8a15af9 - Path: Packages/com.unity.ide.rider/ValidationExceptions.json - Importer: ScriptedImporter/UnityEditor.QuickSearchModule:UnityEditor.Search:ASIAI0B' with importer (ScriptedImporter : UnityEditor.QuickSearchModule:UnityEditor.Search:ASIAI0B)
Imported 'GUID: b6029123aa4ab4e0481a4b3ad8a15af9' -> (Import Result ID: 'a83a80cd62cf2672f83ae590e9f19f51') in 0.001 seconds [static and dynamic dependencies]. Details - ImportResultOutputID=627512c84834926a35a5d96c8d29e971 DependenciesID=46774ed773d7d272748318c404a9decd StaticDependenciesID=6603d9bd41186f80e4edf339f6dc574a 
Number of updated asset objects reloaded before import = 0
Number of asset objects unloaded after import = 1
========================================================================
Received Import Request.
  Time of request: 2026-09-22T17:17:20.1636527Z
  Time since last request: 0.0001977 seconds.
  importAddress: GUID: 30b312a167534621b316172253b08723 - Path: Packages/com.unity.modules.subsystems/package.json - Importer: ScriptedImporter/UnityEditor.QuickSearchModule:UnityEditor.Search:ASIAI0B
Importing 'GUID: 30b312a167534621b316172253b08723 - Path: Packages/com.unity.modules.subsystems/package.json - Importer: ScriptedImporter/UnityEditor.QuickSearchModule:UnityEditor.Search:ASIAI0B' with importer (ScriptedImporter : UnityEditor.QuickSearchModule:UnityEditor.Search:ASIAI0B)
Imported 'GUID: 30b312a167534621b316172253b08723' -> (Import Result ID: 'e4d8917faca63952b5bc41e03bbb970c') in 0.001 seconds [static and dynamic dependencies]. Details - ImportResultOutputID=b84327a2bab3bf076958731935179830 DependenciesID=11422a446cfb02c9c481285cb950c7dc StaticDependenciesID=f4f76ff93ec7ed53490ed9fdb95904a3 
Number of updated asset objects reloaded before import = 0
Number of asset objects unloaded after import = 1
========================================================================
Received Import Request.
  Time of request: 2026-09-22T17:17:20.1646715Z
  Time since last request: 0.0001772 seconds.
  importAddress: GUID: fa27413e9edb06a6058d6c894eca0338 - Path: Packages/com.unity.modules.unitywebrequestwww/package.json - Importer: ScriptedImporter/UnityEditor.QuickSearchModule:UnityEditor.Search:ASIAI0B
Importing 'GUID: fa27413e9edb06a6058d6c894eca0338 - Path: Packages/com.unity.modules.unitywebrequestwww/package.json - Importer: ScriptedImporter/UnityEditor.QuickSearchModule:UnityEditor.Search:ASIAI0B' with importer (ScriptedImporter : UnityEditor.QuickSearchModule:UnityEditor.Search:ASIAI0B)
Imported 'GUID: fa27413e9edb06a6058d6c894eca0338' -> (Import Result ID: 'd782136da14948e2ca22bfc07c886e8e') in 0.001 seconds [static and dynamic dependencies]. Details - ImportResultOutputID=038e6eb93f237bc32a16221075c74d60 DependenciesID=01313add14461bb2e280c829f23e4775 StaticDependenciesID=ba2d9a61582ad26adce919f841473ac4 
Number of updated asset objects reloaded before import = 0
Number of asset objects unloaded after import = 1
========================================================================
Received Import Request.
  Time of request: 2026-09-22T17:17:20.165645Z
  Time since last request: 0.000167 seconds.
  importAddress: GUID: 0f3326f97c0d472bac74dc480099f983 - Path: Packages/com.unity.test-framework/UnityEditor.TestRunner/TestRun/Tasks/Platform/PlatformSpecificCleanupTask.cs - Importer: ScriptedImporter/UnityEditor.QuickSearchModule:UnityEditor.Search:ASIAI0B
Importing 'GUID: 0f3326f97c0d472bac74dc480099f983 - Path: Packages/com.unity.test-framework/UnityEditor.TestRunner/TestRun/Tasks/Platform/PlatformSpecificCleanupTask.cs - Importer: ScriptedImporter/UnityEditor.QuickSearchModule:UnityEditor.Search:ASIAI0B' with importer (ScriptedImporter : UnityEditor.QuickSearchModule:UnityEditor.Search:ASIAI0B)
Imported 'GUID: 0f3326f97c0d472bac74dc480099f983' -> (Import Result ID: '3455d4c2b31f08f06a8a6a9563219a70') in 0.001 seconds [static and dynamic dependencies]. Details - ImportResultOutputID=d8ced6b16b323adb3ba4d4c18f6ebd51 DependenciesID=92c99d98fbd7efc117aaa2f16c3991b9 StaticDependenciesID=7762c119ab41b24d7a76e50667bb3bc5 
Number of updated asset objects reloaded before import = 0
Number of asset objects unloaded after import = 0
========================================================================
Received Import Request.
  Time of request: 2026-09-22T17:17:20.1747607Z
  Time since last request: 0.0082018 seconds.
  importAddress: GUID: f079e3afd077fb94fa2bda74d6409499 - Path: Packages/com.unity.ide.rider/Rider/Editor/RiderScriptEditorData.cs - Importer: ScriptedImporter/UnityEditor.QuickSearchModule:UnityEditor.Search:ASIAI0B
Importing 'GUID: f079e3afd077fb94fa2bda74d6409499 - Path: Packages/com.unity.ide.rider/Rider/Editor/RiderScriptEditorData.cs - Importer: ScriptedImporter/UnityEditor.QuickSearchModule:UnityEditor.Search:ASIAI0B' with importer (ScriptedImporter : UnityEditor.QuickSearchModule:UnityEditor.Search:ASIAI0B)
Imported 'GUID: f079e3afd077fb94fa2bda74d6409499' -> (Import Result ID: '29072d9c261bb34edee45855e3170a11') in 0.001 seconds [static and dynamic dependencies]. Details - ImportResultOutputID=37956aea94ee5c7be6323a403556f314 DependenciesID=7677cdffa8d0085bf1f89704ec04da09 StaticDependenciesID=3fa231174be2f4f4f09b0bff7fa6be0a 
Number of updated asset objects reloaded before import = 0
Number of asset objects unloaded after import = 0
========================================================================
Received Import Request.
  Time of request: 2026-09-22T17:17:20.1762015Z
  Time since last request: 0.0002479 seconds.
  importAddress: GUID: 45471ad7b8c1f964da5e3c07d57fbf4f - Path: Packages/com.unity.ide.rider/Rider/Editor/PostProcessors/RiderAssetPostprocessor.cs - Importer: ScriptedImporter/UnityEditor.QuickSearchModule:UnityEditor.Search:ASIAI0B
Importing 'GUID: 45471ad7b8c1f964da5e3c07d57fbf4f - Path: Packages/com.unity.ide.rider/Rider/Editor/PostProcessors/RiderAssetPostprocessor.cs - Importer: ScriptedImporter/UnityEditor.QuickSearchModule:UnityEditor.Search:ASIAI0B' with importer (ScriptedImporter : UnityEditor.QuickSearchModule:UnityEditor.Search:ASIAI0B)
Imported 'GUID: 45471ad7b8c1f964da5e3c07d57fbf4f' -> (Import Result ID: 'e6ef61502f8867fc2ded9a7d1e1b51fc') in 0.001 seconds [static and dynamic dependencies]. Details - ImportResultOutputID=1fa86d618fb21fb7448a10d3c43129b1 DependenciesID=59b171bfbef539413828492332a62826 StaticDependenciesID=1b4b1cc3c142547dceb529112309c59a 
Number of updated asset objects reloaded before import = 0
Number of asset objects unloaded after import = 0
========================================================================
Received Import Request.
  Time of request: 2026-09-22T17:17:20.1778395Z
  Time since last request: 0.0002073 seconds.
  importAddress: GUID: fe6a6957b37b61417b457a1e0541791d - Path: Packages/com.unity.modules.physics2d/package.ModuleCompilationTrigger - Importer: ScriptedImporter/UnityEditor.QuickSearchModule:UnityEditor.Search:ASIAI0B
Importing 'GUID: fe6a6957b37b61417b457a1e0541791d - Path: Packages/com.unity.modules.physics2d/package.ModuleCompilationTrigger - Importer: ScriptedImporter/UnityEditor.QuickSearchModule:UnityEditor.Search:ASIAI0B' with importer (ScriptedImporter : UnityEditor.QuickSearchModule:UnityEditor.Search:ASIAI0B)
Imported 'GUID: fe6a6957b37b61417b457a1e0541791d' -> (Import Result ID: '4759e211b633a5a72f72837f16fcb10b') in 0.001 seconds [static and dynamic dependencies]. Details - ImportResultOutputID=8edf7acde0809b61f154f1c9e3bb5dec DependenciesID=127c54ef8c38be9b40a8cf2204bc2de6 StaticDependenciesID=e6d2ca71c643a1a4290365c42470c9ef 
Number of updated asset objects reloaded before import = 0
Number of asset objects unloaded after import = 1
========================================================================
Received Import Request.
  Time of request: 2026-09-22T17:17:20.1790208Z
  Time since last request: 0.0001729 seconds.
  importAddress: GUID: 8472c6472e6d4301873871a9e8fcf952 - Path: Packages/com.unity.ide.rider/Rider/Editor/Properties/AssemblyInfo.cs - Importer: ScriptedImporter/UnityEditor.QuickSearchModule:UnityEditor.Search:ASIAI0B
Importing 'GUID: 8472c6472e6d4301873871a9e8fcf952 - Path: Packages/com.unity.ide.rider/Rider/Editor/Properties/AssemblyInfo.cs - Importer: ScriptedImporter/UnityEditor.QuickSearchModule:UnityEditor.Search:ASIAI0B' with importer (ScriptedImporter : UnityEditor.QuickSearchModule:UnityEditor.Search:ASIAI0B)
Imported 'GUID: 8472c6472e6d4301873871a9e8fcf952' -> (Import Result ID: 'bb2e584a8ec9c7dcdb41a4561b9cbd7d') in 0.001 seconds [static and dynamic dependencies]. Details - ImportResultOutputID=2efa1662b1003e9d2981235619849248 DependenciesID=04566fdab33cbe0842fad847b95529d5 StaticDependenciesID=545c100b4a495aab6b6a349b061a737d 
Number of updated asset objects reloaded before import = 0
Number of asset objects unloaded after import = 0
========================================================================
Received Import Request.
  Time of request: 2026-09-22T17:17:20.1801042Z
  Time since last request: 0.000176 seconds.
  importAddress: GUID: 4745d06d5a7ca576dcf9e5e67b417652 - Path: Packages/com.unity.modules.accessibility/package.ModuleCompilationTrigger - Importer: ScriptedImporter/UnityEditor.QuickSearchModule:UnityEditor.Search:ASIAI0B
Importing 'GUID: 4745d06d5a7ca576dcf9e5e67b417652 - Path: Packages/com.unity.modules.accessibility/package.ModuleCompilationTrigger - Importer: ScriptedImporter/UnityEditor.QuickSearchModule:UnityEditor.Search:ASIAI0B' with importer (ScriptedImporter : UnityEditor.QuickSearchModule:UnityEditor.Search:ASIAI0B)
Imported 'GUID: 4745d06d5a7ca576dcf9e5e67b417652' -> (Import Result ID: 'a61a2750f2b154be4b24f324cd424741') in 0.001 seconds [static and dynamic dependencies]. Details - ImportResultOutputID=b62fc53d5cfcaadfad920becd8495910 DependenciesID=7c84df2f5abb545cc707536a36e50d1f StaticDependenciesID=c6e68aae91e50a7e5fb0b3cf7011bcc0 
Number of updated asset objects reloaded before import = 0
Number of asset objects unloaded after import = 1
========================================================================
Received Import Request.
  Time of request: 2026-09-22T17:17:20.1812393Z
  Time since last request: 0.0002793 seconds.
  importAddress: GUID: 3e4e7fdc19414089a0fb43e43b1bdae1 - Path: Packages/com.unity.ide.rider/Rider/Editor/ProjectGeneration/SolutionGuidGenerator.cs - Importer: ScriptedImporter/UnityEditor.QuickSearchModule:UnityEditor.Search:ASIAI0B
Importing 'GUID: 3e4e7fdc19414089a0fb43e43b1bdae1 - Path: Packages/com.unity.ide.rider/Rider/Editor/ProjectGeneration/SolutionGuidGenerator.cs - Importer: ScriptedImporter/UnityEditor.QuickSearchModule:UnityEditor.Search:ASIAI0B' with importer (ScriptedImporter : UnityEditor.QuickSearchModule:UnityEditor.Search:ASIAI0B)
Imported 'GUID: 3e4e7fdc19414089a0fb43e43b1bdae1' -> (Import Result ID: 'b314856c7c7f5a70d42e6555cb3d3e69') in 0.001 seconds [static and dynamic dependencies]. Details - ImportResultOutputID=910dccde8129052f0f0cedb1ddf13050 DependenciesID=7409b617e391f956594e92f7df4d8f16 StaticDependenciesID=9b68c7d4b98ba05a6b80746721493e4b 
Number of updated asset objects reloaded before import = 0
Number of asset objects unloaded after import = 0
========================================================================
Received Import Request.
  Time of request: 2026-09-22T17:17:20.1823433Z
  Time since last request: 0.0001809 seconds.
  importAddress: GUID: 56f347f155204ffebacb6ed6f4a4e65f - Path: Packages/com.unity.ide.rider/Rider/Editor/RiderStyles.cs - Importer: ScriptedImporter/UnityEditor.QuickSearchModule:UnityEditor.Search:ASIAI0B
Importing 'GUID: 56f347f155204ffebacb6ed6f4a4e65f - Path: Packages/com.unity.ide.rider/Rider/Editor/RiderStyles.cs - Importer: ScriptedImporter/UnityEditor.QuickSearchModule:UnityEditor.Search:ASIAI0B' with importer (ScriptedImporter : UnityEditor.QuickSearchModule:UnityEditor.Search:ASIAI0B)
Imported 'GUID: 56f347f155204ffebacb6ed6f4a4e65f' -> (Import Result ID: '358644d949e81a5a50648c76aabba252') in 0.001 seconds [static and dynamic dependencies]. Details - ImportResultOutputID=7407deb68b6721ae1152b307f0d21cf7 DependenciesID=dc603c772c14673f5340d659ad237484 StaticDependenciesID=c60a16c759d6d682dc7d1316c1c85997 
Number of updated asset objects reloaded before import = 0
Number of asset objects unloaded after import = 0
========================================================================
Received Import Request.
  Time of request: 2026-09-22T17:17:20.1834117Z
  Time since last request: 0.000157 seconds.
  importAddress: GUID: 22608619ec9a4b1db7417e80c3123098 - Path: Packages/com.unity.ide.rider/Rider/Editor/Util/UnityVersionUtils.cs - Importer: ScriptedImporter/UnityEditor.QuickSearchModule:UnityEditor.Search:ASIAI0B
Importing 'GUID: 22608619ec9a4b1db7417e80c3123098 - Path: Packages/com.unity.ide.rider/Rider/Editor/Util/UnityVersionUtils.cs - Importer: ScriptedImporter/UnityEditor.QuickSearchModule:UnityEditor.Search:ASIAI0B' with importer (ScriptedImporter : UnityEditor.QuickSearchModule:UnityEditor.Search:ASIAI0B)
Imported 'GUID: 22608619ec9a4b1db7417e80c3123098' -> (Import Result ID: '28be27450b1b9e1165a5204d5b11f0af') in 0.001 seconds [static and dynamic dependencies]. Details - ImportResultOutputID=38695fa954fcbaab91ced1db4c3853ea DependenciesID=09510cc72a0e38226e1ae48edc81ee27 StaticDependenciesID=a8f7ab49a2886b66d26e2e346f3ecd4f 
Number of updated asset objects reloaded before import = 0
Number of asset objects unloaded after import = 0
========================================================================
Received Import Request.
  Time of request: 2026-09-22T17:17:20.1845157Z
  Time since last request: 0.0001548 seconds.
  importAddress: GUID: 48483563a64de3a4e8690122762055f1 - Path: Packages/com.unity.ide.rider/Rider/Editor/UnitTesting/SyncTestRunEventsHandler.cs - Importer: ScriptedImporter/UnityEditor.QuickSearchModule:UnityEditor.Search:ASIAI0B
Importing 'GUID: 48483563a64de3a4e8690122762055f1 - Path: Packages/com.unity.ide.rider/Rider/Editor/UnitTesting/SyncTestRunEventsHandler.cs - Importer: ScriptedImporter/UnityEditor.QuickSearchModule:UnityEditor.Search:ASIAI0B' with importer (ScriptedImporter : UnityEditor.QuickSearchModule:UnityEditor.Search:ASIAI0B)
Imported 'GUID: 48483563a64de3a4e8690122762055f1' -> (Import Result ID: 'df8f64a87b6789e1a129b5c97688611c') in 0.001 seconds [static and dynamic dependencies]. Details - ImportResultOutputID=25c36b738e6885213e8819201b5f88a2 DependenciesID=423be513238ef0b9b9b14fdf367ee352 StaticDependenciesID=329ebc58920a970db6b72d2b28ab34c9 
Number of updated asset objects reloaded before import = 0
Number of asset objects unloaded after import = 0
========================================================================
Received Import Request.
  Time of request: 2026-09-22T17:17:20.1855633Z
  Time since last request: 0.0001687 seconds.
  importAddress: GUID: 071c17858dc6c47ada7b2a1f1ded5402 - Path: Packages/com.unity.ide.rider/Rider/Editor/Util/LibcNativeInterop.cs - Importer: ScriptedImporter/UnityEditor.QuickSearchModule:UnityEditor.Search:ASIAI0B
Importing 'GUID: 071c17858dc6c47ada7b2a1f1ded5402 - Path: Packages/com.unity.ide.rider/Rider/Editor/Util/LibcNativeInterop.cs - Importer: ScriptedImporter/UnityEditor.QuickSearchModule:UnityEditor.Search:ASIAI0B' with importer (ScriptedImporter : UnityEditor.QuickSearchModule:UnityEditor.Search:ASIAI0B)
Imported 'GUID: 071c17858dc6c47ada7b2a1f1ded5402' -> (Import Result ID: 'b2b5df811afbd2cad460d2a0dd712d70') in 0.001 seconds [static and dynamic dependencies]. Details - ImportResultOutputID=8b525e2925971f398cf50af74a2523fd DependenciesID=0bd14c9ee66dcb7f456e3b4b5bc69615 StaticDependenciesID=30c02fa79a189bdd6c5ebd74bb014cae 
Number of updated asset objects reloaded before import = 0
Number of asset objects unloaded after import = 0
========================================================================
Received Import Request.
  Time of request: 2026-09-22T17:17:20.1866135Z
  Time since last request: 0.0001592 seconds.
  importAddress: GUID: a6ba838b1348d5e46a7eaacd1646c1d3 - Path: Packages/com.unity.ide.rider/Rider/Editor/ProjectGeneration/FileIOProvider.cs - Importer: ScriptedImporter/UnityEditor.QuickSearchModule:UnityEditor.Search:ASIAI0B
Importing 'GUID: a6ba838b1348d5e46a7eaacd1646c1d3 - Path: Packages/com.unity.ide.rider/Rider/Editor/ProjectGeneration/FileIOProvider.cs - Importer: ScriptedImporter/UnityEditor.QuickSearchModule:UnityEditor.Search:ASIAI0B' with importer (ScriptedImporter : UnityEditor.QuickSearchModule:UnityEditor.Search:ASIAI0B)
Imported 'GUID: a6ba838b1348d5e46a7eaacd1646c1d3' -> (Import Result ID: '304dd8976c950f0479c0d7120809ee6e') in 0.001 seconds [static and dynamic dependencies]. Details - ImportResultOutputID=fc2e80877c96bfac086000501fb153b3 DependenciesID=92fe6d0d54f983c66adabcc3f0bb2623 StaticDependenciesID=7a4c48ecb4bbe84b055bcdbb169e2f7d 
Number of updated asset objects reloaded before import = 0
Number of asset objects unloaded after import = 0
========================================================================
Received Import Request.
  Time of request: 2026-09-22T17:17:20.1875119Z
  Time since last request: 0.0001102 seconds.
  importAddress: GUID: 7019e230344c48d4b81602e2e978e5de - Path: Packages/com.unity.ide.rider/Rider/Editor/ProjectGeneration/LastWriteTracker.cs - Importer: ScriptedImporter/UnityEditor.QuickSearchModule:UnityEditor.Search:ASIAI0B
Importing 'GUID: 7019e230344c48d4b81602e2e978e5de - Path: Packages/com.unity.ide.rider/Rider/Editor/ProjectGeneration/LastWriteTracker.cs - Importer: ScriptedImporter/UnityEditor.QuickSearchModule:UnityEditor.Search:ASIAI0B' with importer (ScriptedImporter : UnityEditor.QuickSearchModule:UnityEditor.Search:ASIAI0B)
Imported 'GUID: 7019e230344c48d4b81602e2e978e5de' -> (Import Result ID: '6232170c6febb55d7bc6ad74be96fb0c') in 0.001 seconds [static and dynamic dependencies]. Details - ImportResultOutputID=017d49fa294b79961856a45f574f4485 DependenciesID=295982a3c9cf3540e35693d2fd260c51 StaticDependenciesID=56c04393cab109034a5237c7620ad6ea 
Number of updated asset objects reloaded before import = 0
Number of asset objects unloaded after import = 0
========================================================================
Received Import Request.
  Time of request: 2026-09-22T17:17:20.1886023Z
  Time since last request: 0.0001454 seconds.
  importAddress: GUID: ea3ec41b33345cd4f9298a51abdaa198 - Path: Packages/com.unity.ide.rider/Rider/Editor/JetBrains.Rider.PathLocator.dll - Importer: ScriptedImporter/UnityEditor.QuickSearchModule:UnityEditor.Search:ASIAI0B
Importing 'GUID: ea3ec41b33345cd4f9298a51abdaa198 - Path: Packages/com.unity.ide.rider/Rider/Editor/JetBrains.Rider.PathLocator.dll - Importer: ScriptedImporter/UnityEditor.QuickSearchModule:UnityEditor.Search:ASIAI0B' with importer (ScriptedImporter : UnityEditor.QuickSearchModule:UnityEditor.Search:ASIAI0B)
Imported 'GUID: ea3ec41b33345cd4f9298a51abdaa198' -> (Import Result ID: 'e9ff6ab006ab6eb37dfe480338e26bd9') in 0.002 seconds [static and dynamic dependencies]. Details - ImportResultOutputID=8d9c7097c7067ea843d52d7a39b622c9 DependenciesID=712eeab058b6d2801994e748f6bc066d StaticDependenciesID=2784beebd9619393f3f809afd474382c 
Number of updated asset objects reloaded before import = 0
Number of asset objects unloaded after import = 0
========================================================================
Received Import Request.
  Time of request: 2026-09-22T17:17:20.190594Z
  Time since last request: 0.0002607 seconds.
  importAddress: GUID: 3cc1ebf2abb7fef6871ad48f499b6e21 - Path: Packages/com.unity.modules.vectorgraphics/package.ModuleCompilationTrigger - Importer: ScriptedImporter/UnityEditor.QuickSearchModule:UnityEditor.Search:ASIAI0B
Importing 'GUID: 3cc1ebf2abb7fef6871ad48f499b6e21 - Path: Packages/com.unity.modules.vectorgraphics/package.ModuleCompilationTrigger - Importer: ScriptedImporter/UnityEditor.QuickSearchModule:UnityEditor.Search:ASIAI0B' with importer (ScriptedImporter : UnityEditor.QuickSearchModule:UnityEditor.Search:ASIAI0B)
Imported 'GUID: 3cc1ebf2abb7fef6871ad48f499b6e21' -> (Import Result ID: 'b90e8bb4d8aafe8b01460f371f0520ce') in 0.001 seconds [static and dynamic dependencies]. Details - ImportResultOutputID=3ee01489c94c0e0b758fc2ed2db86519 DependenciesID=4e435c0bc8e968bb9495deb4c0db3b7c StaticDependenciesID=2d34e4e9dcc8c0bd0277901bdc025c2f 
Number of updated asset objects reloaded before import = 0
Number of asset objects unloaded after import = 1
========================================================================
Received Import Request.
  Time of request: 2026-09-22T17:17:20.1916902Z
  Time since last request: 0.0001629 seconds.
  importAddress: GUID: 4d34a9510a5b9d21381c93e73867a193 - Path: Packages/com.unity.ide.rider/Rider/Editor/Util/RiderPathUtil.cs - Importer: ScriptedImporter/UnityEditor.QuickSearchModule:UnityEditor.Search:ASIAI0B
Importing 'GUID: 4d34a9510a5b9d21381c93e73867a193 - Path: Packages/com.unity.ide.rider/Rider/Editor/Util/RiderPathUtil.cs - Importer: ScriptedImporter/UnityEditor.QuickSearchModule:UnityEditor.Search:ASIAI0B' with importer (ScriptedImporter : UnityEditor.QuickSearchModule:UnityEditor.Search:ASIAI0B)
Imported 'GUID: 4d34a9510a5b9d21381c93e73867a193' -> (Import Result ID: 'a97d1a798deb1a0c68efa57badc51c0b') in 0.001 seconds [static and dynamic dependencies]. Details - ImportResultOutputID=83fa1ad3782d51d83424d0c1f13b2f63 DependenciesID=3d8d326200e07a676aa296b2461c52d0 StaticDependenciesID=73e810113386fae17604a352052bf1da 
Number of updated asset objects reloaded before import = 0
Number of asset objects unloaded after import = 0
========================================================================
Received Import Request.
  Time of request: 2026-09-22T17:17:20.1929499Z
  Time since last request: 0.0002476 seconds.
  importAddress: GUID: d2ec2d1228c8e67cdd913cb5609176a2 - Path: Packages/com.unity.modules.unitywebrequest/package.ModuleCompilationTrigger - Importer: ScriptedImporter/UnityEditor.QuickSearchModule:UnityEditor.Search:ASIAI0B
Importing 'GUID: d2ec2d1228c8e67cdd913cb5609176a2 - Path: Packages/com.unity.modules.unitywebrequest/package.ModuleCompilationTrigger - Importer: ScriptedImporter/UnityEditor.QuickSearchModule:UnityEditor.Search:ASIAI0B' with importer (ScriptedImporter : UnityEditor.QuickSearchModule:UnityEditor.Search:ASIAI0B)
Imported 'GUID: d2ec2d1228c8e67cdd913cb5609176a2' -> (Import Result ID: '7767da02d4faf356e16601b0adf99e9a') in 0.002 seconds [static and dynamic dependencies]. Details - ImportResultOutputID=cd7a6abbf009179ebfb7b424fef1b37d DependenciesID=50859ae72656734ed5f5a1e0d8727c23 StaticDependenciesID=b3265fb9e747d6b7d3e1cf4f440b1825 
Number of updated asset objects reloaded before import = 0
Number of asset objects unloaded after import = 1
========================================================================
Received Import Request.
  Time of request: 2026-09-22T17:17:20.1947627Z
  Time since last request: 0.0001731 seconds.
  importAddress: GUID: 302b1bdfb7a645db994491799832912b - Path: Packages/com.unity.ide.rider/Rider/Editor/Util/StringBuilderExtensions.cs - Importer: ScriptedImporter/UnityEditor.QuickSearchModule:UnityEditor.Search:ASIAI0B
Importing 'GUID: 302b1bdfb7a645db994491799832912b - Path: Packages/com.unity.ide.rider/Rider/Editor/Util/StringBuilderExtensions.cs - Importer: ScriptedImporter/UnityEditor.QuickSearchModule:UnityEditor.Search:ASIAI0B' with importer (ScriptedImporter : UnityEditor.QuickSearchModule:UnityEditor.Search:ASIAI0B)
Imported 'GUID: 302b1bdfb7a645db994491799832912b' -> (Import Result ID: '0f774a98f9974df5887339563359dbc9') in 0.001 seconds [static and dynamic dependencies]. Details - ImportResultOutputID=485aecbbd2f32a54e05817d69d2c6f7d DependenciesID=b14587e38171cd75a66eee4aa2796a2a StaticDependenciesID=f81e38e42cbd0d655d7c56f7f573be7f 
Number of updated asset objects reloaded before import = 0
Number of asset objects unloaded after import = 0
========================================================================
Received Import Request.
  Time of request: 2026-09-22T17:17:20.1957746Z
  Time since last request: 0.0001624 seconds.
  importAddress: GUID: 5eea837708474d7e9c1cb4b2eca0213f - Path: Packages/com.unity.ide.rider/Rider/Editor/ProjectGeneration/IAssemblyNameProvider.cs - Importer: ScriptedImporter/UnityEditor.QuickSearchModule:UnityEditor.Search:ASIAI0B
Importing 'GUID: 5eea837708474d7e9c1cb4b2eca0213f - Path: Packages/com.unity.ide.rider/Rider/Editor/ProjectGeneration/IAssemblyNameProvider.cs - Importer: ScriptedImporter/UnityEditor.QuickSearchModule:UnityEditor.Search:ASIAI0B' with importer (ScriptedImporter : UnityEditor.QuickSearchModule:UnityEditor.Search:ASIAI0B)
Imported 'GUID: 5eea837708474d7e9c1cb4b2eca0213f' -> (Import Result ID: '5aa1bcbfde955527549a397610ac5e9e') in 0.001 seconds [static and dynamic dependencies]. Details - ImportResultOutputID=6a8eb13d97c3bb690ba9447dafe3e3e8 DependenciesID=c19ffa68cc501115ee2f03c575c5c6be StaticDependenciesID=4b4d837095929f1c4d22534fcc9edd4f 
Number of updated asset objects reloaded before import = 0
Number of asset objects unloaded after import = 0
========================================================================
Received Import Request.
  Time of request: 2026-09-22T17:17:20.1967834Z
  Time since last request: 0.000236 seconds.
  importAddress: GUID: aa1c6b1a353ab464782fc1e7c051eb02 - Path: Packages/com.unity.ide.rider/Rider/Editor/UnitTesting/CallbackInitializer.cs - Importer: ScriptedImporter/UnityEditor.QuickSearchModule:UnityEditor.Search:ASIAI0B
Importing 'GUID: aa1c6b1a353ab464782fc1e7c051eb02 - Path: Packages/com.unity.ide.rider/Rider/Editor/UnitTesting/CallbackInitializer.cs - Importer: ScriptedImporter/UnityEditor.QuickSearchModule:UnityEditor.Search:ASIAI0B' with importer (ScriptedImporter : UnityEditor.QuickSearchModule:UnityEditor.Search:ASIAI0B)
Imported 'GUID: aa1c6b1a353ab464782fc1e7c051eb02' -> (Import Result ID: '2c3607c945c6037d465e172433db7364') in 0.001 seconds [static and dynamic dependencies]. Details - ImportResultOutputID=419677b1835edfe51155d796a156d526 DependenciesID=33643c71635aa940f8b4142ed5be8958 StaticDependenciesID=df93b3c7194db2835b2e139dabc8081c 
Number of updated asset objects reloaded before import = 0
Number of asset objects unloaded after import = 0
========================================================================
Received Import Request.
  Time of request: 2026-09-22T17:17:20.1978841Z
  Time since last request: 0.0001568 seconds.
  importAddress: GUID: 39cb9ab8a3b2452cbf58ffbea841d203 - Path: Packages/com.unity.ide.rider/Rider/Editor/ProjectGeneration/IGenerator.cs - Importer: ScriptedImporter/UnityEditor.QuickSearchModule:UnityEditor.Search:ASIAI0B
Importing 'GUID: 39cb9ab8a3b2452cbf58ffbea841d203 - Path: Packages/com.unity.ide.rider/Rider/Editor/ProjectGeneration/IGenerator.cs - Importer: ScriptedImporter/UnityEditor.QuickSearchModule:UnityEditor.Search:ASIAI0B' with importer (ScriptedImporter : UnityEditor.QuickSearchModule:UnityEditor.Search:ASIAI0B)
Imported 'GUID: 39cb9ab8a3b2452cbf58ffbea841d203' -> (Import Result ID: 'b5f1f18a8d051ab121082d0ca5ff163d') in 0.001 seconds [static and dynamic dependencies]. Details - ImportResultOutputID=ab0d4607625461c0488c1b73ba379ccb DependenciesID=bfd05b7b93cfb1f2bd3f1f7cea4d902d StaticDependenciesID=1c1d187674f3f30055ab7f907188a1b7 
Number of updated asset objects reloaded before import = 0
Number of asset objects unloaded after import = 0
========================================================================
Received Import Request.
  Time of request: 2026-09-22T17:17:20.1991187Z
  Time since last request: 0.000165 seconds.
  importAddress: GUID: 154ace4bd16de9f4e84052ac257786d6 - Path: Packages/com.unity.ide.rider/Rider/Editor/Util/CommandLineParser.cs - Importer: ScriptedImporter/UnityEditor.QuickSearchModule:UnityEditor.Search:ASIAI0B
Importing 'GUID: 154ace4bd16de9f4e84052ac257786d6 - Path: Packages/com.unity.ide.rider/Rider/Editor/Util/CommandLineParser.cs - Importer: ScriptedImporter/UnityEditor.QuickSearchModule:UnityEditor.Search:ASIAI0B' with importer (ScriptedImporter : UnityEditor.QuickSearchModule:UnityEditor.Search:ASIAI0B)
Imported 'GUID: 154ace4bd16de9f4e84052ac257786d6' -> (Import Result ID: '8c3642febabf62f14da6884dc3463ade') in 0.001 seconds [static and dynamic dependencies]. Details - ImportResultOutputID=605acaa7e7644fdc4d713756e56c2252 DependenciesID=25c356a861fd7b137d56fd3cf2bbd787 StaticDependenciesID=3b1c57d94f7b48f0234c9a8fac79d027 
Number of updated asset objects reloaded before import = 0
Number of asset objects unloaded after import = 0
========================================================================
Received Import Request.
  Time of request: 2026-09-22T17:17:20.2001147Z
  Time since last request: 0.0001487 seconds.
  importAddress: GUID: 1bdab5b8331b4506bf4eae379235c053 - Path: Packages/com.unity.ide.rider/Rider/Editor/ProjectGeneration/IFileIO.cs - Importer: ScriptedImporter/UnityEditor.QuickSearchModule:UnityEditor.Search:ASIAI0B
Importing 'GUID: 1bdab5b8331b4506bf4eae379235c053 - Path: Packages/com.unity.ide.rider/Rider/Editor/ProjectGeneration/IFileIO.cs - Importer: ScriptedImporter/UnityEditor.QuickSearchModule:UnityEditor.Search:ASIAI0B' with importer (ScriptedImporter : UnityEditor.QuickSearchModule:UnityEditor.Search:ASIAI0B)
Imported 'GUID: 1bdab5b8331b4506bf4eae379235c053' -> (Import Result ID: '525c801da796eda1879186959d1a513d') in 0.001 seconds [static and dynamic dependencies]. Details - ImportResultOutputID=203947839f2ee239fdc66acbac506b94 DependenciesID=89c599211195790fbfcea8549cfc961b StaticDependenciesID=f0fe8012d2cf5d755c7da2249401b219 
Number of updated asset objects reloaded before import = 0
Number of asset objects unloaded after import = 0
========================================================================
Received Import Request.
  Time of request: 2026-09-22T17:17:20.2010589Z
  Time since last request: 0.0001534 seconds.
  importAddress: GUID: f5a0cc9645f0e2d4fb816156dcf3f4dd - Path: Packages/com.unity.ide.rider/Rider/Editor/RiderInitializer.cs - Importer: ScriptedImporter/UnityEditor.QuickSearchModule:UnityEditor.Search:ASIAI0B
Importing 'GUID: f5a0cc9645f0e2d4fb816156dcf3f4dd - Path: Packages/com.unity.ide.rider/Rider/Editor/RiderInitializer.cs - Importer: ScriptedImporter/UnityEditor.QuickSearchModule:UnityEditor.Search:ASIAI0B' with importer (ScriptedImporter : UnityEditor.QuickSearchModule:UnityEditor.Search:ASIAI0B)
Imported 'GUID: f5a0cc9645f0e2d4fb816156dcf3f4dd' -> (Import Result ID: 'f3230c0dc960cac48cc1bc0340657d8c') in 0.001 seconds [static and dynamic dependencies]. Details - ImportResultOutputID=f53964c8cc3b096dce54fbe396c8e3b2 DependenciesID=53aebae198f2261f280d6a2bf2f44854 StaticDependenciesID=de4989f84e293f927b61653acee6ac42 
Number of updated asset objects reloaded before import = 0
Number of asset objects unloaded after import = 0
========================================================================
Received Import Request.
  Time of request: 2026-09-22T17:17:20.2019723Z
  Time since last request: 0.000145 seconds.
  importAddress: GUID: 58ab3828fb407c742a48b82bc5983a87 - Path: Packages/com.unity.ide.rider/Rider/Editor/UnitTesting/SyncTestRunCallback.cs - Importer: ScriptedImporter/UnityEditor.QuickSearchModule:UnityEditor.Search:ASIAI0B
Importing 'GUID: 58ab3828fb407c742a48b82bc5983a87 - Path: Packages/com.unity.ide.rider/Rider/Editor/UnitTesting/SyncTestRunCallback.cs - Importer: ScriptedImporter/UnityEditor.QuickSearchModule:UnityEditor.Search:ASIAI0B' with importer (ScriptedImporter : UnityEditor.QuickSearchModule:UnityEditor.Search:ASIAI0B)
Imported 'GUID: 58ab3828fb407c742a48b82bc5983a87' -> (Import Result ID: '156274ac6d21629759ee272b76fdc3f5') in 0.001 seconds [static and dynamic dependencies]. Details - ImportResultOutputID=d9231ac9565a64410c1fd6f20bf8585d DependenciesID=dd7247a5d349706800964f02b1804578 StaticDependenciesID=baf355d5fdefac53c95d5692cd5f3a43 
Number of updated asset objects reloaded before import = 0
Number of asset objects unloaded after import = 0
========================================================================
Received Import Request.
  Time of request: 2026-09-22T17:17:20.2029444Z
  Time since last request: 0.0001468 seconds.
  importAddress: GUID: a8860c53ca4073d4f92c403e709c12ba - Path: Packages/com.unity.ide.rider/Rider/Editor/Util/RiderMenu.cs - Importer: ScriptedImporter/UnityEditor.QuickSearchModule:UnityEditor.Search:ASIAI0B
Importing 'GUID: a8860c53ca4073d4f92c403e709c12ba - Path: Packages/com.unity.ide.rider/Rider/Editor/Util/RiderMenu.cs - Importer: ScriptedImporter/UnityEditor.QuickSearchModule:UnityEditor.Search:ASIAI0B' with importer (ScriptedImporter : UnityEditor.QuickSearchModule:UnityEditor.Search:ASIAI0B)
Imported 'GUID: a8860c53ca4073d4f92c403e709c12ba' -> (Import Result ID: 'ff49bae7d00f82bae28fbf8b86542118') in 0.001 seconds [static and dynamic dependencies]. Details - ImportResultOutputID=5c7e9022474e51855950501065cc7d2c DependenciesID=167a3b1cfd43046585d43e7489bf4e2f StaticDependenciesID=7d2c06c2d90a5ad04a4a27c38616f4b6 
Number of updated asset objects reloaded before import = 0
Number of asset objects unloaded after import = 0
========================================================================
Received Import Request.
  Time of request: 2026-09-22T17:17:20.2038425Z
  Time since last request: 0.0001477 seconds.
  importAddress: GUID: 56c8c6e437b14f8e9a91e9832c11bc1a - Path: Packages/com.unity.ide.rider/Rider/Editor/ProjectGeneration/AssemblyNameProvider.cs - Importer: ScriptedImporter/UnityEditor.QuickSearchModule:UnityEditor.Search:ASIAI0B
Importing 'GUID: 56c8c6e437b14f8e9a91e9832c11bc1a - Path: Packages/com.unity.ide.rider/Rider/Editor/ProjectGeneration/AssemblyNameProvider.cs - Importer: ScriptedImporter/UnityEditor.QuickSearchModule:UnityEditor.Search:ASIAI0B' with importer (ScriptedImporter : UnityEditor.QuickSearchModule:UnityEditor.Search:ASIAI0B)
Imported 'GUID: 56c8c6e437b14f8e9a91e9832c11bc1a' -> (Import Result ID: 'd8e8a5cbf4a17932b1d72388b3fccc7e') in 0.001 seconds [static and dynamic dependencies]. Details - ImportResultOutputID=e261080ada470155d0f4cc8cfa897cd3 DependenciesID=8d057ff0670aadba76acccfefd56937e StaticDependenciesID=72ecd1bf1a91db45166a0ab30ed98aef 
Number of updated asset objects reloaded before import = 0
Number of asset objects unloaded after import = 0
========================================================================
Received Import Request.
  Time of request: 2026-09-22T17:17:20.2048179Z
  Time since last request: 0.0001758 seconds.
  importAddress: GUID: 0691c2fe40564a64b3a9b7372c5eca2a - Path: Packages/com.unity.ide.rider/Rider/Editor/ProjectGeneration/ProjectPart.cs - Importer: ScriptedImporter/UnityEditor.QuickSearchModule:UnityEditor.Search:ASIAI0B
Importing 'GUID: 0691c2fe40564a64b3a9b7372c5eca2a - Path: Packages/com.unity.ide.rider/Rider/Editor/ProjectGeneration/ProjectPart.cs - Importer: ScriptedImporter/UnityEditor.QuickSearchModule:UnityEditor.Search:ASIAI0B' with importer (ScriptedImporter : UnityEditor.QuickSearchModule:UnityEditor.Search:ASIAI0B)
Imported 'GUID: 0691c2fe40564a64b3a9b7372c5eca2a' -> (Import Result ID: 'd39bfd7bbdd3fa4e1b56b5028956ed6e') in 0.001 seconds [static and dynamic dependencies]. Details - ImportResultOutputID=73fbf22954f035f25009433780eb51ae DependenciesID=3aa79aa0b628645950adb771677db781 StaticDependenciesID=92a8eb70d0f611df857cacf4d41cd01e 
Number of updated asset objects reloaded before import = 0
Number of asset objects unloaded after import = 0
========================================================================
Received Import Request.
  Time of request: 2026-09-22T17:17:20.2057366Z
  Time since last request: 0.0001466 seconds.
  importAddress: GUID: 58aa570dbe0761f43b25ff6c2265bbe2 - Path: Packages/com.unity.ide.rider/Rider/Editor/UnitTesting/TestsCallback.cs - Importer: ScriptedImporter/UnityEditor.QuickSearchModule:UnityEditor.Search:ASIAI0B
Importing 'GUID: 58aa570dbe0761f43b25ff6c2265bbe2 - Path: Packages/com.unity.ide.rider/Rider/Editor/UnitTesting/TestsCallback.cs - Importer: ScriptedImporter/UnityEditor.QuickSearchModule:UnityEditor.Search:ASIAI0B' with importer (ScriptedImporter : UnityEditor.QuickSearchModule:UnityEditor.Search:ASIAI0B)
Imported 'GUID: 58aa570dbe0761f43b25ff6c2265bbe2' -> (Import Result ID: '96455b4ae882f4dc648317ac64f773f6') in 0.001 seconds [static and dynamic dependencies]. Details - ImportResultOutputID=2016a60609e917cbf63cad419cc1bfe0 DependenciesID=7515934b5d697e9bd1659df7cbdb6adc StaticDependenciesID=6273184b2f392c68051cb92283f76e7b 
Number of updated asset objects reloaded before import = 0
Number of asset objects unloaded after import = 0
========================================================================
Received Import Request.
  Time of request: 2026-09-22T17:17:20.2067328Z
  Time since last request: 0.0001931 seconds.
  importAddress: GUID: 43674d438e19b89d7fe6af07234f3252 - Path: Packages/com.unity.modules.accessibility/package.json - Importer: ScriptedImporter/UnityEditor.QuickSearchModule:UnityEditor.Search:ASIAI0B
Importing 'GUID: 43674d438e19b89d7fe6af07234f3252 - Path: Packages/com.unity.modules.accessibility/package.json - Importer: ScriptedImporter/UnityEditor.QuickSearchModule:UnityEditor.Search:ASIAI0B' with importer (ScriptedImporter : UnityEditor.QuickSearchModule:UnityEditor.Search:ASIAI0B)
Imported 'GUID: 43674d438e19b89d7fe6af07234f3252' -> (Import Result ID: '46dfb1aa54619aebb1a78879fe340d0d') in 0.001 seconds [static and dynamic dependencies]. Details - ImportResultOutputID=6730e10200b5bc43c0b39c2ae7448a86 DependenciesID=b0168427616e517a809edd60f65e2280 StaticDependenciesID=331d82d08fadf0a933bcfc1d9e390e8f 
Number of updated asset objects reloaded before import = 0
Number of asset objects unloaded after import = 1
========================================================================
Received Import Request.
  Time of request: 2026-09-22T17:17:20.2079828Z
  Time since last request: 0.0002108 seconds.
  importAddress: GUID: 3fdd83b151eb8d25c5e2f82fc39dcb04 - Path: Packages/com.unity.modules.unitywebrequest/package.json - Importer: ScriptedImporter/UnityEditor.QuickSearchModule:UnityEditor.Search:ASIAI0B
Importing 'GUID: 3fdd83b151eb8d25c5e2f82fc39dcb04 - Path: Packages/com.unity.modules.unitywebrequest/package.json - Importer: ScriptedImporter/UnityEditor.QuickSearchModule:UnityEditor.Search:ASIAI0B' with importer (ScriptedImporter : UnityEditor.QuickSearchModule:UnityEditor.Search:ASIAI0B)
Imported 'GUID: 3fdd83b151eb8d25c5e2f82fc39dcb04' -> (Import Result ID: 'b78fda89e37ef1a8f3f19c2be440ca79') in 0.002 seconds [static and dynamic dependencies]. Details - ImportResultOutputID=b1ede35a65918c97ec252604c5016834 DependenciesID=20f585230b7266c2dcb14a81af7a055e StaticDependenciesID=cb272e7f1c545e34547abb8d1db412b5 
Number of updated asset objects reloaded before import = 0
Number of asset objects unloaded after import = 1
========================================================================
Received Import Request.
  Time of request: 2026-09-22T17:17:20.2099447Z
  Time since last request: 0.0001214 seconds.
  importAddress: GUID: 8e1f00a9be2eb66438e2835fdf1ea11b - Path: Packages/com.unity.ide.rider/Rider/Editor/Util/SerializableVersion.cs - Importer: ScriptedImporter/UnityEditor.QuickSearchModule:UnityEditor.Search:ASIAI0B
Importing 'GUID: 8e1f00a9be2eb66438e2835fdf1ea11b - Path: Packages/com.unity.ide.rider/Rider/Editor/Util/SerializableVersion.cs - Importer: ScriptedImporter/UnityEditor.QuickSearchModule:UnityEditor.Search:ASIAI0B' with importer (ScriptedImporter : UnityEditor.QuickSearchModule:UnityEditor.Search:ASIAI0B)
Imported 'GUID: 8e1f00a9be2eb66438e2835fdf1ea11b' -> (Import Result ID: '151140c476185f369222716f3a931157') in 0.001 seconds [static and dynamic dependencies]. Details - ImportResultOutputID=73fcb5bf2c3aeeaae9e37c4d505cf48b DependenciesID=8b5b2c036c486efef2adcad57d9a3c2a StaticDependenciesID=8d9914c2789edffc53358125422af565 
Number of updated asset objects reloaded before import = 0
Number of asset objects unloaded after import = 0
========================================================================
Received Import Request.
  Time of request: 2026-09-22T17:17:20.2110154Z
  Time since last request: 0.0001601 seconds.
  importAddress: GUID: 23032f4383e95e772bce465c5896d0fd - Path: Packages/com.unity.modules.terrain/package.ModuleCompilationTrigger - Importer: ScriptedImporter/UnityEditor.QuickSearchModule:UnityEditor.Search:ASIAI0B
Importing 'GUID: 23032f4383e95e772bce465c5896d0fd - Path: Packages/com.unity.modules.terrain/package.ModuleCompilationTrigger - Importer: ScriptedImporter/UnityEditor.QuickSearchModule:UnityEditor.Search:ASIAI0B' with importer (ScriptedImporter : UnityEditor.QuickSearchModule:UnityEditor.Search:ASIAI0B)
Imported 'GUID: 23032f4383e95e772bce465c5896d0fd' -> (Import Result ID: 'fdd6468a393382ac253bd7eda0807dd2') in 0.001 seconds [static and dynamic dependencies]. Details - ImportResultOutputID=929789519d586a4b4b984abba0f44b00 DependenciesID=030c4727f9ffe07fd768c274b7d1556e StaticDependenciesID=3288b8f2ed8bcd844b101baf57ec8de1 
Number of updated asset objects reloaded before import = 0
Number of asset objects unloaded after import = 1
========================================================================
Received Import Request.
  Time of request: 2026-09-22T17:17:20.2121943Z
  Time since last request: 0.0001698 seconds.
  importAddress: GUID: 6d56244f8c39a851975d3c0bd432c66f - Path: Packages/com.unity.modules.terrain/package.json - Importer: ScriptedImporter/UnityEditor.QuickSearchModule:UnityEditor.Search:ASIAI0B
Importing 'GUID: 6d56244f8c39a851975d3c0bd432c66f - Path: Packages/com.unity.modules.terrain/package.json - Importer: ScriptedImporter/UnityEditor.QuickSearchModule:UnityEditor.Search:ASIAI0B' with importer (ScriptedImporter : UnityEditor.QuickSearchModule:UnityEditor.Search:ASIAI0B)
Imported 'GUID: 6d56244f8c39a851975d3c0bd432c66f' -> (Import Result ID: 'e495d725d88fe971021891fb95c45440') in 0.001 seconds [static and dynamic dependencies]. Details - ImportResultOutputID=f53c1b15e30b46b3497cd06d977eb274 DependenciesID=7874fd69441a74e5bc21bb16ff47400e StaticDependenciesID=fecb526703287b57d0424ba539d99568 
Number of updated asset objects reloaded before import = 0
Number of asset objects unloaded after import = 1
========================================================================
Received Import Request.
  Time of request: 2026-09-22T17:17:20.2132098Z
  Time since last request: 0.0001626 seconds.
  importAddress: GUID: 7078f19173ceac84fb9e29b9f6175201 - Path: Packages/com.unity.ide.rider/Rider/Editor/ProjectGeneration/ProjectGeneration.cs - Importer: ScriptedImporter/UnityEditor.QuickSearchModule:UnityEditor.Search:ASIAI0B
Importing 'GUID: 7078f19173ceac84fb9e29b9f6175201 - Path: Packages/com.unity.ide.rider/Rider/Editor/ProjectGeneration/ProjectGeneration.cs - Importer: ScriptedImporter/UnityEditor.QuickSearchModule:UnityEditor.Search:ASIAI0B' with importer (ScriptedImporter : UnityEditor.QuickSearchModule:UnityEditor.Search:ASIAI0B)
Imported 'GUID: 7078f19173ceac84fb9e29b9f6175201' -> (Import Result ID: '76e10066df7e8a9f8c9e259508ce6f3a') in 0.001 seconds [static and dynamic dependencies]. Details - ImportResultOutputID=7990287984c460b193e0f9eaab050b4d DependenciesID=a90d3150c4fd36beb6f184d77f622be1 StaticDependenciesID=36108c9695d0da2ec2add0600eb452fb 
Number of updated asset objects reloaded before import = 0
Number of asset objects unloaded after import = 0
========================================================================
Received Import Request.
  Time of request: 2026-09-22T17:17:20.2143466Z
  Time since last request: 0.0003371 seconds.
  importAddress: GUID: 8c7e8e301f8b4c30bbf9db502d637f0f - Path: Packages/com.unity.ide.rider/Rider/Editor/ProjectGeneration/IGUIDGenerator.cs - Importer: ScriptedImporter/UnityEditor.QuickSearchModule:UnityEditor.Search:ASIAI0B
Importing 'GUID: 8c7e8e301f8b4c30bbf9db502d637f0f - Path: Packages/com.unity.ide.rider/Rider/Editor/ProjectGeneration/IGUIDGenerator.cs - Importer: ScriptedImporter/UnityEditor.QuickSearchModule:UnityEditor.Search:ASIAI0B' with importer (ScriptedImporter : UnityEditor.QuickSearchModule:UnityEditor.Search:ASIAI0B)
Imported 'GUID: 8c7e8e301f8b4c30bbf9db502d637f0f' -> (Import Result ID: '8460061034908c2622356c78aaefe236') in 0.001 seconds [static and dynamic dependencies]. Details - ImportResultOutputID=64893844f7bf43a560c8852ba9f2fbfb DependenciesID=ea2166f105f8c470b075b9a9ba9e70c8 StaticDependenciesID=3a2acac7fc14766d7ffd6e500a024e7f 
Number of updated asset objects reloaded before import = 0
Number of asset objects unloaded after import = 0
========================================================================
Received Import Request.
  Time of request: 2026-09-22T17:17:20.2155188Z
  Time since last request: 0.0001901 seconds.
  importAddress: GUID: f7a8357347c80dc69c08d0b1a05e2122 - Path: Packages/com.unity.modules.physics2d/package.json - Importer: ScriptedImporter/UnityEditor.QuickSearchModule:UnityEditor.Search:ASIAI0B
Importing 'GUID: f7a8357347c80dc69c08d0b1a05e2122 - Path: Packages/com.unity.modules.physics2d/package.json - Importer: ScriptedImporter/UnityEditor.QuickSearchModule:UnityEditor.Search:ASIAI0B' with importer (ScriptedImporter : UnityEditor.QuickSearchModule:UnityEditor.Search:ASIAI0B)
Imported 'GUID: f7a8357347c80dc69c08d0b1a05e2122' -> (Import Result ID: 'c50d5f0a2523aadaca562e653c52b053') in 0.001 seconds [static and dynamic dependencies]. Details - ImportResultOutputID=98379d48bcfb9e26d5d210d782d957f8 DependenciesID=196850c283ce1977248deb298b3a1757 StaticDependenciesID=7bfa18f4d0f1afa5d1fc9374a79b29d2 
Number of updated asset objects reloaded before import = 0
Number of asset objects unloaded after import = 1
========================================================================
Received Import Request.
  Time of request: 2026-09-22T17:17:20.2165835Z
  Time since last request: 0.0001721 seconds.
  importAddress: GUID: c4095d72f77fbb64ea39b8b3ca246622 - Path: Packages/com.unity.ide.rider/Rider/Editor/RiderScriptEditor.cs - Importer: ScriptedImporter/UnityEditor.QuickSearchModule:UnityEditor.Search:ASIAI0B
Importing 'GUID: c4095d72f77fbb64ea39b8b3ca246622 - Path: Packages/com.unity.ide.rider/Rider/Editor/RiderScriptEditor.cs - Importer: ScriptedImporter/UnityEditor.QuickSearchModule:UnityEditor.Search:ASIAI0B' with importer (ScriptedImporter : UnityEditor.QuickSearchModule:UnityEditor.Search:ASIAI0B)
Imported 'GUID: c4095d72f77fbb64ea39b8b3ca246622' -> (Import Result ID: '0bf59d59f3dcfbdcc7c3bb6274c1b239') in 0.001 seconds [static and dynamic dependencies]. Details - ImportResultOutputID=37a388a94f70332e19e05670c82210c5 DependenciesID=8cc375952e216a7a7055342b823e1029 StaticDependenciesID=c8afa7ff71179f6ef91dd28157874b49 
Number of updated asset objects reloaded before import = 0
Number of asset objects unloaded after import = 0
========================================================================
Received Import Request.
  Time of request: 2026-09-22T17:17:20.2177086Z
  Time since last request: 0.0002251 seconds.
  importAddress: GUID: 8cfde1a59fb35574189691a9de1df93b - Path: Packages/com.unity.ide.rider/Rider/Editor/ProjectGeneration/GUIDProvider.cs - Importer: ScriptedImporter/UnityEditor.QuickSearchModule:UnityEditor.Search:ASIAI0B
Importing 'GUID: 8cfde1a59fb35574189691a9de1df93b - Path: Packages/com.unity.ide.rider/Rider/Editor/ProjectGeneration/GUIDProvider.cs - Importer: ScriptedImporter/UnityEditor.QuickSearchModule:UnityEditor.Search:ASIAI0B' with importer (ScriptedImporter : UnityEditor.QuickSearchModule:UnityEditor.Search:ASIAI0B)
Imported 'GUID: 8cfde1a59fb35574189691a9de1df93b' -> (Import Result ID: '7453820455eec6f9c04ba2a5db4cb943') in 0.001 seconds [static and dynamic dependencies]. Details - ImportResultOutputID=d32400ad554a9dca63276d7a79d61bb1 DependenciesID=12e0c62311c93276f494f08696283b0d StaticDependenciesID=862bf02a1afd6f5013e4c772801c1d81 
Number of updated asset objects reloaded before import = 0
Number of asset objects unloaded after import = 0
========================================================================
Received Import Request.
  Time of request: 2026-09-22T17:17:20.2189946Z
  Time since last request: 0.0001872 seconds.
  importAddress: GUID: 05f7f519769978b79b31d063a7fc6fa1 - Path: Packages/com.unity.modules.unitywebrequestassetbundle/package.json - Importer: ScriptedImporter/UnityEditor.QuickSearchModule:UnityEditor.Search:ASIAI0B
Importing 'GUID: 05f7f519769978b79b31d063a7fc6fa1 - Path: Packages/com.unity.modules.unitywebrequestassetbundle/package.json - Importer: ScriptedImporter/UnityEditor.QuickSearchModule:UnityEditor.Search:ASIAI0B' with importer (ScriptedImporter : UnityEditor.QuickSearchModule:UnityEditor.Search:ASIAI0B)
Imported 'GUID: 05f7f519769978b79b31d063a7fc6fa1' -> (Import Result ID: '4cdb8ea1d7aca6e8ac14b02dcc4a60c0') in 0.001 seconds [static and dynamic dependencies]. Details - ImportResultOutputID=bc11f6d37e3fdbb2363c077174b534f8 DependenciesID=744f6de2c0b4e414582a11f7b05c40b2 StaticDependenciesID=8dd95cdda092e5c6cc0208e437687126 
Number of updated asset objects reloaded before import = 0
Number of asset objects unloaded after import = 1
========================================================================
Received Import Request.
  Time of request: 2026-09-22T17:17:20.2199951Z
  Time since last request: 0.000129 seconds.
  importAddress: GUID: 1bfe12aa306c0c74db4f4f1a1a0ae5ce - Path: Packages/com.unity.ide.rider/Rider/Editor/PluginSettings.cs - Importer: ScriptedImporter/UnityEditor.QuickSearchModule:UnityEditor.Search:ASIAI0B
Importing 'GUID: 1bfe12aa306c0c74db4f4f1a1a0ae5ce - Path: Packages/com.unity.ide.rider/Rider/Editor/PluginSettings.cs - Importer: ScriptedImporter/UnityEditor.QuickSearchModule:UnityEditor.Search:ASIAI0B' with importer (ScriptedImporter : UnityEditor.QuickSearchModule:UnityEditor.Search:ASIAI0B)
Imported 'GUID: 1bfe12aa306c0c74db4f4f1a1a0ae5ce' -> (Import Result ID: '25a24b12d469d1a2eb9a61fdb289e327') in 0.001 seconds [static and dynamic dependencies]. Details - ImportResultOutputID=1384e3b1a7a4f4feaf6ca7d22b5440f7 DependenciesID=b1dacb36e707e37d425cf0e72612a581 StaticDependenciesID=ba6898717c29d1186782d5ba2782c0a3 
Number of updated asset objects reloaded before import = 0
Number of asset objects unloaded after import = 0
========================================================================
Received Import Request.
  Time of request: 2026-09-22T17:17:20.2210181Z
  Time since last request: 0.0001857 seconds.
  importAddress: GUID: f9413c47b3a14a64e8810ce76d1a6032 - Path: Packages/com.unity.ide.rider/Rider/Editor/UnitTesting/TestEvent.cs - Importer: ScriptedImporter/UnityEditor.QuickSearchModule:UnityEditor.Search:ASIAI0B
Importing 'GUID: f9413c47b3a14a64e8810ce76d1a6032 - Path: Packages/com.unity.ide.rider/Rider/Editor/UnitTesting/TestEvent.cs - Importer: ScriptedImporter/UnityEditor.QuickSearchModule:UnityEditor.Search:ASIAI0B' with importer (ScriptedImporter : UnityEditor.QuickSearchModule:UnityEditor.Search:ASIAI0B)
Imported 'GUID: f9413c47b3a14a64e8810ce76d1a6032' -> (Import Result ID: 'e9eb9d1493902f2abb532154e665217d') in 0.001 seconds [static and dynamic dependencies]. Details - ImportResultOutputID=244b285e98adfeaac48715257e144ee7 DependenciesID=b111c6ab039efa3c7f851621686cb439 StaticDependenciesID=af906d4d2cfc0470af821d2ee2056e13 
Number of updated asset objects reloaded before import = 0
Number of asset objects unloaded after import = 0
========================================================================
Received Import Request.
  Time of request: 2026-09-22T17:17:20.2219409Z
  Time since last request: 0.0001622 seconds.
  importAddress: GUID: aeb8068359664ab5a8d6420381f87510 - Path: Packages/com.unity.ide.rider/Rider/Editor/LogFileOpener.cs - Importer: ScriptedImporter/UnityEditor.QuickSearchModule:UnityEditor.Search:ASIAI0B
Importing 'GUID: aeb8068359664ab5a8d6420381f87510 - Path: Packages/com.unity.ide.rider/Rider/Editor/LogFileOpener.cs - Importer: ScriptedImporter/UnityEditor.QuickSearchModule:UnityEditor.Search:ASIAI0B' with importer (ScriptedImporter : UnityEditor.QuickSearchModule:UnityEditor.Search:ASIAI0B)
Imported 'GUID: aeb8068359664ab5a8d6420381f87510' -> (Import Result ID: '4c6eaf9b7396d0fdf14c89bcfc978378') in 0.002 seconds [static and dynamic dependencies]. Details - ImportResultOutputID=68be1e4c002417d40884153041fb4806 DependenciesID=ab2f5b74d3e965d83203f7c193c636e9 StaticDependenciesID=4e3a0a5804bd536e33a898564657a302 
Number of updated asset objects reloaded before import = 0
Number of asset objects unloaded after import = 0
========================================================================
Received Import Request.
  Time of request: 2026-09-22T17:17:20.2238938Z
  Time since last request: 0.0002285 seconds.
  importAddress: GUID: 010246a07de7cb34185a2a7b1c1fad59 - Path: Packages/com.unity.ide.rider/Rider/Editor/UnitTesting/CallbackData.cs - Importer: ScriptedImporter/UnityEditor.QuickSearchModule:UnityEditor.Search:ASIAI0B
Importing 'GUID: 010246a07de7cb34185a2a7b1c1fad59 - Path: Packages/com.unity.ide.rider/Rider/Editor/UnitTesting/CallbackData.cs - Importer: ScriptedImporter/UnityEditor.QuickSearchModule:UnityEditor.Search:ASIAI0B' with importer (ScriptedImporter : UnityEditor.QuickSearchModule:UnityEditor.Search:ASIAI0B)
Imported 'GUID: 010246a07de7cb34185a2a7b1c1fad59' -> (Import Result ID: 'ead9b1c5628ea5a8141158ed18ac90b9') in 0.001 seconds [static and dynamic dependencies]. Details - ImportResultOutputID=0a140b1bb9b5b5e75de27aaf29ca7fb0 DependenciesID=7f78484cad056ed3924fed1be9ccb8a5 StaticDependenciesID=9b5b6551646376fa7211cbe8cf01ef85 
Number of updated asset objects reloaded before import = 0
Number of asset objects unloaded after import = 0
========================================================================
Received Import Request.
  Time of request: 2026-09-22T17:17:20.224965Z
  Time since last request: 0.0001708 seconds.
  importAddress: GUID: e7c145f2cd3c411ca7f50ebc5f5a6d24 - Path: Packages/com.unity.ide.rider/Rider/Editor/StartUpMethodExecutor.cs - Importer: ScriptedImporter/UnityEditor.QuickSearchModule:UnityEditor.Search:ASIAI0B
Importing 'GUID: e7c145f2cd3c411ca7f50ebc5f5a6d24 - Path: Packages/com.unity.ide.rider/Rider/Editor/StartUpMethodExecutor.cs - Importer: ScriptedImporter/UnityEditor.QuickSearchModule:UnityEditor.Search:ASIAI0B' with importer (ScriptedImporter : UnityEditor.QuickSearchModule:UnityEditor.Search:ASIAI0B)
Imported 'GUID: e7c145f2cd3c411ca7f50ebc5f5a6d24' -> (Import Result ID: 'fcea9c6000d826a9244ad15a23b2acad') in 0.001 seconds [static and dynamic dependencies]. Details - ImportResultOutputID=d7e230964bb73b8e744919ed47d90457 DependenciesID=675945399a3d329be0309a2fd48e826d StaticDependenciesID=0351e4f1500f0bfa91ee123b7be3f768 
Number of updated asset objects reloaded before import = 0
Number of asset objects unloaded after import = 0
========================================================================
Received Import Request.
  Time of request: 2026-09-22T17:17:20.2262472Z
  Time since last request: 0.0002425 seconds.
  importAddress: GUID: 78af99d0156944f293b020b49a6830c2 - Path: Packages/com.unity.ide.rider/Rider/Editor/ProjectGeneration/ProjectGenerationFlag.cs - Importer: ScriptedImporter/UnityEditor.QuickSearchModule:UnityEditor.Search:ASIAI0B
Importing 'GUID: 78af99d0156944f293b020b49a6830c2 - Path: Packages/com.unity.ide.rider/Rider/Editor/ProjectGeneration/ProjectGenerationFlag.cs - Importer: ScriptedImporter/UnityEditor.QuickSearchModule:UnityEditor.Search:ASIAI0B' with importer (ScriptedImporter : UnityEditor.QuickSearchModule:UnityEditor.Search:ASIAI0B)
Imported 'GUID: 78af99d0156944f293b020b49a6830c2' -> (Import Result ID: '6db77711802613b94cdbf8dd8e6b766c') in 0.001 seconds [static and dynamic dependencies]. Details - ImportResultOutputID=f69b402c6d9b8923ca350d9cafc05899 DependenciesID=57f8ac506bffd61013aeb5faacb4f301 StaticDependenciesID=780caff31a5a3fcf8a9b055e56025306 
Number of updated asset objects reloaded before import = 0
Number of asset objects unloaded after import = 0
========================================================================
Received Import Request.
  Time of request: 2026-09-22T17:17:20.2273089Z
  Time since last request: 0.0002158 seconds.
  importAddress: GUID: 7610600f5c83e01041a6fe849d39279f - Path: Packages/com.unity.modules.unitywebrequestassetbundle/package.ModuleCompilationTrigger - Importer: ScriptedImporter/UnityEditor.QuickSearchModule:UnityEditor.Search:ASIAI0B
Importing 'GUID: 7610600f5c83e01041a6fe849d39279f - Path: Packages/com.unity.modules.unitywebrequestassetbundle/package.ModuleCompilationTrigger - Importer: ScriptedImporter/UnityEditor.QuickSearchModule:UnityEditor.Search:ASIAI0B' with importer (ScriptedImporter : UnityEditor.QuickSearchModule:UnityEditor.Search:ASIAI0B)
Imported 'GUID: 7610600f5c83e01041a6fe849d39279f' -> (Import Result ID: '9f6111a9f2cfcb2f9f1b97d119dc4d75') in 0.001 seconds [static and dynamic dependencies]. Details - ImportResultOutputID=3045f87de4df1e655e7b6a3c3b787eac DependenciesID=b3b58dd86f46455ac07e568ca4a6bcf1 StaticDependenciesID=b8d5a093707eed5d33034480f7f691fb 
Number of updated asset objects reloaded before import = 0
Number of asset objects unloaded after import = 1
========================================================================
Received Import Request.
  Time of request: 2026-09-22T17:17:20.2285767Z
  Time since last request: 0.0001642 seconds.
  importAddress: GUID: bdbd564a9fdad0b738e76d030cad1204 - Path: Packages/com.unity.ide.rider/Rider/Editor/Util/FileSystemUtil.cs - Importer: ScriptedImporter/UnityEditor.QuickSearchModule:UnityEditor.Search:ASIAI0B
Importing 'GUID: bdbd564a9fdad0b738e76d030cad1204 - Path: Packages/com.unity.ide.rider/Rider/Editor/Util/FileSystemUtil.cs - Importer: ScriptedImporter/UnityEditor.QuickSearchModule:UnityEditor.Search:ASIAI0B' with importer (ScriptedImporter : UnityEditor.QuickSearchModule:UnityEditor.Search:ASIAI0B)
Imported 'GUID: bdbd564a9fdad0b738e76d030cad1204' -> (Import Result ID: '453ee92541c3aa1ebbc0475cf73f9dea') in 0.001 seconds [static and dynamic dependencies]. Details - ImportResultOutputID=c6c57924d90b6bf9a19bbf79818590bc DependenciesID=09ffabb6108456cf7a87cefa310936a2 StaticDependenciesID=ba01f350a81beed4b2cacf2e840a37b4 
Number of updated asset objects reloaded before import = 0
Number of asset objects unloaded after import = 0
========================================================================
Received Import Request.
  Time of request: 2026-09-22T17:17:20.2296441Z
  Time since last request: 0.0002292 seconds.
  importAddress: GUID: bc3a27147f944790916176e2172ad506 - Path: Packages/com.unity.ide.rider/Rider/Editor/RiderScriptEditorDataPersisted.cs - Importer: ScriptedImporter/UnityEditor.QuickSearchModule:UnityEditor.Search:ASIAI0B
Importing 'GUID: bc3a27147f944790916176e2172ad506 - Path: Packages/com.unity.ide.rider/Rider/Editor/RiderScriptEditorDataPersisted.cs - Importer: ScriptedImporter/UnityEditor.QuickSearchModule:UnityEditor.Search:ASIAI0B' with importer (ScriptedImporter : UnityEditor.QuickSearchModule:UnityEditor.Search:ASIAI0B)
Imported 'GUID: bc3a27147f944790916176e2172ad506' -> (Import Result ID: '0aea13e2bf948c3e09ee6ce146947a0f') in 0.001 seconds [static and dynamic dependencies]. Details - ImportResultOutputID=96340ddcb4d7b3b512ccdf3d95fca314 DependenciesID=20f492131479492ac518d71b0df75e85 StaticDependenciesID=4c7524e7084f0f5def8ba673169823ca 
Number of updated asset objects reloaded before import = 0
Number of asset objects unloaded after import = 0
========================================================================
Received Import Request.
  Time of request: 2026-09-22T17:17:20.2306131Z
  Time since last request: 0.0001379 seconds.
  importAddress: GUID: 78e5667e52329c3ceef41288763404ae - Path: Packages/com.unity.modules.vectorgraphics/package.json - Importer: ScriptedImporter/UnityEditor.QuickSearchModule:UnityEditor.Search:ASIAI0B
Importing 'GUID: 78e5667e52329c3ceef41288763404ae - Path: Packages/com.unity.modules.vectorgraphics/package.json - Importer: ScriptedImporter/UnityEditor.QuickSearchModule:UnityEditor.Search:ASIAI0B' with importer (ScriptedImporter : UnityEditor.QuickSearchModule:UnityEditor.Search:ASIAI0B)
Imported 'GUID: 78e5667e52329c3ceef41288763404ae' -> (Import Result ID: '9697f778fe7f5b4ef91eb68bf68d84cd') in 0.001 seconds [static and dynamic dependencies]. Details - ImportResultOutputID=1e8a82c288cf50e8156ba10e3f5ad0c9 DependenciesID=2f9ea189d252ce2a1511da1707413297 StaticDependenciesID=f57669b0f8b09007ff9e336fd85e5b0a 
Number of updated asset objects reloaded before import = 0
Number of asset objects unloaded after import = 1
========================================================================
Received Import Request.
  Time of request: 2026-09-22T17:17:20.2316701Z
  Time since last request: 0.0001613 seconds.
  importAddress: GUID: b0221f76dde941d492827802c9b7c1f9 - Path: Packages/com.unity.ide.rider/Rider/Editor/Util/StringUtils.cs - Importer: ScriptedImporter/UnityEditor.QuickSearchModule:UnityEditor.Search:ASIAI0B
Importing 'GUID: b0221f76dde941d492827802c9b7c1f9 - Path: Packages/com.unity.ide.rider/Rider/Editor/Util/StringUtils.cs - Importer: ScriptedImporter/UnityEditor.QuickSearchModule:UnityEditor.Search:ASIAI0B' with importer (ScriptedImporter : UnityEditor.QuickSearchModule:UnityEditor.Search:ASIAI0B)
Imported 'GUID: b0221f76dde941d492827802c9b7c1f9' -> (Import Result ID: '299b5f1b32053a20b01376c8bf627f65') in 0.001 seconds [static and dynamic dependencies]. Details - ImportResultOutputID=39c488ed1a48cec9fdb7102e8277f487 DependenciesID=c9c664cecf3e2908cf68c170cddbec02 StaticDependenciesID=b57f465a57aa854de450404e4afcbc6a 
Number of updated asset objects reloaded before import = 0
Number of asset objects unloaded after import = 0
========================================================================
Received Import Request.
  Time of request: 2026-09-22T17:17:20.2326318Z
  Time since last request: 0.0001715 seconds.
  importAddress: GUID: 71bb46b59a9a7a346bbab1e185c723df - Path: Packages/com.unity.ide.rider/Rider/Editor/LoggingLevel.cs - Importer: ScriptedImporter/UnityEditor.QuickSearchModule:UnityEditor.Search:ASIAI0B
Importing 'GUID: 71bb46b59a9a7a346bbab1e185c723df - Path: Packages/com.unity.ide.rider/Rider/Editor/LoggingLevel.cs - Importer: ScriptedImporter/UnityEditor.QuickSearchModule:UnityEditor.Search:ASIAI0B' with importer (ScriptedImporter : UnityEditor.QuickSearchModule:UnityEditor.Search:ASIAI0B)
Imported 'GUID: 71bb46b59a9a7a346bbab1e185c723df' -> (Import Result ID: '692e8f91b91e230065b85d5c00188b5a') in 0.001 seconds [static and dynamic dependencies]. Details - ImportResultOutputID=0f7246dd3afa1299859bd0dd7478ab5c DependenciesID=ea226400ce65c53333330d11bc7e40dc StaticDependenciesID=93280956ab6ee00af80a624d3ffbeaf4 
Number of updated asset objects reloaded before import = 0
Number of asset objects unloaded after import = 0
========================================================================
Received Import Request.
  Time of request: 2026-09-22T17:17:20.2337095Z
  Time since last request: 0.0001665 seconds.
  importAddress: GUID: 5c3b27069cb3ddf42ba1260eeefcdd1c - Path: Packages/com.unity.ide.rider/Rider/Editor/UnitTesting/RiderTestRunner.cs - Importer: ScriptedImporter/UnityEditor.QuickSearchModule:UnityEditor.Search:ASIAI0B
Importing 'GUID: 5c3b27069cb3ddf42ba1260eeefcdd1c - Path: Packages/com.unity.ide.rider/Rider/Editor/UnitTesting/RiderTestRunner.cs - Importer: ScriptedImporter/UnityEditor.QuickSearchModule:UnityEditor.Search:ASIAI0B' with importer (ScriptedImporter : UnityEditor.QuickSearchModule:UnityEditor.Search:ASIAI0B)
Imported 'GUID: 5c3b27069cb3ddf42ba1260eeefcdd1c' -> (Import Result ID: '7f28408b77b9e44c4c478e984adc4322') in 0.001 seconds [static and dynamic dependencies]. Details - ImportResultOutputID=e91d5a7e2d24a366df0136ed9093ecd1 DependenciesID=9aaf9a9824accd3be830008c028fc55c StaticDependenciesID=d2d66a2c24f6c0c2c31f8656a08dceaf 
Number of updated asset objects reloaded before import = 0
Number of asset objects unloaded after import = 0
========================================================================
Received Import Request.
  Time of request: 2026-09-22T17:17:20.2346761Z
  Time since last request: 0.0001645 seconds.
  importAddress: GUID: 32e50e97779a4753a461190076119a99 - Path: Packages/com.unity.ide.rider/Rider/Editor/ProjectGeneration/PackageManagerTracker.cs - Importer: ScriptedImporter/UnityEditor.QuickSearchModule:UnityEditor.Search:ASIAI0B
Importing 'GUID: 32e50e97779a4753a461190076119a99 - Path: Packages/com.unity.ide.rider/Rider/Editor/ProjectGeneration/PackageManagerTracker.cs - Importer: ScriptedImporter/UnityEditor.QuickSearchModule:UnityEditor.Search:ASIAI0B' with importer (ScriptedImporter : UnityEditor.QuickSearchModule:UnityEditor.Search:ASIAI0B)
Imported 'GUID: 32e50e97779a4753a461190076119a99' -> (Import Result ID: '7fb5dceb92d3a130e237ae46b4d4ba72') in 0.001 seconds [static and dynamic dependencies]. Details - ImportResultOutputID=85dcc7d5ff32aeaa12ec363a39689464 DependenciesID=c5f9c4f0278b1656332ac9c56378cafe StaticDependenciesID=94eda7a4233d4367ea7be710d984a4a9 
Number of updated asset objects reloaded before import = 0
Number of asset objects unloaded after import = 0
Editor requested this worker to shutdown with reason: Editor is closing down
AcceleratorClientConnectionCallback - disconnected - :0
AssetImportWorker is now disconnected from the server
Process exiting
[ExitDontLaunchBugReporter] Exiting without the bug reporter. Application will exit with return code 0
