VBCSCompilerPreWarmer: pre-warm launched (dotnet PID 13384)
VBCSCompiler prewarm took 5.00 ms
[Licensing::Module] Trying to connect to existing licensing client channel...
[Licensing::IpcConnector] Successfully connected to: "LicenseClient-baile" at "2026-09-22T17:17:02.7272371Z"
Built from '6000.6/staging' branch; Version is '6000.6.1f1 (7efac9f6c10e) revision 8321737'; Using compiler version '194234433'; Build Type 'Release'
OS: 'Windows 11  (10.0.26200) Core' Language: 'en' Physical Memory: 32189 MB
BatchMode: 0, IsHumanControllingUs: 1, StartBugReporterOnCrash: 1, Is64bit: 1
System  architecture: x64
Process architecture: x64
Date: 2026-09-22T17:17:02Z

COMMAND LINE ARGUMENTS:
C:\Program Files\Unity\Hub\Editor\6000.6.1f1\Editor\Unity.exe
-projectpath
C:\Users\baile\OneDrive\Documents\GitHub\Mobile-Game
-acceptSoftwareTermsForThisRunOnly
-useHub
-hubIPC
-cloudEnvironment
production
-licensingIpc
LicenseClient-baile
-hubSessionId
b7c9b714-923c-4d91-9b29-a0dadbf62dba
-accessToken
I3_1XaubZvcxiGiRrp_wawJC4umn2gTPWgLAMizRAA4002f
Successfully changed project path to: C:\Users\baile\OneDrive\Documents\GitHub\Mobile-Game
C:/Users/baile/OneDrive/Documents/GitHub/Mobile-Game
[UnityMemory] Configuration Parameters - Can be set up in boot.config
    "memorysetup-temp-allocator-size-gi-baking-worker=262144"
    "memorysetup-temp-allocator-size-gi-baking-worker=262144"
    "memorysetup-temp-allocator-size-gi-baking-worker=262144"
    "memorysetup-temp-allocator-size-gi-baking-worker=262144"
    "memorysetup-temp-allocator-size-gi-baking-worker=262144"
    "memorysetup-temp-allocator-size-nav-mesh-worker=65536"
    "memorysetup-temp-allocator-size-audio-worker=65536"
    "memorysetup-temp-allocator-size-cloud-worker=32768"
    "memorysetup-temp-allocator-size-gfx=262144"
    "memorysetup-remapper-allocator-initial-capacity=32768"
    "memorysetup-temp-allocator-size-preload-manager=33554432"
    "memorysetup-allocator-temp-initial-block-size-main=262144"
    "memorysetup-allocator-temp-initial-block-size-worker=262144"
    "memorysetup-temp-allocator-size-job-worker=262144"
    "memorysetup-temp-allocator-size-background-worker=32768"
    "memorysetup-bucket-allocator-granularity=16"
    "memorysetup-bucket-allocator-bucket-count=8"
    "memorysetup-bucket-allocator-block-size=33554432"
    "memorysetup-bucket-allocator-block-count=8"
    "memorysetup-main-allocator-block-size=16777216"
    "memorysetup-thread-allocator-block-size=16777216"
    "memorysetup-main-allocator-mimalloc-enabled=1"
    "memorysetup-gfx-main-allocator-block-size=16777216"
    "memorysetup-gfx-thread-allocator-block-size=16777216"
    "memorysetup-cache-allocator-block-size=4194304"
    "memorysetup-typetree-allocator-block-size=2097152"
    "memorysetup-profiler-bucket-allocator-granularity=16"
    "memorysetup-profiler-bucket-allocator-bucket-count=8"
    "memorysetup-profiler-bucket-allocator-block-size=33554432"
    "memorysetup-profiler-bucket-allocator-block-count=8"
    "memorysetup-profiler-allocator-block-size=16777216"
    "memorysetup-profiler-editor-allocator-block-size=1048576"
    "memorysetup-temp-allocator-size-main=16777216"
    "memorysetup-job-temp-allocator-block-size=2097152"
    "memorysetup-job-temp-allocator-block-size-background=1048576"
    "memorysetup-job-temp-allocator-reduction-small-platforms=262144"
Player connection [42772]  Target information:

Player connection [42772]  * "[IP] 10.0.0.89 [Port] 55504 [Flags] 2 [Guid] 2467111407 [EditorId] 2467111407 [Version] 1048832 [Id] WindowsEditor(7,BaileysLegion) [Debug] 1 [PackageName] WindowsEditor [ProjectName] Editor" 

Player connection [42772] Host joined multi-casting on [225.0.0.222:54997]...
Player connection [42772] Host joined alternative multi-casting on [225.0.0.222:34997]...
Input System module state changed to: Initialized.
[Physics::Module] Initialized fallback backend.
[Physics::Module] Id: 0xdecafbad
[Package Manager] Connected to IPC stream "Upm-17360" after 0.2 seconds.
[Licensing::Module] Licensing is not yet initialized.
[Licensing::Client] Error: HandshakeResponse reported an error:
	ResponseCode: 505
	ResponseStatus: Unsupported protocol version '1.18.3'.
[Licensing::Module] Error: Failed to handshake to channel: "LicenseClient-baile"
[Licensing::IpcConnector] LicenseClient-baile channel disconnected successfully.
[Licensing::IpcConnector] Channel LicenseClient-baile-6000.6.1 doesn't exist
[Licensing::Module] Successfully launched the LicensingClient (PId: 29256)
Starting IPC server.
Waiting for clients to connect on \\.\pipe\Unity-LicenseClient-baile-6000.6.1, press Ctrl-C to exit.
[Licensing::IpcConnector] Successfully connected to: "LicenseClient-baile-6000.6.1" at "2026-09-22T17:17:04.2428512Z"
[Licensing::Client] Code 10 while verifying Licensing Client signature (process Id: 29256, path: "C:/Program Files/Unity/Hub/Editor/6000.6.1f1/Editor/Data/Resources/Licensing/Client/Unity.Licensing.Client.exe")
[Licensing::Module] LicensingClient has failed validation; ignoring
[Licensing::Client] Handshaking with LicensingClient:
  Version:                 1.18.3+d7ffd15
  Session Id:              f5ccf15656de48e780885c2e14d85d12
  Correlation Id:          de6e86195a8a79507e894bf0b3c4060b
  External correlation Id: 3636259705861739996
  Machine Id:              eB4QeSLLu2sVGkvWB6KBMu1Ytcw=
[Licensing::Module] Successfully connected to LicensingClient on channel: "LicenseClient-baile-6000.6.1" (connect: 0.25s, validation: 0.08s, handshake: 0.01s)
[Licensing::IpcConnector] Successfully connected to: "LicenseClient-baile-6000.6.1-notifications" at "2026-09-22T17:17:04.3254156Z"
[Licensing::Module] Connected to LicensingClient (PId: 29256, launch time: 0.00, total connection time: 0.33s)
[Licensing::Client] Successfully updated the access token
[Licensing::Module] Successfully updated the access token I3_1XaubZv...
[Licensing::Client] Successfully resolved entitlement details
[Licensing::Module] License group:
  Id: 2475912729237-UnityPersXXXX
  Product: Unity Personal
  Type: Assigned
  Expiration: Unlimited
[Licensing::Client] Successfully updated license, isAsync: True, time: 0.01
[Licensing::Client] Successfully resolved entitlement details
[Licensing::Module] Licensing Background thread has ended after 1.63s
[Licensing::Module] Licensing is initialized (took 1.23s).
[Licensing::Client] Successfully resolved entitlement details
Library Redirect Path: Library/
Rebuilding Library because the asset database could not be found!
Initialising UDS system complete:
  - System type: Client
  - Resource namespace: 4ccefd27d2f46bbfc6f54db17cff34b1
  - Shared memory size: 1073741824
  - Command buffer id: 1052576
  - Command buffer size: 8192
  - Hashmap size: 4194304
  - Service connected: false
Launching Unity Data Store - C:/Program Files/Unity/Hub/Editor/6000.6.1f1/Editor/Data/Tools/Unity.DataStore.exe 
Unity Data Store artifact dir = Library/DataStore, working dir = C:/Users/baile/OneDrive/Documents/GitHub/Mobile-Game[Physics::Module] Selected backend.
[Physics::Module] Name: PhysX
[Physics::Module] Id: 0xf2b8ea05
[Physics::Module] SDK Version: 4.1.2
[Physics::Module] Integration Version: 1.0.0
[Physics::Module] Threading Mode: Multi-Threaded
Unity Data Store running and initialised
Initialize engine version: 6000.6.1f1 (7efac9f6c10e)
[EntityIdStore] init: VM path (explicit commit), pageSize=4096, blockCount=1048576, entitiesPerBlock=256, slots reserved=4294967296 bytes
[Subsystems] Discovering subsystems at path C:/Program Files/Unity/Hub/Editor/6000.6.1f1/Editor/Data/Resources/UnitySubsystems
[Subsystems] Discovering subsystems at path C:/Users/baile/OneDrive/Documents/GitHub/Mobile-Game/Assets
GfxDevice: creating device client; kGfxThreadingModeThreaded
Direct3D:
    Version:  Direct3D 11.0 [level 11.1]
    Renderer: NVIDIA GeForce RTX 5080 Laptop GPU (ID=0x2c59)
    Vendor:   NVIDIA
    VRAM:     16003 MB
    Driver:   32.0.15.9201
Initialize mono
Mono path[0] = 'C:/Program Files/Unity/Hub/Editor/6000.6.1f1/Editor/Data/Managed'
Mono path[1] = 'C:/Program Files/Unity/Hub/Editor/6000.6.1f1/Editor/Data/BCLExtensions/runtime/netstandard2.1'
Mono path[2] = 'C:/Program Files/Unity/Hub/Editor/6000.6.1f1/Editor/Data/MonoBleedingEdge/lib/mono/unityjit-win32'
Mono config path = 'C:/Program Files/Unity/Hub/Editor/6000.6.1f1/Editor/Data/MonoBleedingEdge/etc'
Using monoOptions --debugger-agent=transport=dt_socket,embedding=1,server=y,suspend=n,address=127.0.0.1:56360
CodeReloadManager initialized
ImportWorker Server TCP listen port: 0
AcceleratorClientConnectionCallback - disconnected - :0
Begin MonoManager ReloadAssembly
Registering precompiled unity dll's ...
Register platform support module: C:/Program Files/Unity/Hub/Editor/6000.6.1f1/Editor/Data/PlaybackEngines/WindowsStandaloneSupport/UnityEditor.WindowsStandalone.Extensions.dll
[Licensing::Client] Successfully resolved entitlement details
Register platform support module: C:/Program Files/Unity/Hub/Editor/6000.6.1f1/Editor/Data/PlaybackEngines/iOSSupport/UnityEditor.iOS.Extensions.dll
Registered in 0.003178 seconds.
[usbmuxd] Start listen thread
[usbmuxd] Listen thread started
Native extension for iOS target not found
Native extension for WindowsStandalone target not found
Package Manager log level set to [2]
ScheduleIndexationOnStartup MainProcess:False IndexOnStartup:False
Scripting: successfully reloaded assembly
- Finished resetting the current domain, in  0.575 seconds
Domain Reload Profiling: 987ms
	BeginReloadAssembly (100ms)
		CreateAndSetChildDomain (9ms)
	RebuildCommonClasses (4ms)
	RebuildNativeTypeToScriptingClass (12ms)
	initialDomainReloadingComplete (52ms)
	LoadAllAssembliesAndSetupDomain (243ms)
		LoadAssemblies (90ms)
		TypeCache.Refresh (158ms)
			TypeCache.ScanAssembly (146ms)
		AnalyzeDomain (1ms)
	FinalizeReload (576ms)
		SetupLoadedEditorAssemblies (0ms)
			InitializePlatformSupportModulesInManaged (9ms)
			BeforeProcessingInitializeOnLoad (75ms)
			ProcessInitializeOnLoadAttributes (127ms)
			ProcessInitializeOnLoadMethodAttributes (175ms)
[Licensing::Client] Successfully resolved entitlement details
Application.AssetDatabase Initial Refresh Start
[Package Manager] The file [C:\Users\baile\OneDrive\Documents\GitHub\Mobile-Game\Packages\manifest.json] cannot be found
[Package Manager] The file [C:\Users\baile\OneDrive\Documents\GitHub\Mobile-Game\Packages\manifest.json] cannot be found
[Package Manager] The file [C:\Users\baile\OneDrive\Documents\GitHub\Mobile-Game\Packages\manifest.json] cannot be found
[Package Manager] Done resolving packages in 2.21 seconds
[Licensing::Client] Successfully resolved entitlement details
[Package Manager] Lock file was modified
[Package Manager] Registered 42 packages:
  Packages from [https://packages.unity.com]:
    com.unity.ide.rider@3.0.38 (location: C:\Users\baile\OneDrive\Documents\GitHub\Mobile-Game\Library\PackageCache\com.unity.ide.rider@1f60b3138684)
    com.unity.ide.visualstudio@2.0.26 (location: C:\Users\baile\OneDrive\Documents\GitHub\Mobile-Game\Library\PackageCache\com.unity.ide.visualstudio@a99d56dec63f)
  Built-in packages:
    com.unity.modules.accessibility@1.0.0 (location: C:\Users\baile\OneDrive\Documents\GitHub\Mobile-Game\Library\PackageCache\com.unity.modules.accessibility)
    com.unity.modules.adaptiveperformance@1.0.0 (location: C:\Users\baile\OneDrive\Documents\GitHub\Mobile-Game\Library\PackageCache\com.unity.modules.adaptiveperformance)
    com.unity.modules.ai@1.0.0 (location: C:\Users\baile\OneDrive\Documents\GitHub\Mobile-Game\Library\PackageCache\com.unity.modules.ai)
    com.unity.modules.androidjni@1.0.0 (location: C:\Users\baile\OneDrive\Documents\GitHub\Mobile-Game\Library\PackageCache\com.unity.modules.androidjni)
    com.unity.modules.animation@1.0.0 (location: C:\Users\baile\OneDrive\Documents\GitHub\Mobile-Game\Library\PackageCache\com.unity.modules.animation)
    com.unity.modules.assetbundle@1.0.0 (location: C:\Users\baile\OneDrive\Documents\GitHub\Mobile-Game\Library\PackageCache\com.unity.modules.assetbundle)
    com.unity.modules.audio@1.0.0 (location: C:\Users\baile\OneDrive\Documents\GitHub\Mobile-Game\Library\PackageCache\com.unity.modules.audio)
    com.unity.modules.cloth@1.0.0 (location: C:\Users\baile\OneDrive\Documents\GitHub\Mobile-Game\Library\PackageCache\com.unity.modules.cloth)
    com.unity.modules.director@1.0.0 (location: C:\Users\baile\OneDrive\Documents\GitHub\Mobile-Game\Library\PackageCache\com.unity.modules.director)
    com.unity.modules.imageconversion@1.0.0 (location: C:\Users\baile\OneDrive\Documents\GitHub\Mobile-Game\Library\PackageCache\com.unity.modules.imageconversion)
    com.unity.modules.imgui@1.0.0 (location: C:\Users\baile\OneDrive\Documents\GitHub\Mobile-Game\Library\PackageCache\com.unity.modules.imgui)
    com.unity.modules.jsonserialize@1.0.0 (location: C:\Users\baile\OneDrive\Documents\GitHub\Mobile-Game\Library\PackageCache\com.unity.modules.jsonserialize)
    com.unity.modules.particlesystem@1.0.0 (location: C:\Users\baile\OneDrive\Documents\GitHub\Mobile-Game\Library\PackageCache\com.unity.modules.particlesystem)
    com.unity.modules.physics@1.0.0 (location: C:\Users\baile\OneDrive\Documents\GitHub\Mobile-Game\Library\PackageCache\com.unity.modules.physics)
    com.unity.modules.physics2d@1.0.0 (location: C:\Users\baile\OneDrive\Documents\GitHub\Mobile-Game\Library\PackageCache\com.unity.modules.physics2d)
    com.unity.modules.physicscore2d@1.0.0 (location: C:\Users\baile\OneDrive\Documents\GitHub\Mobile-Game\Library\PackageCache\com.unity.modules.physicscore2d)
    com.unity.modules.screencapture@1.0.0 (location: C:\Users\baile\OneDrive\Documents\GitHub\Mobile-Game\Library\PackageCache\com.unity.modules.screencapture)
    com.unity.modules.terrain@1.0.0 (location: C:\Users\baile\OneDrive\Documents\GitHub\Mobile-Game\Library\PackageCache\com.unity.modules.terrain)
    com.unity.modules.terrainphysics@1.0.0 (location: C:\Users\baile\OneDrive\Documents\GitHub\Mobile-Game\Library\PackageCache\com.unity.modules.terrainphysics)
    com.unity.modules.tetgen@1.0.0 (location: C:\Users\baile\OneDrive\Documents\GitHub\Mobile-Game\Library\PackageCache\com.unity.modules.tetgen)
    com.unity.modules.tilemap@1.0.0 (location: C:\Users\baile\OneDrive\Documents\GitHub\Mobile-Game\Library\PackageCache\com.unity.modules.tilemap)
    com.unity.modules.timelinefoundation@1.0.0 (location: C:\Users\baile\OneDrive\Documents\GitHub\Mobile-Game\Library\PackageCache\com.unity.modules.timelinefoundation)
    com.unity.modules.ui@1.0.0 (location: C:\Users\baile\OneDrive\Documents\GitHub\Mobile-Game\Library\PackageCache\com.unity.modules.ui)
    com.unity.modules.uielements@1.0.0 (location: C:\Users\baile\OneDrive\Documents\GitHub\Mobile-Game\Library\PackageCache\com.unity.modules.uielements)
    com.unity.modules.umbra@1.0.0 (location: C:\Users\baile\OneDrive\Documents\GitHub\Mobile-Game\Library\PackageCache\com.unity.modules.umbra)
    com.unity.modules.unityanalytics@1.0.0 (location: C:\Users\baile\OneDrive\Documents\GitHub\Mobile-Game\Library\PackageCache\com.unity.modules.unityanalytics)
    com.unity.modules.unitywebrequest@1.0.0 (location: C:\Users\baile\OneDrive\Documents\GitHub\Mobile-Game\Library\PackageCache\com.unity.modules.unitywebrequest)
    com.unity.modules.unitywebrequestassetbundle@1.0.0 (location: C:\Users\baile\OneDrive\Documents\GitHub\Mobile-Game\Library\PackageCache\com.unity.modules.unitywebrequestassetbundle)
    com.unity.modules.unitywebrequestaudio@1.0.0 (location: C:\Users\baile\OneDrive\Documents\GitHub\Mobile-Game\Library\PackageCache\com.unity.modules.unitywebrequestaudio)
    com.unity.modules.unitywebrequesttexture@1.0.0 (location: C:\Users\baile\OneDrive\Documents\GitHub\Mobile-Game\Library\PackageCache\com.unity.modules.unitywebrequesttexture)
    com.unity.modules.unitywebrequestwww@1.0.0 (location: C:\Users\baile\OneDrive\Documents\GitHub\Mobile-Game\Library\PackageCache\com.unity.modules.unitywebrequestwww)
    com.unity.modules.vectorgraphics@1.0.0 (location: C:\Users\baile\OneDrive\Documents\GitHub\Mobile-Game\Library\PackageCache\com.unity.modules.vectorgraphics)
    com.unity.modules.vehicles@1.0.0 (location: C:\Users\baile\OneDrive\Documents\GitHub\Mobile-Game\Library\PackageCache\com.unity.modules.vehicles)
    com.unity.modules.video@1.0.0 (location: C:\Users\baile\OneDrive\Documents\GitHub\Mobile-Game\Library\PackageCache\com.unity.modules.video)
    com.unity.modules.wind@1.0.0 (location: C:\Users\baile\OneDrive\Documents\GitHub\Mobile-Game\Library\PackageCache\com.unity.modules.wind)
    com.unity.modules.xr@1.0.0 (location: C:\Users\baile\OneDrive\Documents\GitHub\Mobile-Game\Library\PackageCache\com.unity.modules.xr)
    com.unity.modules.subsystems@1.0.0 (location: C:\Users\baile\OneDrive\Documents\GitHub\Mobile-Game\Library\PackageCache\com.unity.modules.subsystems)
    com.unity.modules.hierarchycore@1.0.0 (location: C:\Users\baile\OneDrive\Documents\GitHub\Mobile-Game\Library\PackageCache\com.unity.modules.hierarchycore)
    com.unity.test-framework@1.8.0 (location: C:\Users\baile\OneDrive\Documents\GitHub\Mobile-Game\Library\PackageCache\com.unity.test-framework@7a3849e09bd0)
    com.unity.ext.nunit@2.1.0 (location: C:\Users\baile\OneDrive\Documents\GitHub\Mobile-Game\Library\PackageCache\com.unity.ext.nunit@0198eae3b53e)
[Subsystems] No new subsystems found in resolved package list.
[Package Manager] Done registering packages in 0.00 seconds
AcceleratorClientConnectionCallback - disconnected - :0
[API Updater] Processing imported assemblies took 60 ms (0/0 assembly(ies)).
Assembly Updater Post Process Assets time: 0.061720s
[ScriptCompilation] Requested script compilation because: Assembly Definition File(s) changed
[ScriptCompilation] Requested script compilation because: AssetDatabase observed changes in script compilation related files
Clearing Bee directory 'Library/Bee', since bee backend information ('Library/Bee/bee_backend.info') is missing.
Starting: C:\Program Files\Unity\Hub\Editor\6000.6.1f1\Editor\Data\Tools\BuildPipeline\bee_backend.exe --ipc --defer-dag-verification --dagfile="Library/Bee/1900b0aE.dag" --continue-on-failure --profile="Library/Bee/backend1.traceevents" ScriptAssemblies
WorkingDir: C:/Users/baile/OneDrive/Documents/GitHub/Mobile-Game
ExitCode: 4 Duration: 0s31ms
[             ] Require frontend run.  Library/Bee/1900b0aE.dag couldn't be loaded
Starting: C:\Program Files\Unity\Hub\Editor\6000.6.1f1\Editor\Data\DotNetSdk\dotnet.exe "C:\Program Files\Unity\Hub\Editor\6000.6.1f1\Editor\Data\Tools\BuildPipeline\ScriptCompilationBuildProgram.exe" "Library/Bee/1900b0aE.dag.json" "Library/Bee/1900b0aE-inputdata.json" "Library\Bee\buildprogram0.traceevents"
WorkingDir: C:/Users/baile/OneDrive/Documents/GitHub/Mobile-Game
ExitCode: 0 Duration: 0s191ms
Starting: C:\Program Files\Unity\Hub\Editor\6000.6.1f1\Editor\Data\Tools\BuildPipeline\bee_backend.exe --ipc --defer-dag-verification --dagfile="Library/Bee/1900b0aE.dag" --continue-on-failure --dagfilejson="Library\Bee\1900b0aE.dag.json" --profile="Library/Bee/backend2.traceevents" ScriptAssemblies
WorkingDir: C:/Users/baile/OneDrive/Documents/GitHub/Mobile-Game
ExitCode: 0 Duration: 1s440ms
Finished compiling graph: 206 nodes, 1102 flattened edges (1074 ToBuild, 8 ToUse), maximum node priority 41
[  1/203    0s] WriteText Library/Bee/artifacts/1900b0aE.dag/UnityEngine.TestRunner.rsp2
[  2/203    0s] WriteText Library/Bee/artifacts/1900b0aE.dag/UnityEngine.TestRunner.UnityAdditionalFile.txt
[  3/203    0s] MovedFromExtractor Library/Bee/artifacts/mvdfrm/UnityEditor.GridAndSnapModule.dll_DDE97138C8F25D59.mvfrm
[  4/203    0s] MovedFromExtractor Library/Bee/artifacts/mvdfrm/UnityEditor.AccessibilityModule.dll_D9A1AB45B407061C.mvfrm
[  5/203    0s] MovedFromExtractor Library/Bee/artifacts/mvdfrm/UnityEditor.AdaptivePerformanceModule.dll_A8C10038A47EC768.mvfrm
[  6/203    0s] MovedFromExtractor Library/Bee/artifacts/mvdfrm/UnityEditor.BuildProfileModule.dll_FE2D0EF2DDD01DD1.mvfrm
[  7/203    0s] MovedFromExtractor Library/Bee/artifacts/mvdfrm/UnityEditor.AIModule.dll_84AECEA924006F9E.mvfrm
[  8/203    0s] MovedFromExtractor Library/Bee/artifacts/mvdfrm/UnityEditor.GIModule.dll_1CEB17B6BFAF57B8.mvfrm
[  9/203    0s] MovedFromExtractor Library/Bee/artifacts/mvdfrm/UnityEditor.GraphViewModule.dll_1C45A401BA25DB01.mvfrm
[ 10/203    0s] MovedFromExtractor Library/Bee/artifacts/mvdfrm/UnityEditor.iOS.Extensions.Xcode.dll_C85BD88FAF9A5B12.mvfrm
[ 11/203    0s] MovedFromExtractor Library/Bee/artifacts/mvdfrm/UnityEngine.UnityAnalyticsModule.dll_9F492AF04F682202.mvfrm
[ 12/203    0s] MovedFromExtractor Library/Bee/artifacts/mvdfrm/UnityEditor.ClothModule.dll_E510A9A83808FD18.mvfrm
[ 13/203    0s] MovedFromExtractor Library/Bee/artifacts/mvdfrm/UnityEditor.ContentLoadModule.dll_3679C867BD13E91D.mvfrm
[ 14/203    0s] MovedFromExtractor Library/Bee/artifacts/mvdfrm/UnityEditor.AnimationWindowModule.dll_FC340496967005D2.mvfrm
[ 15/203    0s] MovedFromExtractor Library/Bee/artifacts/mvdfrm/UnityEditor.AssetComplianceModule.dll_99AB20ACDB9DF949.mvfrm
[ 16/203    0s] MovedFromExtractor Library/Bee/artifacts/mvdfrm/UnityEditor.GenericRemoteModule.dll_6FA3012115AB2F1B.mvfrm
[ 17/203    0s] MovedFromExtractor Library/Bee/artifacts/mvdfrm/UnityEditor.EmbreeModule.dll_B77AB12406665A9E.mvfrm
[ 18/203    0s] MovedFromExtractor Library/Bee/artifacts/mvdfrm/UnityEditor.GraphicsStateCollectionSerializerModule.dll_D96AB477B0020B44.mvfrm
[ 19/203    0s] MovedFromExtractor Library/Bee/artifacts/mvdfrm/UnityEditor.CoreBusinessMetricsModule.dll_28ABF9B2CAC5F662.mvfrm
[ 20/203    0s] MovedFromExtractor Library/Bee/artifacts/mvdfrm/UnityEditor.CoreModule.dll_E27D1822F35F79B5.mvfrm
[ 21/203    0s] MovedFromExtractor Library/Bee/artifacts/mvdfrm/UnityEditor.BuildAnalysisModule.dll_31EAE8C855E10E38.mvfrm
[ 22/203    0s] MovedFromExtractor Library/Bee/artifacts/mvdfrm/UnityEditor.BurstModule.dll_E7203E058542361E.mvfrm
[ 23/203    0s] MovedFromExtractor Library/Bee/artifacts/mvdfrm/UnityEditor.GraphToolkitModule.dll_1A09F39DCE7F4C56.mvfrm
[ 24/203    0s] MovedFromExtractor Library/Bee/artifacts/mvdfrm/UnityEditor.DiagnosticsModule.dll_D4308AB7458DA06A.mvfrm
[ 25/203    0s] MovedFromExtractor Library/Bee/artifacts/mvdfrm/UnityEditor.EditorToolbarModule.dll_0F9DC1182D9CB76C.mvfrm
[ 26/203    0s] MovedFromExtractor Library/Bee/artifacts/mvdfrm/UnityEditor.DeviceSimulatorModule.dll_60D010BE60E2151C.mvfrm
[ 27/203    0s] MovedFromExtractor Library/Bee/artifacts/mvdfrm/UnityEngine.XRModule.dll_4421E7F016B97BEB.mvfrm
[ 28/203    0s] MovedFromExtractor Library/Bee/artifacts/mvdfrm/UnityEngine.dll_54D3E3733086AEB5.mvfrm
[ 29/203    0s] MovedFromExtractor Library/Bee/artifacts/mvdfrm/UnityEngine.WindModule.dll_7BECC69E2C9B6349.mvfrm
[ 30/203    0s] MovedFromExtractor Library/Bee/artifacts/mvdfrm/UnityEngine.VirtualTexturingModule.dll_B3C04E7B5C02577E.mvfrm
[ 31/203    0s] MovedFromExtractor Library/Bee/artifacts/mvdfrm/UnityEditor.Apple.Extensions.Common.dll_631C73BAE6F75DF7.mvfrm
[ 32/203    0s] MovedFromExtractor Library/Bee/artifacts/mvdfrm/UnityEngine.VehiclesModule.dll_7B182EB175E33A98.mvfrm
[ 33/203    0s] MovedFromExtractor Library/Bee/artifacts/mvdfrm/UnityEngine.UnityWebRequestModule.dll_E40DD88A5DB67513.mvfrm
[ 34/203    0s] MovedFromExtractor Library/Bee/artifacts/mvdfrm/UnityEditor.iOS.Extensions.Common.dll_D5124087A47C48DA.mvfrm
[ 35/203    0s] MovedFromExtractor Library/Bee/artifacts/mvdfrm/UnityEngine.VideoModule.dll_695E8D7C51FB6A7E.mvfrm
[ 36/203    0s] MovedFromExtractor Library/Bee/artifacts/mvdfrm/UnityEngine.VFXModule.dll_061BC1CDFF73368B.mvfrm
[ 37/203    0s] MovedFromExtractor Library/Bee/artifacts/mvdfrm/UnityEngine.UnityWebRequestWWWModule.dll_AAB4CBAA06BFAFE8.mvfrm
[ 38/203    0s] MovedFromExtractor Library/Bee/artifacts/mvdfrm/UnityEngine.UnityWebRequestAssetBundleModule.dll_98F877FB80CCF653.mvfrm
[ 39/203    0s] MovedFromExtractor Library/Bee/artifacts/mvdfrm/UnityEngine.UnityConnectModule.dll_E6C6A077FD3C0396.mvfrm
[ 40/203    0s] MovedFromExtractor Library/Bee/artifacts/mvdfrm/UnityEngine.UnityConsentModule.dll_B86C37A40A4699E6.mvfrm
[ 41/203    0s] MovedFromExtractor Library/Bee/artifacts/mvdfrm/UnityEngine.UnityWebRequestTextureModule.dll_D74B544C1BAC76EC.mvfrm
[ 42/203    0s] MovedFromExtractor Library/Bee/artifacts/mvdfrm/UnityEngine.UnityCurlModule.dll_1DE7C15C0496A194.mvfrm
[ 43/203    0s] MovedFromExtractor Library/Bee/artifacts/mvdfrm/UnityEngine.UnityAnalyticsCommonModule.dll_FB6B43D70981F7FD.mvfrm
[ 44/203    0s] MovedFromExtractor Library/Bee/artifacts/mvdfrm/UnityEngine.VectorGraphicsModule.dll_16F0F05B3547464F.mvfrm
[ 45/203    0s] MovedFromExtractor Library/Bee/artifacts/mvdfrm/UnityEngine.UIModule.dll_BE90FE65EBC4A915.mvfrm
[ 46/203    0s] MovedFromExtractor Library/Bee/artifacts/mvdfrm/Unity.Scripting.dll_30D993BB0ED31B7C.mvfrm
[ 47/203    0s] MovedFromExtractor Library/Bee/artifacts/mvdfrm/UnityEngine.UmbraModule.dll_BF29B52A1C8FFA4C.mvfrm
[ 48/203    0s] MovedFromExtractor Library/Bee/artifacts/mvdfrm/UnityEngine.UnityWebRequestAudioModule.dll_D828DA7176042437.mvfrm
[ 49/203    0s] MovedFromExtractor Library/Bee/artifacts/mvdfrm/UnityEngine.U2DRuntimeModule.dll_5B76B88CA1410232.mvfrm
[ 50/203    0s] MovedFromExtractor Library/Bee/artifacts/mvdfrm/UnityEngine.UIElementsModule.dll_8ED8C92DD411C81C.mvfrm
[ 51/203    0s] MovedFromExtractor Library/Bee/artifacts/mvdfrm/UnityEngine.TimelineFoundationModule.dll_9A4FCEE921CE9F95.mvfrm
[ 52/203    0s] MovedFromExtractor Library/Bee/artifacts/mvdfrm/UnityEngine.TextRenderingModule.dll_09214638F7DE9622.mvfrm
[ 53/203    0s] MovedFromExtractor Library/Bee/artifacts/mvdfrm/UnityEngine.TextCoreTextEngineModule.dll_DFF2864E16FFF37C.mvfrm
[ 54/203    0s] MovedFromExtractor Library/Bee/artifacts/mvdfrm/UnityEngine.TetgenModule.dll_077AA92860E362CE.mvfrm
[ 55/203    0s] MovedFromExtractor Library/Bee/artifacts/mvdfrm/UnityEngine.TerrainPhysicsModule.dll_802462F9BC83CA93.mvfrm
[ 56/203    0s] MovedFromExtractor Library/Bee/artifacts/mvdfrm/UnityEngine.StreamingModule.dll_9F600D7AE40A66E5.mvfrm
[ 57/203    0s] MovedFromExtractor Library/Bee/artifacts/mvdfrm/UnityEngine.TextCoreFontEngineModule.dll_980A4FDC877C3A5E.mvfrm
[ 58/203    0s] MovedFromExtractor Library/Bee/artifacts/mvdfrm/UnityEngine.TerrainModule.dll_7C291E3A39BD87B8.mvfrm
[ 59/203    0s] MovedFromExtractor Library/Bee/artifacts/mvdfrm/UnityEngine.TilemapModule.dll_1B2585BB517A68C1.mvfrm
[ 60/203    0s] MovedFromExtractor Library/Bee/artifacts/mvdfrm/UnityEngine.TLSModule.dll_853D295F2905CD1E.mvfrm
[ 61/203    0s] MovedFromExtractor Library/Bee/artifacts/mvdfrm/UnityEngine.SpriteShapeModule.dll_BC8A6C10B66D89BF.mvfrm
[ 62/203    0s] MovedFromExtractor Library/Bee/artifacts/mvdfrm/UnityEngine.SpriteMaskModule.dll_1FED0164029DA412.mvfrm
[ 63/203    0s] MovedFromExtractor Library/Bee/artifacts/mvdfrm/UnityEngine.SubsystemsModule.dll_8A9A67C5D0E58C25.mvfrm
[ 64/203    0s] MovedFromExtractor Library/Bee/artifacts/mvdfrm/UnityEngine.SubstanceModule.dll_7C0B21C42F5D64F3.mvfrm
[ 65/203    0s] MovedFromExtractor Library/Bee/artifacts/mvdfrm/UnityEngine.ShaderVariantAnalyticsModule.dll_980571FCC778B267.mvfrm
[ 66/203    0s] MovedFromExtractor Library/Bee/artifacts/mvdfrm/UnityEngine.RuntimeInitializeOnLoadManagerInitializerModule.dll_D91C5327998D9005.mvfrm
[ 67/203    0s] MovedFromExtractor Library/Bee/artifacts/mvdfrm/UnityEngine.ScriptingModule.dll_01EC78F1140A5E5A.mvfrm
[ 68/203    0s] MovedFromExtractor Library/Bee/artifacts/mvdfrm/UnityEngine.PhysicsModule.dll_61E2A2CB63FF3ECA.mvfrm
[ 69/203    0s] MovedFromExtractor Library/Bee/artifacts/mvdfrm/UnityEngine.ScreenCaptureModule.dll_DFE1D42E40A7162D.mvfrm
[ 70/203    0s] MovedFromExtractor Library/Bee/artifacts/mvdfrm/UnityEngine.PhysicsCore2DModule.dll_53A675188BA47E2B.mvfrm
[ 71/203    0s] MovedFromExtractor Library/Bee/artifacts/mvdfrm/UnityEngine.PropertiesModule.dll_63FBCE12541972D4.mvfrm
[ 72/203    0s] MovedFromExtractor Library/Bee/artifacts/mvdfrm/UnityEngine.RenderAs2DModule.dll_A53390983373BD0B.mvfrm
[ 73/203    0s] MovedFromExtractor Library/Bee/artifacts/mvdfrm/UnityEngine.Physics2DModule.dll_3771101B357FA73C.mvfrm
[ 74/203    0s] MovedFromExtractor Library/Bee/artifacts/mvdfrm/UnityEngine.PhysicsBackendPhysXModule.dll_43647C7BC2805D2C.mvfrm
[ 75/203    0s] MovedFromExtractor Library/Bee/artifacts/mvdfrm/UnityEngine.JSONSerializeModule.dll_C5FA26A92C3AE9CB.mvfrm
[ 76/203    0s] MovedFromExtractor Library/Bee/artifacts/mvdfrm/UnityEngine.MultiplayerModule.dll_22D15B42B992DF2D.mvfrm
[ 77/203    0s] MovedFromExtractor Library/Bee/artifacts/mvdfrm/UnityEngine.MarshallingModule.dll_4B91DD4AE4F37F07.mvfrm
[ 78/203    0s] MovedFromExtractor Library/Bee/artifacts/mvdfrm/UnityEngine.ParticleSystemModule.dll_7FA9BA26A340D006.mvfrm
[ 79/203    0s] MovedFromExtractor Library/Bee/artifacts/mvdfrm/UnityEngine.InputLegacyModule.dll_346E59D498BD07A6.mvfrm
[ 80/203    0s] MovedFromExtractor Library/Bee/artifacts/mvdfrm/UnityEngine.LocalizationModule.dll_B7505BD14BB7C8AA.mvfrm
[ 81/203    0s] MovedFromExtractor Library/Bee/artifacts/mvdfrm/UnityEngine.InsightsModule.dll_9D1BFDC28636BA7C.mvfrm
[ 82/203    0s] MovedFromExtractor Library/Bee/artifacts/mvdfrm/UnityEngine.PerformanceReportingModule.dll_602C8692EF99599F.mvfrm
[ 83/203    0s] MovedFromExtractor Library/Bee/artifacts/mvdfrm/UnityEngine.MathematicsModule.dll_C83DEC8F754348E9.mvfrm
[ 84/203    0s] MovedFromExtractor Library/Bee/artifacts/mvdfrm/UnityEngine.ImageConversionModule.dll_D26ED0E052C1DA94.mvfrm
[ 85/203    0s] MovedFromExtractor Library/Bee/artifacts/mvdfrm/UnityEngine.IdentifiersModule.dll_7BB2C6ABC3441FCD.mvfrm
[ 86/203    0s] MovedFromExtractor Library/Bee/artifacts/mvdfrm/UnityEngine.ManagedKernelModule.dll_8898D5F21C34B84F.mvfrm
[ 87/203    0s] MovedFromExtractor Library/Bee/artifacts/mvdfrm/UnityEngine.InputForUIModule.dll_3972E8ED414EAB54.mvfrm
[ 88/203    0s] MovedFromExtractor Library/Bee/artifacts/mvdfrm/UnityEngine.InputModule.dll_AACAD0C205A1737D.mvfrm
[ 89/203    0s] MovedFromExtractor Library/Bee/artifacts/mvdfrm/UnityEngine.IMGUIModule.dll_7CB4A878559AE2BA.mvfrm
[ 90/203    0s] MovedFromExtractor Library/Bee/artifacts/mvdfrm/UnityEngine.HierarchyCoreModule.dll_DCFD3A479BACE237.mvfrm
[ 91/203    0s] MovedFromExtractor Library/Bee/artifacts/mvdfrm/UnityEngine.HotReloadModule.dll_6C13DE306FB5CB29.mvfrm
[ 92/203    0s] MovedFromExtractor Library/Bee/artifacts/mvdfrm/UnityEngine.GridModule.dll_E30F0763B3B97AD7.mvfrm
[ 93/203    0s] MovedFromExtractor Library/Bee/artifacts/mvdfrm/UnityEngine.GIModule.dll_5B59A9462B2C8B83.mvfrm
[ 94/203    0s] MovedFromExtractor Library/Bee/artifacts/mvdfrm/UnityEngine.GraphicsStateCollectionSerializerModule.dll_E25E81677D0154A9.mvfrm
[ 95/203    0s] MovedFromExtractor Library/Bee/artifacts/mvdfrm/UnityEngine.GameCenterModule.dll_36C08ED3E12E0E98.mvfrm
[ 96/203    0s] MovedFromExtractor Library/Bee/artifacts/mvdfrm/UnityEngine.DirectorModule.dll_03553531FBB96AFD.mvfrm
[ 97/203    0s] MovedFromExtractor Library/Bee/artifacts/mvdfrm/UnityEngine.DSPGraphModule.dll_08A6969B6E1A3C1E.mvfrm
[ 98/203    0s] MovedFromExtractor Library/Bee/artifacts/mvdfrm/UnityEngine.CrashReportingModule.dll_2C9770DA352F4478.mvfrm
[ 99/203    0s] MovedFromExtractor Library/Bee/artifacts/mvdfrm/UnityEngine.ContentLoadModule.dll_3C3F97F6CF4DF9A2.mvfrm
[100/203    0s] MovedFromExtractor Library/Bee/artifacts/mvdfrm/UnityEngine.ClothModule.dll_AB3D660C69862DBD.mvfrm
[101/203    0s] MovedFromExtractor Library/Bee/artifacts/mvdfrm/UnityEngine.ARModule.dll_7C90253BEC9B0232.mvfrm
[102/203    0s] MovedFromExtractor Library/Bee/artifacts/mvdfrm/UnityEngine.CoreModule.dll_059DEB759B64E4E0.mvfrm
[103/203    0s] MovedFromExtractor Library/Bee/artifacts/mvdfrm/UnityEngine.ClusterRendererModule.dll_667CD32FD09D22A0.mvfrm
[104/203    0s] MovedFromExtractor Library/Bee/artifacts/mvdfrm/UnityEngine.AudioModule.dll_445509118F694ED9.mvfrm
[105/203    0s] MovedFromExtractor Library/Bee/artifacts/mvdfrm/UnityEngine.AdaptivePerformanceModule.dll_695094EEDFC41A6D.mvfrm
[106/203    0s] MovedFromExtractor Library/Bee/artifacts/mvdfrm/UnityEngine.ClusterInputModule.dll_7903917EB43BD5B1.mvfrm
[107/203    0s] MovedFromExtractor Library/Bee/artifacts/mvdfrm/UnityEngine.AnimationModule.dll_EACB202A9482AFA7.mvfrm
[108/203    0s] MovedFromExtractor Library/Bee/artifacts/mvdfrm/UnityEngine.AssetBundleModule.dll_A3293EB600CB51B5.mvfrm
[109/203    0s] MovedFromExtractor Library/Bee/artifacts/mvdfrm/UnityEngine.BurstModule.dll_AD4CFA69B6BF66C3.mvfrm
[110/203    0s] MovedFromExtractor Library/Bee/artifacts/mvdfrm/UnityEngine.AccessibilityModule.dll_65E29D6D2CFF8941.mvfrm
[111/203    0s] MovedFromExtractor Library/Bee/artifacts/mvdfrm/UnityEditor.dll_222F9C9AD21321D0.mvfrm
[112/203    0s] MovedFromExtractor Library/Bee/artifacts/mvdfrm/UnityEditor.XRModule.dll_05B35660AB3C4820.mvfrm
[113/203    0s] MovedFromExtractor Library/Bee/artifacts/mvdfrm/UnityEngine.AndroidJNIModule.dll_0C7344B91AED1DA7.mvfrm
[114/203    0s] MovedFromExtractor Library/Bee/artifacts/mvdfrm/UnityEngine.AIModule.dll_C31D60388F7DA369.mvfrm
[115/203    0s] MovedFromExtractor Library/Bee/artifacts/mvdfrm/UnityEditor.VectorGraphicsModule.dll_5BCC8EC0195AB244.mvfrm
[116/203    0s] MovedFromExtractor Library/Bee/artifacts/mvdfrm/UnityEditor.VideoModule.dll_A331D118207E39D9.mvfrm
[117/203    0s] MovedFromExtractor Library/Bee/artifacts/mvdfrm/UnityEditor.UmbraModule.dll_F8FCF8C5EB12C9A7.mvfrm
[118/203    0s] MovedFromExtractor Library/Bee/artifacts/mvdfrm/UnityEditor.UnityConnectModule.dll_F9671C6902B402EB.mvfrm
[119/203    0s] MovedFromExtractor Library/Bee/artifacts/mvdfrm/UnityEditor.VFXModule.dll_F9FA1F7A8FC32886.mvfrm
[120/203    0s] MovedFromExtractor Library/Bee/artifacts/mvdfrm/UnityEditor.UIToolkitAuthoringModule.dll_4D0169169304FF53.mvfrm
[121/203    0s] MovedFromExtractor Library/Bee/artifacts/mvdfrm/UnityEditor.UIElementsSamplesModule.dll_360CA54D669C2AAC.mvfrm
[122/203    0s] MovedFromExtractor Library/Bee/artifacts/mvdfrm/UnityEditor.UIElementsModule.dll_8E2A5BE5D1CDAED1.mvfrm
[123/203    0s] MovedFromExtractor Library/Bee/artifacts/mvdfrm/UnityEditor.UIBuilderModule.dll_70CE511E2CDE5435.mvfrm
[124/203    0s] MovedFromExtractor Library/Bee/artifacts/mvdfrm/UnityEditor.TextCoreFontEngineModule.dll_19AAD489747E7B93.mvfrm
[125/203    0s] MovedFromExtractor Library/Bee/artifacts/mvdfrm/UnityEditor.SubstanceModule.dll_C62530DB49DDB30E.mvfrm
[126/203    0s] MovedFromExtractor Library/Bee/artifacts/mvdfrm/UnityEditor.TilemapModule.dll_28AACD10EC6B817C.mvfrm
[127/203    0s] MovedFromExtractor Library/Bee/artifacts/mvdfrm/UnityEditor.UIAutomationModule.dll_AECDFDE37A43E691.mvfrm
[128/203    0s] MovedFromExtractor Library/Bee/artifacts/mvdfrm/UnityEditor.TimelineFoundationModule.dll_1BF053960ED0E0CA.mvfrm
[129/203    0s] MovedFromExtractor Library/Bee/artifacts/mvdfrm/UnityEditor.TextCoreTextEngineModule.dll_61930AFB040234B1.mvfrm
[130/203    0s] MovedFromExtractor Library/Bee/artifacts/mvdfrm/UnityEditor.U2DModule.dll_25D2CA5DC55F88E5.mvfrm
[131/203    0s] MovedFromExtractor Library/Bee/artifacts/mvdfrm/UnityEditor.TreeModule.dll_40290D317B250EF4.mvfrm
[132/203    0s] MovedFromExtractor Library/Bee/artifacts/mvdfrm/UnityEditor.TextRenderingModule.dll_7CE054117EE612FD.mvfrm
[133/203    0s] MovedFromExtractor Library/Bee/artifacts/mvdfrm/UnityEditor.SketchUpModule.dll_F0535801C3202F8D.mvfrm
[134/203    0s] MovedFromExtractor Library/Bee/artifacts/mvdfrm/UnityEditor.TerrainModule.dll_89AE658FD4AEA073.mvfrm
[135/203    0s] MovedFromExtractor Library/Bee/artifacts/mvdfrm/UnityEditor.SyntaxTreeModule.dll_DB7B5A5E2AA574D7.mvfrm
[136/203    0s] MovedFromExtractor Library/Bee/artifacts/mvdfrm/UnityEditor.SpriteShapeModule.dll_B6C49C81A433793A.mvfrm
[137/203    0s] WriteText Library/Bee/artifacts/1900b0aE.dag/UnityEngine.TestRunner.dll.mvfrm.rsp
[138/203    0s] WriteText Library/Bee/artifacts/1900b0aE.dag/UnityEngine.TestRunner.rsp
[139/203    0s] MovedFromExtractor Library/Bee/artifacts/mvdfrm/UnityEditor.SpriteMaskModule.dll_1F3E941C00598AC7.mvfrm
[140/203    0s] MovedFromExtractor Library/Bee/artifacts/mvdfrm/UnityEditor.ShaderPreprocessorModule.dll_3C8FDE2C72A74E2A.mvfrm
[141/203    0s] MovedFromExtractor Library/Bee/artifacts/mvdfrm/UnityEditor.ShaderCompilationModule.dll_41DB07C549A01F7C.mvfrm
[142/203    0s] MovedFromExtractor Library/Bee/artifacts/mvdfrm/UnityEditor.SceneViewModule.dll_5AF58709AF48A80F.mvfrm
[143/203    0s] MovedFromExtractor Library/Bee/artifacts/mvdfrm/UnityEditor.ShaderFoundryModule.dll_721D02194F38DE32.mvfrm
[144/203    0s] MovedFromExtractor Library/Bee/artifacts/mvdfrm/UnityEditor.ShaderBuildSettingsModule.dll_B0E746E1777DF8AA.mvfrm
[145/203    0s] WriteText Library/Bee/artifacts/1900b0aE.dag/UnityEditor.TestRunner.rsp2
[146/203    0s] WriteText Library/Bee/artifacts/1900b0aE.dag/UnityEditor.TestRunner.UnityAdditionalFile.txt
[147/203    0s] WriteText Library/Bee/artifacts/1900b0aE.dag/UnityEditor.TestRunner.dll.mvfrm.rsp
[148/203    0s] WriteText Library/Bee/artifacts/1900b0aE.dag/UnityEditor.TestRunner.rsp
[149/203    0s] MovedFromExtractor Library/Bee/artifacts/mvdfrm/UnityEditor.SafeModeModule.dll_083E72B177EE9376.mvfrm
[150/203    0s] WriteText Library/Bee/artifacts/1900b0aE.dag/Unity.VisualStudio.Editor.dll.mvfrm.rsp
[151/203    0s] WriteText Library/Bee/artifacts/1900b0aE.dag/Unity.VisualStudio.Editor.rsp2
[152/203    0s] WriteText Library/Bee/artifacts/1900b0aE.dag/Unity.VisualStudio.Editor.UnityAdditionalFile.txt
[153/203    0s] WriteText Library/Bee/artifacts/1900b0aE.dag/Unity.Rider.Editor.dll.mvfrm.rsp
[154/203    0s] WriteText Library/Bee/artifacts/1900b0aE.dag/Unity.Rider.Editor.rsp2
[155/203    0s] WriteText Library/Bee/artifacts/1900b0aE.dag/Unity.Rider.Editor.UnityAdditionalFile.txt
[156/203    0s] WriteResponseFile Library/Bee/artifacts/rsp/3071285868016441895.rsp
[157/203    0s] WriteText Library/Bee/artifacts/1900b0aE.dag/Unity.VisualStudio.Editor.rsp
[158/203    0s] WriteText Library/Bee/artifacts/1900b0aE.dag/Unity.Rider.Editor.rsp
[159/203    0s] WriteResponseFile Library/Bee/artifacts/rsp/2655319114021734818.rsp
[160/203    0s] MovedFromExtractor Library/Bee/artifacts/mvdfrm/UnityEditor.SceneTemplateModule.dll_333D31D62C8961A4.mvfrm
[161/203    0s] MovedFromExtractor Library/Bee/artifacts/mvdfrm/UnityEditor.QuickInstallModule.dll_DD0C5D321F568C04.mvfrm
[162/203    0s] MovedFromExtractor Library/Bee/artifacts/mvdfrm/UnityEditor.QuickSearchModule.dll_5F400BC49E649CC3.mvfrm
[163/203    0s] MovedFromExtractor Library/Bee/artifacts/mvdfrm/UnityEditor.PlayModeModule.dll_4E32646B16B7A2DD.mvfrm
[164/203    0s] MovedFromExtractor Library/Bee/artifacts/mvdfrm/UnityEditor.PhysicsModule.dll_6F67EA20FEF05785.mvfrm
[165/203    0s] MovedFromExtractor Library/Bee/artifacts/mvdfrm/UnityEditor.Physics2DModule.dll_818B1F324FFFF557.mvfrm
[166/203    0s] MovedFromExtractor Library/Bee/artifacts/mvdfrm/UnityEditor.PhysicsCore2DModule.dll_C76582F112ABFB06.mvfrm
[167/203    0s] MovedFromExtractor Library/Bee/artifacts/mvdfrm/UnityEditor.PresetsUIModule.dll_D7ABDCE3BC7E3306.mvfrm
[168/203    0s] MovedFromExtractor Library/Bee/artifacts/mvdfrm/UnityEditor.MultiplayerModule.dll_1D0B8BB3A758CEA8.mvfrm
[169/203    0s] MovedFromExtractor Library/Bee/artifacts/mvdfrm/UnityEditor.ProjectAuditorModule.dll_0F3A02F0DBED015B.mvfrm
[170/203    0s] MovedFromExtractor Library/Bee/artifacts/mvdfrm/UnityEditor.PropertiesModule.dll_634D60CA51D55989.mvfrm
[171/203    0s] MovedFromExtractor Library/Bee/artifacts/mvdfrm/UnityEditor.MediaModule.dll_49E8663EDC38A6C2.mvfrm
[172/203    0s] MovedFromExtractor Library/Bee/artifacts/mvdfrm/UnityEditor.MathematicsModule.dll_C2781D0063093864.mvfrm
[173/203    0s] MovedFromExtractor Library/Bee/artifacts/mvdfrm/UnityEditor.HierarchyModule.dll_09B9AADD780519C3.mvfrm
[174/203    0s] MovedFromExtractor Library/Bee/artifacts/mvdfrm/UnityEditor.LightingModule.dll_0245EA2DCADA5CA2.mvfrm
[175/203    0s] MovedFromExtractor Library/Bee/artifacts/mvdfrm/UnityEditor.WindowsStandalone.Extensions.dll_75AD810E4D04203B.mvfrm
[176/203    0s] MovedFromExtractor Library/Bee/artifacts/mvdfrm/UnityEditor.iOS.Extensions.dll_5287ACFF00FB7C2B.mvfrm
[177/203    0s] MovedFromExtractor Library/Bee/artifacts/mvdfrm/UnityEngine.NVIDIAModule.dll_0F8BC90B6403754C.mvfrm
[178/203    0s] MovedFromExtractor Library/Bee/artifacts/mvdfrm/UnityEditor.GridModule.dll_BFEE34110BB40FAC.mvfrm
[179/203    0s] MovedFromExtractor Library/Bee/artifacts/mvdfrm/UnityEngine.HierarchyModule.dll_BF9F9BC65D84CBA8.mvfrm
[180/203    0s] MovedFromExtractor Library/Bee/artifacts/mvdfrm/UnityEditor.Graphs.dll_8233FF8604420EE7.mvfrm
[181/203    0s] MovedFromExtractor Library/Bee/artifacts/mvdfrm/UnityEngine.AMDModule.dll_86AD65FA01D551CB.mvfrm
[182/203    0s] ILPP-Configuration Library/ilpp-configuration.nevergeneratedoutput
[183/203    0s] MovedFromExtractor-Combine Library/Bee/artifacts/1900b0aE.dag/UnityEngine.TestRunner.dll.mvfrm
[183/203    0s] Csc Library/Bee/artifacts/1900b0aE.dag/UnityEngine.TestRunner.dll (+2 others) [CacheHit 859d6ea422578e3e103798824a10b5c600000000000000000000000000000006]
[184/203    0s] Csc Library/Bee/artifacts/1900b0aE.dag/UnityEngine.TestRunner.dll (+2 others)
[186/203    0s] MovedFromExtractor Library/Bee/artifacts/mvdfrm/UnityEngine.TestRunner.ref.dll_E55D0F7C63F01D9E.mvfrm
[187/203    0s] MovedFromExtractor-Combine Library/Bee/artifacts/1900b0aE.dag/UnityEditor.TestRunner.dll.mvfrm
[188/203    0s] ILPostProcess Library/Bee/artifacts/1900b0aE.dag/post-processed/UnityEngine.TestRunner.dll (+pdb)
Processing assembly Library/Bee/artifacts/1900b0aE.dag/UnityEngine.TestRunner.dll, with 149 defines and 290 references

processors: zzzUnity.Burst.CodeGen.BurstILPostProcessor

1 processor(s) skipped this assembly
[186/203    0s] Csc Library/Bee/artifacts/1900b0aE.dag/UnityEditor.TestRunner.dll (+2 others) [CacheHit 6e598a02e836e2da351130854cbde19e00000000000000000000000000000006]
[189/203    0s] Csc Library/Bee/artifacts/1900b0aE.dag/UnityEditor.TestRunner.dll (+2 others)
[191/203    0s] CopyFiles Library/ScriptAssemblies/UnityEngine.TestRunner.pdb
[192/203    0s] CopyFiles Library/ScriptAssemblies/UnityEngine.TestRunner.dll
[193/203    0s] MovedFromExtractor Library/Bee/artifacts/mvdfrm/UnityEditor.TestRunner.ref.dll_193EC4CE382CBFB3.mvfrm
[194/203    0s] ILPostProcess Library/Bee/artifacts/1900b0aE.dag/post-processed/UnityEditor.TestRunner.dll (+pdb)
Processing assembly Library/Bee/artifacts/1900b0aE.dag/UnityEditor.TestRunner.dll, with 147 defines and 300 references

processors: zzzUnity.Burst.CodeGen.BurstILPostProcessor

1 processor(s) skipped this assembly
[195/203    0s] CopyFiles Library/ScriptAssemblies/UnityEditor.TestRunner.pdb
[196/203    0s] MovedFromExtractor-Combine Library/Bee/artifacts/1900b0aE.dag/Unity.Rider.Editor.dll.mvfrm
[197/203    0s] MovedFromExtractor-Combine Library/Bee/artifacts/1900b0aE.dag/Unity.VisualStudio.Editor.dll.mvfrm
[195/203    0s] Csc Library/Bee/artifacts/1900b0aE.dag/Unity.Rider.Editor.dll (+2 others) [CacheHit 95c9215d5ed1a8f1fb8e1c2a01c01c3600000000000000000000000000000006]
[198/203    0s] Csc Library/Bee/artifacts/1900b0aE.dag/Unity.Rider.Editor.dll (+2 others)
[196/203    0s] Csc Library/Bee/artifacts/1900b0aE.dag/Unity.VisualStudio.Editor.dll (+2 others) [CacheHit 940910e2318ed60fad151edfa91471df00000000000000000000000000000006]
[200/203    0s] Csc Library/Bee/artifacts/1900b0aE.dag/Unity.VisualStudio.Editor.dll (+2 others)
[202/203    0s] CopyFiles Library/ScriptAssemblies/Unity.Rider.Editor.pdb
[203/203    0s] CopyFiles Library/ScriptAssemblies/Unity.VisualStudio.Editor.pdb
[204/203    0s] CopyFiles Library/ScriptAssemblies/UnityEditor.TestRunner.dll
[205/203    0s] CopyFiles Library/ScriptAssemblies/Unity.VisualStudio.Editor.dll
[206/203    0s] CopyFiles Library/ScriptAssemblies/Unity.Rider.Editor.dll
*** Tundra build success (1.42 seconds), 198 items updated, 203 evaluated
AssetDatabase: script compilation time: 2.212671s
Begin MonoManager ReloadAssembly
Importing 'GUID: 00000000000000001000000000000000 - Path: Assets' with importer (DefaultImporter)
Imported 'GUID: 00000000000000001000000000000000' -> (Import Result ID: '2740a6f043b2b326bdd7512375e96e57') in 0.009 seconds [static dependencies only]. Details - ImportResultOutputID=0bd79294e96b4d95e7775c04af3ef4c2 DependenciesID=5ddfff5767c8d340f2421f4cedfc88ba StaticDependenciesID=3cc2fb38edf9553804fe976b0521b786 
Importing 'GUID: 00000000000000002000000000000000 - Path: ProjectSettings/InputManager.asset' with importer (LibraryAssetImporter)
Imported 'GUID: 00000000000000002000000000000000' -> (Import Result ID: 'd54c3b22344f5659d8f1231ca12dc27f') in 0.002 seconds [static dependencies only]. Details - ImportResultOutputID=6ef5aadfef77827e2c23b904de4fe67c DependenciesID=230c3dc4decdcee345236da146e5ad56 StaticDependenciesID=121b9d84da6e41ec4ab375ad60d25101 
Importing 'GUID: 00000000000000003000000000000000 - Path: ProjectSettings/TagManager.asset' with importer (LibraryAssetImporter)
Imported 'GUID: 00000000000000003000000000000000' -> (Import Result ID: '1e6e7d057cd946b356f9e987cd4b07b3') in 0.000 seconds [static dependencies only]. Details - ImportResultOutputID=f000288eab4d423778547d37d97a06b9 DependenciesID=f89d6d1c173831a02b6d3e26ee30fc12 StaticDependenciesID=908d26d9b786a623216f2dbc8967611d 
Importing 'GUID: 00000000000000004000000000000000 - Path: ProjectSettings/ProjectSettings.asset' with importer (LibraryAssetImporter)
Imported 'GUID: 00000000000000004000000000000000' -> (Import Result ID: '7b1d7d871251597def8bb3c1891ae5c9') in 0.000 seconds [static dependencies only]. Details - ImportResultOutputID=054c890a8f4b6dddbea933bc5e4b7df4 DependenciesID=8c15cb03b82d385a04f04d3534fc4b82 StaticDependenciesID=ec3f6034e44e404148fa84b0d7208433 
Importing 'GUID: 00000000000000006000000000000000 - Path: ProjectSettings/AudioManager.asset' with importer (LibraryAssetImporter)
Imported 'GUID: 00000000000000006000000000000000' -> (Import Result ID: '0f7614d2b61231e66ee7f08dc4ae9926') in 0.000 seconds [static dependencies only]. Details - ImportResultOutputID=d41ed101cdcb18327994de285944fd39 DependenciesID=971e702b08573c691c2dabd97b908d9f StaticDependenciesID=78bf59eed39219d4e919165573f8eef1 
Importing 'GUID: 00000000000000007000000000000000 - Path: ProjectSettings/TimeManager.asset' with importer (LibraryAssetImporter)
Imported 'GUID: 00000000000000007000000000000000' -> (Import Result ID: '7e12a84cd7ab56012d9fa64ef2a5a4da') in 0.000 seconds [static dependencies only]. Details - ImportResultOutputID=888360dbe4cb337dfbc4897083ee474b DependenciesID=d13400a85efeabf30011f29052cf7157 StaticDependenciesID=9d73b30445d3b0990b0ddb8080a69504 
Importing 'GUID: 00000000000000008000000000000000 - Path: ProjectSettings/DynamicsManager.asset' with importer (LibraryAssetImporter)
Imported 'GUID: 00000000000000008000000000000000' -> (Import Result ID: '23ddf6fbe10c2b6b5e8bec0228f7ac7e') in 0.000 seconds [static dependencies only]. Details - ImportResultOutputID=f4e5ea74158efa9a7415a6abc5cfeedf DependenciesID=d4c306ea373454e2dcd748eabdb4077a StaticDependenciesID=426956d523914bf9eb4eac107536faaf 
Importing 'GUID: 00000000000000009000000000000000 - Path: ProjectSettings/QualitySettings.asset' with importer (LibraryAssetImporter)
Imported 'GUID: 00000000000000009000000000000000' -> (Import Result ID: 'cfacddb94c7f35942200be5b26936a31') in 0.000 seconds [static dependencies only]. Details - ImportResultOutputID=2a108b3da874f726c62fbe5f12be4a8a DependenciesID=ce94357f9d985fee94e420676a2fe093 StaticDependenciesID=5474af2cf0fa33f587753d1e75f2c1c8 
Importing 'GUID: 0000000000000000b000000000000000 - Path: ProjectSettings/EditorBuildSettings.asset' with importer (LibraryAssetImporter)
Imported 'GUID: 0000000000000000b000000000000000' -> (Import Result ID: '72e6454857aabd9625fb37b5d4ab19c5') in 0.000 seconds [static dependencies only]. Details - ImportResultOutputID=0a89a5c5f492143e0fa186859e17ba6f DependenciesID=770db2f2a6eea813e0a8c0ff64b695e7 StaticDependenciesID=581d8cc28ba5405024945b229dd04bca 
Importing 'GUID: 0000000000000000c000000000000000 - Path: ProjectSettings/EditorSettings.asset' with importer (LibraryAssetImporter)
Imported 'GUID: 0000000000000000c000000000000000' -> (Import Result ID: '7c933e0beadf8ace339c6b8c661dc81a') in 0.000 seconds [static dependencies only]. Details - ImportResultOutputID=9bf1f3a6d7407228d033acb548d88253 DependenciesID=6bb40170ca58bee95a7b250733be5a53 StaticDependenciesID=d061d61168fd9a74717e037458ab8d29 
Importing 'GUID: 00000000000000004100000000000000 - Path: ProjectSettings/NavMeshAreas.asset' with importer (LibraryAssetImporter)
Imported 'GUID: 00000000000000004100000000000000' -> (Import Result ID: '6d45cdfeb1bfb40d77eb18bc05170f5d') in 0.000 seconds [static dependencies only]. Details - ImportResultOutputID=431705ea786ba1fb0433b092fce391ed DependenciesID=006428ac89fa115e63b6f00fffd937e0 StaticDependenciesID=afafb33f82de12e3a954cd98f4797c04 
Importing 'GUID: 00000000000000005100000000000000 - Path: ProjectSettings/Physics2DSettings.asset' with importer (LibraryAssetImporter)
Imported 'GUID: 00000000000000005100000000000000' -> (Import Result ID: 'f1652250d9522d997e858e51811866b0') in 0.000 seconds [static dependencies only]. Details - ImportResultOutputID=d4b28e6b7b96fa6bea7060628c401421 DependenciesID=76eaecec6542fae294fadd0a55b77318 StaticDependenciesID=735d23946e78ba36e471289568abbbab 
Importing 'GUID: 00000000000000006100000000000000 - Path: ProjectSettings/GraphicsSettings.asset' with importer (LibraryAssetImporter)
Imported 'GUID: 00000000000000006100000000000000' -> (Import Result ID: '2b424917b86b4326efce30230a0e1dd7') in 0.000 seconds [static dependencies only]. Details - ImportResultOutputID=a2dcdb8bc9503711bc0f2e2d72cfd36c DependenciesID=4f961b59e9eb7b2ace1507aa2e1bf608 StaticDependenciesID=d1bf73f22f0167ad4cbee6a2cd781f18 
Importing 'GUID: 00000000000000007100000000000000 - Path: ProjectSettings/ClusterInputManager.asset' with importer (LibraryAssetImporter)
Imported 'GUID: 00000000000000007100000000000000' -> (Import Result ID: '8b2639835f617a8cc4a6d5700c2d349c') in 0.000 seconds [static dependencies only]. Details - ImportResultOutputID=588fc89fed83f51a5c1aa7c8db0cdfd8 DependenciesID=d1cf642007960b4b48fd712639d5e706 StaticDependenciesID=8551dfd6d84e41d9986952666a9ba359 
Importing 'GUID: 0000000000000000a100000000000000 - Path: ProjectSettings/UnityConnectSettings.asset' with importer (LibraryAssetImporter)
Imported 'GUID: 0000000000000000a100000000000000' -> (Import Result ID: 'b565bd3d8eb3f4c6401768ad054c044a') in 0.000 seconds [static dependencies only]. Details - ImportResultOutputID=a2c5944bc70168a38041609ba26dc022 DependenciesID=1df078de649543b06cff47dd6e37c19c StaticDependenciesID=b62be061353e764657891ceb3edf75d8 
Importing 'GUID: 0000000000000000b100000000000000 - Path: ProjectSettings/PresetManager.asset' with importer (LibraryAssetImporter)
Imported 'GUID: 0000000000000000b100000000000000' -> (Import Result ID: 'a96645bc3dfaaa3fd6624b6af3cbf7ad') in 0.000 seconds [static dependencies only]. Details - ImportResultOutputID=6bbf2909d22cca2bf12a4801b098b013 DependenciesID=21947c2b285f338af91358dbec501674 StaticDependenciesID=3deada782f54d913ad057dcb2a298072 
Importing 'GUID: 0000000000000000c100000000000000 - Path: ProjectSettings/VFXManager.asset' with importer (LibraryAssetImporter)
Imported 'GUID: 0000000000000000c100000000000000' -> (Import Result ID: '03eb0499df42a4a61a34c0d2fd54e7fc') in 0.000 seconds [static dependencies only]. Details - ImportResultOutputID=f89698b22875eebc454842245beb374c DependenciesID=1c60a66083b27041e66a3984e2648ca5 StaticDependenciesID=fb20715fce8835e3fbcdfece855d8c20 
Importing 'GUID: 0000000000000000d100000000000000 - Path: ProjectSettings/VersionControlSettings.asset' with importer (LibraryAssetImporter)
Imported 'GUID: 0000000000000000d100000000000000' -> (Import Result ID: '3e83132be3119f6d54f790f3f2e69c30') in 0.000 seconds [static dependencies only]. Details - ImportResultOutputID=fe7ea0ac71117227a6d09fba509747a9 DependenciesID=7d2bdc5d73a279af664e1fab02935448 StaticDependenciesID=84a73b2c199e7b6cd4d5a5a807690cd5 
Importing 'GUID: 0000000000000000f100000000000000 - Path: ProjectSettings/MemorySettings.asset' with importer (LibraryAssetImporter)
Imported 'GUID: 0000000000000000f100000000000000' -> (Import Result ID: '363ed5e7b1a76b0d9be70c126ddd68d6') in 0.000 seconds [static dependencies only]. Details - ImportResultOutputID=bc4e563a9c6fd2d5b4495e4db9c0cc0a DependenciesID=8d4957beda44c649eca15614de97dfbd StaticDependenciesID=a036f858cdc5b11b43d3059eda0534a1 
Importing 'GUID: 00000000000000000200000000000000 - Path: ProjectSettings/MultiplayerManager.asset' with importer (LibraryAssetImporter)
Imported 'GUID: 00000000000000000200000000000000' -> (Import Result ID: '333e9487201c67eebf53d6bf32ba5cdd') in 0.000 seconds [static dependencies only]. Details - ImportResultOutputID=0f99ec37a18b74b8746d5bfd6ca7ca98 DependenciesID=f4ea9893daa7c737bf136b994f0d93e3 StaticDependenciesID=62f4092d43bb367de83e94b1107c958a 
Importing 'GUID: 00000000000000001200000000000000 - Path: ProjectSettings/PhysicsCoreProjectSettings2D.asset' with importer (LibraryAssetImporter)
Imported 'GUID: 00000000000000001200000000000000' -> (Import Result ID: '990209b38044adfcfcf62e5b91ce1492') in 0.000 seconds [static dependencies only]. Details - ImportResultOutputID=fdcbf67861d1bc63eeeff8a918d0a8f1 DependenciesID=36b714542e13086a81b86f10149adff5 StaticDependenciesID=60cad0a1014b5338d21435bab7167415 
Importing 'GUID: 00000000000000002300000000000000 - Path: Library/BuildInstructions' with importer (DefaultImporter)
Imported 'GUID: 00000000000000002300000000000000' -> (Import Result ID: 'a80670de179e9c16064fd8e990e76876') in 0.000 seconds [static dependencies only]. Details - ImportResultOutputID=f125fbf11ce4ab979114dbed2f4fa98b DependenciesID=767c01dfc0924be3719004476dc4df22 StaticDependenciesID=e445e0bffc1e4a1d2bd6a79525da9468 
Importing 'GUID: c060426bfd6e82575228df6656368eaa - Path: Packages/com.unity.modules.imgui' with importer (DefaultImporter)
Imported 'GUID: c060426bfd6e82575228df6656368eaa' -> (Import Result ID: '682d49718337f9e8ad0c1953342b952a') in 0.000 seconds [static dependencies only]. Details - ImportResultOutputID=f5fc001a1ad129788ee2159d776db60d DependenciesID=6764ce33a9e0cede05d0ddf1e96d75b9 StaticDependenciesID=2e56775f807a7b7fbf419a5f33245a15 
Importing 'GUID: 1158e311a3101950348dcecb1bebc42d - Path: Packages/com.unity.modules.animation' with importer (DefaultImporter)
Imported 'GUID: 1158e311a3101950348dcecb1bebc42d' -> (Import Result ID: '1cb0286f7bb4c7d360b6caf15ede32b0') in 0.000 seconds [static dependencies only]. Details - ImportResultOutputID=97d562cce453a32c309d667bce4112d1 DependenciesID=52f4022a640f0eac7e51a897036d8e8d StaticDependenciesID=e943035d232a48aff280a6118f5ffaef 
Importing 'GUID: 515638b803bef8599dbd6d5c8bdaa53e - Path: Packages/com.unity.modules.xr' with importer (DefaultImporter)
Imported 'GUID: 515638b803bef8599dbd6d5c8bdaa53e' -> (Import Result ID: 'c863a302c93da23f9b787b182838053f') in 0.000 seconds [static dependencies only]. Details - ImportResultOutputID=4abc2d12d7cb863eccc06f40fa668046 DependenciesID=7cda08148d34c645c546687368e4e331 StaticDependenciesID=d7b74c9ab0bacc304e199bd48aac46ea 
Importing 'GUID: b219c86ce508e478367c0a46e1aa9fe4 - Path: Packages/com.unity.modules.assetbundle' with importer (DefaultImporter)
Imported 'GUID: b219c86ce508e478367c0a46e1aa9fe4' -> (Import Result ID: 'd579235fe42056f50dec7b5f78e8418d') in 0.000 seconds [static dependencies only]. Details - ImportResultOutputID=3b865eb0e861e2684118da921a42770f DependenciesID=b34e02bc9610c79a0e3caf9966c9109c StaticDependenciesID=c50e91621288bc046ceef15624b81bd8 
Importing 'GUID: 04c6898809c37620ac863cc2a5d7c4d0 - Path: Packages/com.unity.modules.vectorgraphics' with importer (DefaultImporter)
Imported 'GUID: 04c6898809c37620ac863cc2a5d7c4d0' -> (Import Result ID: 'd21bec1616e53d255574d9cd0201e3f9') in 0.000 seconds [static dependencies only]. Details - ImportResultOutputID=98c0b597d8afa397b819beb7a43f5fac DependenciesID=6667ea3006c4561dd0dfaf5412302ccf StaticDependenciesID=88905f6b6cdccd2cb95e2927cc1a3df1 
Importing 'GUID: 5469ef0820152a4ae45d400fdc4626e4 - Path: Packages/com.unity.modules.screencapture' with importer (DefaultImporter)
Imported 'GUID: 5469ef0820152a4ae45d400fdc4626e4' -> (Import Result ID: 'e0014a8d499b436e2e372ff968958bc9') in 0.000 seconds [static dependencies only]. Details - ImportResultOutputID=93e2e0095437a3f0b6c6f329c875f5e8 DependenciesID=836be4a1c8e0478ac67837d8b35ecfc4 StaticDependenciesID=9fea1899b8e13368a8f75cb958effa91 
Importing 'GUID: c4df1124e2787ee0c8d1a911de17ee73 - Path: Packages/com.unity.modules.cloth' with importer (DefaultImporter)
Imported 'GUID: c4df1124e2787ee0c8d1a911de17ee73' -> (Import Result ID: '90d1e803345d162d9893c4276810bdda') in 0.000 seconds [static dependencies only]. Details - ImportResultOutputID=0b75edd4713af0c60b6538f3fc21bbac DependenciesID=8e3da12c7bafcf02c47b26114c4da198 StaticDependenciesID=13465632f2451e2958f144130c30ea24 
Importing 'GUID: 25151ed74dce0c18857ead186416ac0c - Path: Packages/com.unity.modules.tetgen' with importer (DefaultImporter)
Imported 'GUID: 25151ed74dce0c18857ead186416ac0c' -> (Import Result ID: 'ad3d3ff065b099f3d3d989c01a95b76e') in 0.000 seconds [static dependencies only]. Details - ImportResultOutputID=7135452d37129296f8f5f522edc0cf0e DependenciesID=e34149d0dd79a755583c28b3d97cab01 StaticDependenciesID=fca226df487fba45a034e6c70bc853ff 
Importing 'GUID: 850c54ee0b9e1aa740b1c67792eb1f26 - Path: Packages/com.unity.modules.imageconversion' with importer (DefaultImporter)
Imported 'GUID: 850c54ee0b9e1aa740b1c67792eb1f26' -> (Import Result ID: 'af90ed7476409e3905a496d14f73b0b3') in 0.000 seconds [static dependencies only]. Details - ImportResultOutputID=25e734cd17db43fca0a5646b579b21a1 DependenciesID=90c0129b19f84391f2419c00975c86bf StaticDependenciesID=b48e8f51d07b36dd8eb41f52bf2ba024 
Importing 'GUID: 95f85adeda79e994f011eb2152cf4fc9 - Path: Packages/com.unity.modules.terrainphysics' with importer (DefaultImporter)
Imported 'GUID: 95f85adeda79e994f011eb2152cf4fc9' -> (Import Result ID: 'a2645d29d8b6e7ce765b0a71c8fde07a') in 0.000 seconds [static dependencies only]. Details - ImportResultOutputID=2de9e307301bed78f620e1b3216ab46d DependenciesID=489c13d7d5dbf10040e5b19d47780b8f StaticDependenciesID=07ff05ffd577d0ee9d59cccee746e97e 
Importing 'GUID: c522a644a29fcab2eaf63298c118a65b - Path: Packages/com.unity.modules.unitywebrequest' with importer (DefaultImporter)
Imported 'GUID: c522a644a29fcab2eaf63298c118a65b' -> (Import Result ID: '35a749b2771ad0b4b5b34b5d03bd8927') in 0.000 seconds [static dependencies only]. Details - ImportResultOutputID=42d17fa5e199085b5ebf5fe43fc0c3d6 DependenciesID=ce37d507f238dcd94a9d3e589600c542 StaticDependenciesID=7efec60060c890ac0bae1bf9ffddf104 
Importing 'GUID: d5f0b0adc6826e9dd3b72e292e8438be - Path: Packages/com.unity.modules.unitywebrequestassetbundle' with importer (DefaultImporter)
Imported 'GUID: d5f0b0adc6826e9dd3b72e292e8438be' -> (Import Result ID: 'b0bf9ebd083072b9d2772ff760b138a0') in 0.000 seconds [static dependencies only]. Details - ImportResultOutputID=0d6659e8e2d823a2c3b0031d1bb70f46 DependenciesID=adc45c23fabcf57940d4f0557c73390d StaticDependenciesID=72ff8d7bce36ab98adec41c76a73ca55 
Importing 'GUID: 56b94a5b6990c879bb0f057719d1064b - Path: Packages/com.unity.modules.subsystems' with importer (DefaultImporter)
Imported 'GUID: 56b94a5b6990c879bb0f057719d1064b' -> (Import Result ID: '1e1cac68e3dc83406039b3e43f583f41') in 0.000 seconds [static dependencies only]. Details - ImportResultOutputID=591e9811461758a92a9a5eebd6cecb29 DependenciesID=5d1820edfdde2b2d4fabcc25ffb06c61 StaticDependenciesID=8646805af60443a28f57ca14888394d2 
Importing 'GUID: d6c6a000a805f00649b36b542e8426c2 - Path: Packages/com.unity.modules.unityanalytics' with importer (DefaultImporter)
Imported 'GUID: d6c6a000a805f00649b36b542e8426c2' -> (Import Result ID: 'fc2791e35f078eae4b236800632f7916') in 0.000 seconds [static dependencies only]. Details - ImportResultOutputID=404c94bd647a52d20e25d58febc853db DependenciesID=53973ece9e77b50e0b665c02b5f9cf61 StaticDependenciesID=07ccf3242da58ddd33f9f34377a02471 
Importing 'GUID: d6db7caf2e852b75ebb9c6098418179c - Path: Packages/com.unity.modules.physics' with importer (DefaultImporter)
Imported 'GUID: d6db7caf2e852b75ebb9c6098418179c' -> (Import Result ID: '9421eab3ec98d72e486581695fe386a6') in 0.000 seconds [static dependencies only]. Details - ImportResultOutputID=d99447c570abb9a9d540ac85d945527e DependenciesID=1576c1ebbc2e43cb8cd783a66da88e02 StaticDependenciesID=439d4caa592175ac26fb77639f400716 
Importing 'GUID: 376c84ea405e0f2b80562c23bb977216 - Path: Packages/com.unity.modules.physics2d' with importer (DefaultImporter)
Imported 'GUID: 376c84ea405e0f2b80562c23bb977216' -> (Import Result ID: '46fcc1a3300c8fe45a973eefc3817c4d') in 0.000 seconds [static dependencies only]. Details - ImportResultOutputID=76abd9b5f9d9723c46af1bb476315b64 DependenciesID=c7cdb6995e1fd6f8bb262dc47a15263a StaticDependenciesID=9eb03461e036054c251ca5627068ed0b 
Importing 'GUID: b77b1ad9c05af0412725856c6c53b037 - Path: Packages/com.unity.modules.wind' with importer (DefaultImporter)
Imported 'GUID: b77b1ad9c05af0412725856c6c53b037' -> (Import Result ID: 'b022eb5c72de662c91deef513e2b9f9e') in 0.000 seconds [static dependencies only]. Details - ImportResultOutputID=0a486d2f85568b494a776277e829c892 DependenciesID=0b0cf31f8861a80454670ca002b592f5 StaticDependenciesID=d099c1903e87c349148c1cd2a049849c 
Importing 'GUID: c72c70ec0dc14895c2a062d690485576 - Path: Packages/com.unity.test-framework' with importer (DefaultImporter)
Imported 'GUID: c72c70ec0dc14895c2a062d690485576' -> (Import Result ID: 'c2e37b6dd33afc93bd441c5b2e04aca2') in 0.000 seconds [static dependencies only]. Details - ImportResultOutputID=860856971941c6002997bd0301743dca DependenciesID=9c16e414711a5b87739efa699d3ccb36 StaticDependenciesID=834dcc71b6307b2d9cef8e0fe10a93a4 
Importing 'GUID: 2808ba6bccb2478ec9c7209d8bf1f3cc - Path: Packages/com.unity.modules.uielements' with importer (DefaultImporter)
Imported 'GUID: 2808ba6bccb2478ec9c7209d8bf1f3cc' -> (Import Result ID: '153312f574ed1d0674a499dcf69f6e2e') in 0.000 seconds [static dependencies only]. Details - ImportResultOutputID=12cb061fd9999a181bc535c6b37ba619 DependenciesID=3775b7c3743238b3a9049dc6ee9ac479 StaticDependenciesID=c9f81fd34bb8d67e782b0e178c6451fc 
Importing 'GUID: 38e3a8976f0b9c586b6dfbcef4e4066c - Path: Packages/com.unity.modules.unitywebrequestaudio' with importer (DefaultImporter)
Imported 'GUID: 38e3a8976f0b9c586b6dfbcef4e4066c' -> (Import Result ID: 'c619ed6d867c9697591f0aa25aa34bdb') in 0.000 seconds [static dependencies only]. Details - ImportResultOutputID=d1f3114c05e2cb5c6a5bb7e50160fe1d DependenciesID=20f019fc40094542b06406247fc1855f StaticDependenciesID=7ccd079c63a61d87ddc0234b9358de49 
Importing 'GUID: 48b10b41f58d5b49717f376cda59eeb8 - Path: Packages/com.unity.modules.particlesystem' with importer (DefaultImporter)
Imported 'GUID: 48b10b41f58d5b49717f376cda59eeb8' -> (Import Result ID: 'bd6c81b6eb8c41828acf5ad24d7db931') in 0.000 seconds [static dependencies only]. Details - ImportResultOutputID=6f138f103c8fc43882742e06d06ccf40 DependenciesID=48ae7ef00f9ac721edcdfad9583a1295 StaticDependenciesID=cdb9aa2fff4a61118cb0122aeb860ec7 
Importing 'GUID: 783ee1c8fd4414848db1be97aacf44fb - Path: Packages/com.unity.modules.accessibility' with importer (DefaultImporter)
Imported 'GUID: 783ee1c8fd4414848db1be97aacf44fb' -> (Import Result ID: 'd97fd9100026c83b7eab6442b35a6dfe') in 0.000 seconds [static dependencies only]. Details - ImportResultOutputID=b1a6fb629863cf49412e01a1187bce30 DependenciesID=ab378ab1f895b7da7c274adfb847146d StaticDependenciesID=1820134102485c8dcf06b8f28d566909 
Importing 'GUID: 09e28640d754a611467eebfb261ed749 - Path: Packages/com.unity.modules.tilemap' with importer (DefaultImporter)
Imported 'GUID: 09e28640d754a611467eebfb261ed749' -> (Import Result ID: '91f01c3ec1303f55e7d4d2c1a39ad2ff') in 0.000 seconds [static dependencies only]. Details - ImportResultOutputID=1afeb32cfcaea483a8ff5041a15448c3 DependenciesID=2d2742a7c503aead8d80bb8a9db947f7 StaticDependenciesID=021b3676001985a689c476087d878f4b 
Importing 'GUID: 39728903e57c60021f80449a8bbc0096 - Path: Packages/com.unity.modules.ui' with importer (DefaultImporter)
Imported 'GUID: 39728903e57c60021f80449a8bbc0096' -> (Import Result ID: 'e4a206413ae403e264c1310773f95923') in 0.000 seconds [static dependencies only]. Details - ImportResultOutputID=b3a99ae549e12123977db11a77fa6dc8 DependenciesID=29c98a9193e31f636bb291b540413632 StaticDependenciesID=64b148cd46a70c82ade3f7e7b5c1a3d8 
Importing 'GUID: 995c08a3305ff9f0dab5e86f340bd9a7 - Path: Packages/com.unity.modules.androidjni' with importer (DefaultImporter)
Imported 'GUID: 995c08a3305ff9f0dab5e86f340bd9a7' -> (Import Result ID: '8d9fec0caa5ce7e5f68a6ab541c3002d') in 0.000 seconds [static dependencies only]. Details - ImportResultOutputID=41e43b0974a24d3349dec4b773ad496c DependenciesID=90c06ce69692aae6d8a89fd575a47967 StaticDependenciesID=42ecc5ca78b6c08022d64898942ebc42 
Importing 'GUID: b975297a992381c1f3257d0e96892c8a - Path: Packages/com.unity.modules.adaptiveperformance' with importer (DefaultImporter)
Imported 'GUID: b975297a992381c1f3257d0e96892c8a' -> (Import Result ID: '5dd5375c68fa3e6abf2dd2eab8f3129b') in 0.000 seconds [static dependencies only]. Details - ImportResultOutputID=0cd6330dcea8a5bd6d28730f133919ed DependenciesID=0ff1fb351239dca6cd6b0fbaafdc6d08 StaticDependenciesID=992c185302a1e43be8290147a49a88b4 
Importing 'GUID: f9f63097209c6bab2b6e9dfd4032a134 - Path: Packages/com.unity.ide.rider' with importer (DefaultImporter)
Imported 'GUID: f9f63097209c6bab2b6e9dfd4032a134' -> (Import Result ID: 'eb59597365413c6de3d7289bc7fd30c2') in 0.000 seconds [static dependencies only]. Details - ImportResultOutputID=2d229295d81b5623fd2d00a33a952e80 DependenciesID=cef6e249dd830d3155389df75f36a654 StaticDependenciesID=29f2d8a37ef0c15c117534e2958d346c 
Importing 'GUID: cae78bb88f8c8675e30d16908805e79d - Path: Packages/com.unity.modules.timelinefoundation' with importer (DefaultImporter)
Imported 'GUID: cae78bb88f8c8675e30d16908805e79d' -> (Import Result ID: 'ea0e075dc8747fa2dad92aa60a98d1eb') in 0.000 seconds [static dependencies only]. Details - ImportResultOutputID=35905693e3216167cee053e3e1b8184e DependenciesID=8f823fd19bdbf3d450ef6f4a3159c9b1 StaticDependenciesID=b16c0b43e2d1595a5fdf54aaaf0e3f3e 
Importing 'GUID: 6b81377a4453ba7362eb3322f9bcc6c6 - Path: Packages/com.unity.modules.hierarchycore' with importer (DefaultImporter)
Imported 'GUID: 6b81377a4453ba7362eb3322f9bcc6c6' -> (Import Result ID: '8053c8d7db29af5fb0397e31dc86d875') in 0.000 seconds [static dependencies only]. Details - ImportResultOutputID=b0f4c945e5b6d2aa74b5842b405198e4 DependenciesID=c32b8cafebbc9f2d375525771f4ac028 StaticDependenciesID=49f6e71f33c0322e78878928ccd547ff 
Importing 'GUID: 1cf2469083ffa484da4d78dd70d708e8 - Path: Packages/com.unity.modules.vehicles' with importer (DefaultImporter)
Imported 'GUID: 1cf2469083ffa484da4d78dd70d708e8' -> (Import Result ID: '1fd876edd6f47d29c67cb20ce78b5deb') in 0.000 seconds [static dependencies only]. Details - ImportResultOutputID=d37813053da7924b8632088a8e5223e5 DependenciesID=bcdfeb2afe71922b0a0805d74914b039 StaticDependenciesID=7979be20ea7bbdb7a5df1132be287211 
Importing 'GUID: 9c7c268fa6492449654839df69f2a2f4 - Path: Packages/com.unity.modules.umbra' with importer (DefaultImporter)
Imported 'GUID: 9c7c268fa6492449654839df69f2a2f4' -> (Import Result ID: '00805290f3f96867e214b997460f75b1') in 0.000 seconds [static dependencies only]. Details - ImportResultOutputID=5992b0bcc1e4bb97278147d3456844ab DependenciesID=2d6c43174266d7992d49b52cac077ded StaticDependenciesID=8676463a2677bf46e4389aef917bc42c 
Importing 'GUID: dcc8c6e92b172a65719af5ddf47dd968 - Path: Packages/com.unity.modules.unitywebrequestwww' with importer (DefaultImporter)
Imported 'GUID: dcc8c6e92b172a65719af5ddf47dd968' -> (Import Result ID: '961b8fd983d26f856fd78b91f0db379c') in 0.000 seconds [static dependencies only]. Details - ImportResultOutputID=b884c6996f4168ec055a21bc3df6135a DependenciesID=dc4e5fb8a9d3128049bde219dbc5f1bc StaticDependenciesID=1629687512ed27ed8fceaf1d8e76b02a 
Importing 'GUID: fc3a810351931f5e6183e16b9beb5563 - Path: Packages/com.unity.modules.jsonserialize' with importer (DefaultImporter)
Imported 'GUID: fc3a810351931f5e6183e16b9beb5563' -> (Import Result ID: '4c717e052ed35040b01181b8aeeabdce') in 0.000 seconds [static dependencies only]. Details - ImportResultOutputID=3becf28e3d8c6fcaad27baf9eff49eb7 DependenciesID=848cd90e9b19286877089217404f8606 StaticDependenciesID=36176ea3334c5c247398aca84b71bb81 
Importing 'GUID: 2d142b475fbfb8cf12ba3a795194300a - Path: Packages/com.unity.modules.director' with importer (DefaultImporter)
Imported 'GUID: 2d142b475fbfb8cf12ba3a795194300a' -> (Import Result ID: '8cbf287d051a321e64fdde141fecf2a9') in 0.000 seconds [static dependencies only]. Details - ImportResultOutputID=8da594cb73801a0203564c7a50c97887 DependenciesID=d733690a82e2a88fcdc8788c20ac6bed StaticDependenciesID=05b9aad4695553017a56b0bac923cae0 
Importing 'GUID: 2d6ba5cbe47e6ad3c87474c56174d4e0 - Path: Packages/com.unity.modules.audio' with importer (DefaultImporter)
Imported 'GUID: 2d6ba5cbe47e6ad3c87474c56174d4e0' -> (Import Result ID: 'b5aa5d11b09542a046a40d1b9836ff98') in 0.000 seconds [static dependencies only]. Details - ImportResultOutputID=e6811b686232d75db22bc2980b93bbaf DependenciesID=6751c7af021b92ac82702bc31f5cbdd7 StaticDependenciesID=c2d0f4358e023c44cf92941866870ca5 
Importing 'GUID: ede0462698a4a5643aa9872c074acd38 - Path: Packages/com.unity.modules.video' with importer (DefaultImporter)
Imported 'GUID: ede0462698a4a5643aa9872c074acd38' -> (Import Result ID: '11a9afcfbe909c604b4f4fd82ecd1731') in 0.000 seconds [static dependencies only]. Details - ImportResultOutputID=4e6515b3bd000d511f10952ecb46d019 DependenciesID=477c840358a397b370a501c422ab8f88 StaticDependenciesID=c9d05cc66955a0337e7be42ba854ab1e 
Importing 'GUID: fd871a8be47119612f7c254e96a822b7 - Path: Packages/com.unity.modules.ai' with importer (DefaultImporter)
Imported 'GUID: fd871a8be47119612f7c254e96a822b7' -> (Import Result ID: 'ce9f38b6b386072a0eeb05375ff3d863') in 0.000 seconds [static dependencies only]. Details - ImportResultOutputID=d4f27eba869a1a6ac104a1eee199a73d DependenciesID=a8a5ee84d9e0581e502623006e97521a StaticDependenciesID=6b2e045850e0a09a7f1e8d35410f0745 
Importing 'GUID: 5e22a8d6e557a1b3cae09054b0b5f9d8 - Path: Packages/com.unity.modules.physicscore2d' with importer (DefaultImporter)
Imported 'GUID: 5e22a8d6e557a1b3cae09054b0b5f9d8' -> (Import Result ID: '07edaf449a0a9b117acb9569ab2afb59') in 0.000 seconds [static dependencies only]. Details - ImportResultOutputID=e63105581d85229110be56a07ce9b194 DependenciesID=e74a20b9f862d58818230d53b786679c StaticDependenciesID=1a6acdd98d030a9eaa3796880b97de04 
Importing 'GUID: 6e1c8b97ec8aa0464e92506ffe099558 - Path: Packages/com.unity.modules.terrain' with importer (DefaultImporter)
Imported 'GUID: 6e1c8b97ec8aa0464e92506ffe099558' -> (Import Result ID: '38b887e6118f5d6dc6049e7245ef2f24') in 0.000 seconds [static dependencies only]. Details - ImportResultOutputID=7bffbe27b3074ed188309356b499e191 DependenciesID=22a2d69e145aaf070736cfa33f430edc StaticDependenciesID=9a4538a6dce990dd143d6282d7852b90 
Importing 'GUID: 0fd4e399f8f08ad7d825c8afb134f255 - Path: Packages/com.unity.ide.visualstudio' with importer (DefaultImporter)
Imported 'GUID: 0fd4e399f8f08ad7d825c8afb134f255' -> (Import Result ID: '18e78c50a178140b49e76bc29674c034') in 0.000 seconds [static dependencies only]. Details - ImportResultOutputID=ec68da80d563fdf2b06a4a6e2331dfca DependenciesID=dc57245625133417ec457cea80e1e96c StaticDependenciesID=1137294c1d635dbdda6c27d40a5fd044 
Importing 'GUID: 6f1c7ebc8ac78cb951be24c238cbd3ba - Path: Packages/com.unity.modules.unitywebrequesttexture' with importer (DefaultImporter)
Imported 'GUID: 6f1c7ebc8ac78cb951be24c238cbd3ba' -> (Import Result ID: '79a048a2e3e1bd3fae7a4cc63054a6b4') in 0.000 seconds [static dependencies only]. Details - ImportResultOutputID=7447a1aeb827c07b00333d43bf3a2e88 DependenciesID=9eb4ba80cf14f0fa1e22c5c7582aabe4 StaticDependenciesID=09e96c195b29e1ab3fe8f0b9faadf68b 
Importing 'GUID: 9f2214f1d2afdb23b011c486f9dcea1b - Path: Packages/com.unity.ext.nunit' with importer (DefaultImporter)
Imported 'GUID: 9f2214f1d2afdb23b011c486f9dcea1b' -> (Import Result ID: '92d046cc2ce0e2aa37cd71476c4890ba') in 0.000 seconds [static dependencies only]. Details - ImportResultOutputID=5d48fc592d097cd8671e05de607d44b7 DependenciesID=40443867d3f42fa9691d65597ed1686a StaticDependenciesID=2bca5968263aa8a69066e31e4e57f016 
Importing 'GUID: 9129183a42052cd43b9c284d6dbd541e - Path: Packages/com.unity.ide.rider/Rider' with importer (DefaultImporter)
Imported 'GUID: 9129183a42052cd43b9c284d6dbd541e' -> (Import Result ID: '2e064d669d36b5627aa5adccf43e47a4') in 0.000 seconds [static dependencies only]. Details - ImportResultOutputID=50472d7e4f09d234dadf221da2ac460d DependenciesID=3191c4b4598752bb64810f85d6aa4b8b StaticDependenciesID=d4c51cc78167c7a990c711e25f7fd519 
Importing 'GUID: 950890083f4907541a6ed06d70959e49 - Path: Packages/com.unity.test-framework/UnityEngine.TestRunner' with importer (DefaultImporter)
Imported 'GUID: 950890083f4907541a6ed06d70959e49' -> (Import Result ID: '5422a1785599eb93fb792bbdcb3f16e4') in 0.000 seconds [static dependencies only]. Details - ImportResultOutputID=f6c49cf3c78c1306a347777433ee6db0 DependenciesID=69756093b8a699b18ba8195d0d6da2f4 StaticDependenciesID=8c40e074cc82c029e468974f14c0d290 
Importing 'GUID: 95cdf27b47eb82747ba9e51f41e72a35 - Path: Packages/com.unity.test-framework/UnityEditor.TestRunner' with importer (DefaultImporter)
Imported 'GUID: 95cdf27b47eb82747ba9e51f41e72a35' -> (Import Result ID: '9e4eac3d4be80606c480ab59e98751a9') in 0.001 seconds [static dependencies only]. Details - ImportResultOutputID=a3e11e30e6d6e4421b35206823482237 DependenciesID=9d39b36edadc380c0691b334dbc1ecf9 StaticDependenciesID=f37ac8c8740d138a97ed3450c7fec262 
Importing 'GUID: a962d501f44484c37814dbad5ed605e9 - Path: Packages/com.unity.ext.nunit/net472' with importer (DefaultImporter)
Imported 'GUID: a962d501f44484c37814dbad5ed605e9' -> (Import Result ID: '76b77a009ad5fb72fd70a9115f27f3e1') in 0.000 seconds [static dependencies only]. Details - ImportResultOutputID=3914cdc36fc7f24719fb0ee236ca7348 DependenciesID=50e82c912778d96e34aad6ac493c2930 StaticDependenciesID=f6ddab29764b7085042006a521a63f66 
Importing 'GUID: 4a707af59e3522d43afe34dfc4429b86 - Path: Packages/com.unity.ide.visualstudio/Editor' with importer (DefaultImporter)
Imported 'GUID: 4a707af59e3522d43afe34dfc4429b86' -> (Import Result ID: '9160f5a97c59809f3030a1229da3fa24') in 0.000 seconds [static dependencies only]. Details - ImportResultOutputID=24776a91236061bdcd717ecc29c97f04 DependenciesID=9a93991a953e549808b4636841e7ff35 StaticDependenciesID=9dd1cf8e586c0381789cef366eb6190d 
Importing 'GUID: 936c6340f3468444ebb1785b4c311126 - Path: Packages/com.unity.test-framework/UnityEditor.TestRunner/UnityTestProtocol' with importer (DefaultImporter)
Imported 'GUID: 936c6340f3468444ebb1785b4c311126' -> (Import Result ID: 'bc6496cdfaaafc392525dad260097bbd') in 0.000 seconds [static dependencies only]. Details - ImportResultOutputID=4714ff5427e94daa5aeb958b917aaacd DependenciesID=68c48a8b26e684fc54274df37f409a1d StaticDependenciesID=3abb03fabfd47a992a93761f4f4661a5 
Importing 'GUID: b477d1f29b65a674e9d5cdab4eb72b01 - Path: Packages/com.unity.test-framework/UnityEditor.TestRunner/CommandLineTest' with importer (DefaultImporter)
Imported 'GUID: b477d1f29b65a674e9d5cdab4eb72b01' -> (Import Result ID: 'd4f41dd1b5c53711bf77823560bd1f48') in 0.000 seconds [static dependencies only]. Details - ImportResultOutputID=347f0b734e3646a40393a44e378409d9 DependenciesID=5a385367feb37e7adfec805d3698e690 StaticDependenciesID=d212bef65a570d87ab682ac28d49b4fb 
Importing 'GUID: 95b719082a664ea45bb56759eed1f271 - Path: Packages/com.unity.test-framework/UnityEditor.TestRunner/TestSettings' with importer (DefaultImporter)
Imported 'GUID: 95b719082a664ea45bb56759eed1f271' -> (Import Result ID: '72b019086dcd534785918cbf3b57c64f') in 0.000 seconds [static dependencies only]. Details - ImportResultOutputID=02d9a799a0d85b6973bb6a6373c4fead DependenciesID=31fc233335bf5e1f0be9b71318709999 StaticDependenciesID=2a106916a4c016b5d6904c3d6460f857 
Importing 'GUID: 36422aa067e092e45b9820da2ee3e728 - Path: Packages/com.unity.ide.visualstudio/Editor/COMIntegration' with importer (DefaultImporter)
Imported 'GUID: 36422aa067e092e45b9820da2ee3e728' -> (Import Result ID: '3b1a253a0ef9e29a3f9df6083bc0302f') in 0.000 seconds [static dependencies only]. Details - ImportResultOutputID=85d0ebfb69079172a613a7ccea043221 DependenciesID=1e057067367793670ee9288ef6ede92b StaticDependenciesID=2974e38a59ca99da3e9ca63d964f886d 
Importing 'GUID: 7602252bdb82b8d45ae3483c3a00d3e1 - Path: Packages/com.unity.test-framework/UnityEditor.TestRunner/CommandLineParser' with importer (DefaultImporter)
Imported 'GUID: 7602252bdb82b8d45ae3483c3a00d3e1' -> (Import Result ID: '93a5395bb7cdee65b531379cd6c81923') in 0.000 seconds [static dependencies only]. Details - ImportResultOutputID=8b32be5a03503677079543b7ee882ccf DependenciesID=a44a09122cb0442ac41988b7da877efe StaticDependenciesID=0b5346cd21362481afef2626785d3c15 
Importing 'GUID: d64d92e4f04a13e4b99ea8d48e9e8ae9 - Path: Packages/com.unity.test-framework/UnityEditor.TestRunner/TestLaunchers' with importer (DefaultImporter)
Imported 'GUID: d64d92e4f04a13e4b99ea8d48e9e8ae9' -> (Import Result ID: 'f4856e91216acb16e8b6e9ad33069d23') in 0.001 seconds [static dependencies only]. Details - ImportResultOutputID=0f426670ce7a7cceb4872b922e9dee57 DependenciesID=50699a0b77ed290de6117a82d53e12a5 StaticDependenciesID=e1285cc602019ab6fe506a55b63dfdb1 
Importing 'GUID: 27328db3447b143dcb24e8c854d86028 - Path: Packages/com.unity.ext.nunit/net472/unity-custom' with importer (DefaultImporter)
Imported 'GUID: 27328db3447b143dcb24e8c854d86028' -> (Import Result ID: 'b5ab5c67188a19e0e7b8c33b00b6b956') in 0.000 seconds [static dependencies only]. Details - ImportResultOutputID=82c9abbc1fbb1daf0b240097b4a4abfe DependenciesID=2e1008e3907f1d040d7f460144670c4e StaticDependenciesID=e56b63fc6cf556c84154d44bb4a47884 
Importing 'GUID: 8721cb2237d4a564a94a51f56243bdac - Path: Packages/com.unity.test-framework/UnityEditor.TestRunner/TestRun' with importer (DefaultImporter)
Imported 'GUID: 8721cb2237d4a564a94a51f56243bdac' -> (Import Result ID: '039e0bbb329fe273da60130338de6b1e') in 0.000 seconds [static dependencies only]. Details - ImportResultOutputID=58480bc6d005e3758bfde4d77153df39 DependenciesID=044a2bd9eb33b435c60b45186160234e StaticDependenciesID=73d66df1f085990d1620c5fcbc2657c2 
Importing 'GUID: 19e1940646874613a076c6b01d1f3404 - Path: Packages/com.unity.test-framework/UnityEngine.TestRunner/UnityTestProtocol' with importer (DefaultImporter)
Imported 'GUID: 19e1940646874613a076c6b01d1f3404' -> (Import Result ID: 'e6de84f02c0bc32e75825c10e2069170') in 0.000 seconds [static dependencies only]. Details - ImportResultOutputID=564e4130128747a5c27e3bad27675bac DependenciesID=97579bb077291f2f91b2d8123bca1b12 StaticDependenciesID=b0e91d08b8b4a14e23848696b6fde327 
Importing 'GUID: 49d4c2ab7ff0f4442af256bad7c9d57c - Path: Packages/com.unity.test-framework/UnityEditor.TestRunner/TestRunner' with importer (DefaultImporter)
Imported 'GUID: 49d4c2ab7ff0f4442af256bad7c9d57c' -> (Import Result ID: '3b6a37881959db84d7a13bd4d7b20906') in 0.000 seconds [static dependencies only]. Details - ImportResultOutputID=028738f72b967aadc745355a0db1ed21 DependenciesID=097ab4f26903bf71636188607bf34489 StaticDependenciesID=47c011eae69c4b9aa093137c60c03e01 
Importing 'GUID: 1ad55f5ad04d1d045a1f287409c650dd - Path: Packages/com.unity.test-framework/UnityEngine.TestRunner/Assertions' with importer (DefaultImporter)
Imported 'GUID: 1ad55f5ad04d1d045a1f287409c650dd' -> (Import Result ID: '3554f760e197c05a1e9f6edea9fb897f') in 0.000 seconds [static dependencies only]. Details - ImportResultOutputID=4c0e37bdbcd53fb0b4116fd07b4594e9 DependenciesID=31fd864d7e022271fcca4f33dbefbbd5 StaticDependenciesID=037f5d6358f904f2786adbe3a1d801a8 
Importing 'GUID: fa423365b1ce06a4dbdc6fb4a8597bfa - Path: Packages/com.unity.test-framework/UnityEditor.TestRunner/Api' with importer (DefaultImporter)
Imported 'GUID: fa423365b1ce06a4dbdc6fb4a8597bfa' -> (Import Result ID: 'dbfbf27d747c194eee4936790607ce29') in 0.000 seconds [static dependencies only]. Details - ImportResultOutputID=3400c6558f548137dc7e984347359bd4 DependenciesID=b48915f6884923c65f7b8b4b3df9498e StaticDependenciesID=88c4905adfd1852422700d60c17e70cc 
Importing 'GUID: 1b393f6b29a9ee84c803af1ab4944b71 - Path: Packages/com.unity.ide.rider/Rider/Editor' with importer (DefaultImporter)
Imported 'GUID: 1b393f6b29a9ee84c803af1ab4944b71' -> (Import Result ID: '5df02ca049d89592a08a1a0a48180574') in 0.000 seconds [static dependencies only]. Details - ImportResultOutputID=6404d4542db4a19d55be0b701dd56232 DependenciesID=9213b2146893a306da5c568d8fab4cad StaticDependenciesID=7f19df4ccd7b25dc56226111196ed53e 
Importing 'GUID: 5b17896803f77494da73d73448fb6cb4 - Path: Packages/com.unity.ide.visualstudio/Editor/VSWhere' with importer (DefaultImporter)
Imported 'GUID: 5b17896803f77494da73d73448fb6cb4' -> (Import Result ID: '143bee58c4cce7ade306607774a6852b') in 0.000 seconds [static dependencies only]. Details - ImportResultOutputID=1cf7fb2561004c647adace8a0b5653ca DependenciesID=b7c3ad5caeafb822cd72de2263338665 StaticDependenciesID=8237a88cf8f58b14a2743277c20550b2 
Importing 'GUID: 8beeeeebc0857854d8b4e2c2895dd7a9 - Path: Packages/com.unity.ide.visualstudio/Editor/ProjectGeneration' with importer (DefaultImporter)
Imported 'GUID: 8beeeeebc0857854d8b4e2c2895dd7a9' -> (Import Result ID: '3e6f8bb7ef7f056281851c4bfb2c16b7') in 0.000 seconds [static dependencies only]. Details - ImportResultOutputID=19476bca78a71c87b547269668469a1b DependenciesID=e83deaabaa0172e49d84fb854ce43b12 StaticDependenciesID=7998e75a53210e862e4f40ffb630f1a8 
Importing 'GUID: bb32bccaf32a6db448d1c0cc99c78688 - Path: Packages/com.unity.test-framework/UnityEngine.TestRunner/Utils' with importer (DefaultImporter)
Imported 'GUID: bb32bccaf32a6db448d1c0cc99c78688' -> (Import Result ID: '778d6fafd092faf1e4e447d286b8e510') in 0.000 seconds [static dependencies only]. Details - ImportResultOutputID=46ac5f2cd227e13d7fb6df825cd2ea50 DependenciesID=d8061a8d12c25a43b84f4d86987c14bc StaticDependenciesID=d87eba3967dc173242e1ddf947305376 
Importing 'GUID: 1ddb9e1c877ea80479d1eab4ddaa5d0d - Path: Packages/com.unity.test-framework/UnityEngine.TestRunner/TestRunner' with importer (DefaultImporter)
Imported 'GUID: 1ddb9e1c877ea80479d1eab4ddaa5d0d' -> (Import Result ID: '7cb28e1e4e053ac85024d6b11ee23160') in 0.000 seconds [static dependencies only]. Details - ImportResultOutputID=84f12ef647fa162d4cc59c2f40fa9628 DependenciesID=b865897e1b75dcdfe938b18f42a5ecd8 StaticDependenciesID=74f08a9236de2b622a38a15222ff2fca 
Importing 'GUID: 3e8d6af343b383544ba5743d119f4062 - Path: Packages/com.unity.test-framework/UnityEngine.TestRunner/NUnitExtensions' with importer (DefaultImporter)
Imported 'GUID: 3e8d6af343b383544ba5743d119f4062' -> (Import Result ID: '838754a3b9bac45900c76264dbf36d3b') in 0.000 seconds [static dependencies only]. Details - ImportResultOutputID=f440f787d15c91d58250f280c6e408ba DependenciesID=3b20f89763493bf2ddcd0b060c1fa398 StaticDependenciesID=b969db25c7e76855deff5f6a305ec9de 
Importing 'GUID: 7e609b27ad2caa14c83dd9951b6c13c6 - Path: Packages/com.unity.test-framework/UnityEditor.TestRunner/GUI' with importer (DefaultImporter)
Imported 'GUID: 7e609b27ad2caa14c83dd9951b6c13c6' -> (Import Result ID: '48cc79ebc3a223c2a65cb0d7e113b406') in 0.000 seconds [static dependencies only]. Details - ImportResultOutputID=585d2667eaec7b1f3006c3feff905559 DependenciesID=a975b03514b84f2a3509ed100bb86e01 StaticDependenciesID=ba43c6d6677d5b8217738954f3b6d7c0 
Importing 'GUID: 2f820130c86c28547a0f1a2f4c73155b - Path: Packages/com.unity.ide.visualstudio/Editor/Messaging' with importer (DefaultImporter)
Imported 'GUID: 2f820130c86c28547a0f1a2f4c73155b' -> (Import Result ID: '9bfe3dd238c50d1e61dd969f373f2c8e') in 0.000 seconds [static dependencies only]. Details - ImportResultOutputID=c45a401cc5981747f91a1ff2e38f121c DependenciesID=7bf208236210b78a4600eb690a406a2d StaticDependenciesID=e68d59c7587b00f056360c69e8664542 
Importing 'GUID: 3f9202a39620f51418046c7754f215f0 - Path: Packages/com.unity.test-framework/UnityEditor.TestRunner/NUnitExtension' with importer (DefaultImporter)
Imported 'GUID: 3f9202a39620f51418046c7754f215f0' -> (Import Result ID: '1dfe9f2a33cf29e475c1cbc57fc4fb79') in 0.000 seconds [static dependencies only]. Details - ImportResultOutputID=df0aeec2b80032db4d95957e68929fee DependenciesID=0d22005202c276945696db77edb880e5 StaticDependenciesID=a24519233740dde1b6bd4351bdee6d11 
Importing 'GUID: 7f9f1d015d7a8ba46b7d71acfcda3ae7 - Path: Packages/com.unity.ide.visualstudio/Editor/Testing' with importer (DefaultImporter)
Imported 'GUID: 7f9f1d015d7a8ba46b7d71acfcda3ae7' -> (Import Result ID: 'b275a8a6dad9d452b586f266fa079521') in 0.000 seconds [static dependencies only]. Details - ImportResultOutputID=caa53ea97327c51012e9b3b301943c08 DependenciesID=8d639890cea6683201ae932fe111d6dd StaticDependenciesID=1a004dc5a797cdf8d3cd33fe0ee21921 
Importing 'GUID: 313cbe17019f1934397f91069831062c - Path: Packages/com.unity.ide.rider/Rider/Editor/ProjectGeneration' with importer (DefaultImporter)
Imported 'GUID: 313cbe17019f1934397f91069831062c' -> (Import Result ID: '35a1a0c1b1d8bc3e404fc5f105eed090') in 0.000 seconds [static dependencies only]. Details - ImportResultOutputID=324b690d68ef3b5be851db48f0b8fe4d DependenciesID=e746e137ecacfe1a2b27b0194085396c StaticDependenciesID=9d5f2abd8e6ff78b98a96dd2e0b111fa 
Importing 'GUID: 41b2d972bdac29e4a89ef08b3b52c248 - Path: Packages/com.unity.ide.visualstudio/Editor/COMIntegration/Release' with importer (DefaultImporter)
Imported 'GUID: 41b2d972bdac29e4a89ef08b3b52c248' -> (Import Result ID: '159e1c55acdd024eded32060cd880a97') in 0.000 seconds [static dependencies only]. Details - ImportResultOutputID=0013f72f5d9292afc56921f8d95f3de4 DependenciesID=00be3dd411cd931443bdc704d43a0394 StaticDependenciesID=15e8b14a85890bc1844098e6928945d3 
Importing 'GUID: 51557afa652635743b264a309f0a5c60 - Path: Packages/com.unity.test-framework/UnityEngine.TestRunner/Utils/AssemblyProvider' with importer (DefaultImporter)
Imported 'GUID: 51557afa652635743b264a309f0a5c60' -> (Import Result ID: '68225cb59ed0cf5077855e3dfa458244') in 0.000 seconds [static dependencies only]. Details - ImportResultOutputID=aae0bb55646db009e1f7f7157a018046 DependenciesID=b9ef613e31a66b1117d0b2b4e2059e10 StaticDependenciesID=2c6e927cb9c29b42e44fe7d4204f5c8a 
Importing 'GUID: 61e236e8570a95e4eb754fb291e102e0 - Path: Packages/com.unity.test-framework/UnityEngine.TestRunner/TestRunner/Callbacks' with importer (DefaultImporter)
Imported 'GUID: 61e236e8570a95e4eb754fb291e102e0' -> (Import Result ID: '69c923fbfa5d766f81be287d4a69364f') in 0.000 seconds [static dependencies only]. Details - ImportResultOutputID=010b34c743dffb0b92a402bff30061ec DependenciesID=3ef576f474ced889f2d0fc90755b70c6 StaticDependenciesID=4afe08e4c46dd9413ee5e2f6e44ec139 
Importing 'GUID: 91c20d2c22b8b3a4cb6c816bd225591a - Path: Packages/com.unity.test-framework/UnityEngine.TestRunner/TestRunner/RemoteHelpers' with importer (DefaultImporter)
Imported 'GUID: 91c20d2c22b8b3a4cb6c816bd225591a' -> (Import Result ID: '433cd413b83911742fc3326a8cb2388f') in 0.000 seconds [static dependencies only]. Details - ImportResultOutputID=b8a70a515aeb955be46be9a19678602b DependenciesID=27568669a7b5195f24e8e9e88ed8aed4 StaticDependenciesID=413cb82dcabef59f88c5b20c1ac920dc 
Importing 'GUID: b1d8465ba1376b148bdab58965101f47 - Path: Packages/com.unity.test-framework/UnityEngine.TestRunner/Assertions/LogScope' with importer (DefaultImporter)
Imported 'GUID: b1d8465ba1376b148bdab58965101f47' -> (Import Result ID: 'f5e398f4f980a5cedd854c773294183e') in 0.000 seconds [static dependencies only]. Details - ImportResultOutputID=cfe24967e3ee89f88ab133ae2a3340fa DependenciesID=4a1727c31ca053fe971e8e954ffa9859 StaticDependenciesID=b32f92c1e618cc095ba0473085411441 
Importing 'GUID: 92e3104769da143888a712cdea27d950 - Path: Packages/com.unity.test-framework/UnityEditor.TestRunner/GUI/TestAssets' with importer (DefaultImporter)
Imported 'GUID: 92e3104769da143888a712cdea27d950' -> (Import Result ID: '8ca9427beb57db851babed76f10d4548') in 0.000 seconds [static dependencies only]. Details - ImportResultOutputID=a60e580633ddd7e9aeb69d2a0c5c5ac5 DependenciesID=fbdb0932a36e53b89bb57597b534e33a StaticDependenciesID=aa03ed7c9e5d9a2ea02c38a4a25ee766 
Importing 'GUID: a3cb89150b8a4060b89a32725a8e267e - Path: Packages/com.unity.test-framework/UnityEditor.TestRunner/TestLaunchers/Helpers' with importer (DefaultImporter)
Imported 'GUID: a3cb89150b8a4060b89a32725a8e267e' -> (Import Result ID: 'b8b1da36d1f720da249947bc879220be') in 0.000 seconds [static dependencies only]. Details - ImportResultOutputID=3a8c6eba4d7f092b7ed1ff660d319466 DependenciesID=f785ed3b1529e06ca6e5bb89a096a681 StaticDependenciesID=7b879475d571c7979ec7e6aa193d7c06 
Importing 'GUID: c3de99f9efc582a48995bc8e8c2df418 - Path: Packages/com.unity.test-framework/UnityEngine.TestRunner/NUnitExtensions/Filters' with importer (DefaultImporter)
Imported 'GUID: c3de99f9efc582a48995bc8e8c2df418' -> (Import Result ID: '0e80702b4d9ded36bbe570d55cc56851') in 0.000 seconds [static dependencies only]. Details - ImportResultOutputID=234091ee12a6235e1c446dc8d5c64995 DependenciesID=9bbfe5cc7541eef246f7e7fbef674a80 StaticDependenciesID=455f2ea52cd766aa56c0ddefdd99d0ec 
Importing 'GUID: 256a0ca37fa972840bce7fca446e75e7 - Path: Packages/com.unity.test-framework/UnityEngine.TestRunner/TestRunner/Messages' with importer (DefaultImporter)
Imported 'GUID: 256a0ca37fa972840bce7fca446e75e7' -> (Import Result ID: '7bcae04f6c3945569c41f4f5229c9d4f') in 0.000 seconds [static dependencies only]. Details - ImportResultOutputID=dc65fd1fb36d3e877da8d647c9615ee7 DependenciesID=466cb1d81a21950eddfede4a6178f036 StaticDependenciesID=58ea4bae6ff95fd723111203e83e160c 
Importing 'GUID: 354fde95fe0643b09509e5fcee350b33 - Path: Packages/com.unity.ide.rider/Rider/Editor/Properties' with importer (DefaultImporter)
Imported 'GUID: 354fde95fe0643b09509e5fcee350b33' -> (Import Result ID: '74192befde6bffb1b456b8772b8c1656') in 0.000 seconds [static dependencies only]. Details - ImportResultOutputID=8e710699f3929b88337795b4fd4f990b DependenciesID=c5b7345f4f373532154ffcb721b80b16 StaticDependenciesID=32af0358e0a69d9b15106fd34974ee9f 
Importing 'GUID: a52391bc44c477f40a547ed4ef3b9560 - Path: Packages/com.unity.ide.rider/Rider/Editor/UnitTesting' with importer (DefaultImporter)
Imported 'GUID: a52391bc44c477f40a547ed4ef3b9560' -> (Import Result ID: '61d1ff2cb4d6f840b158bfdf07bcbb7f') in 0.000 seconds [static dependencies only]. Details - ImportResultOutputID=1f5871c96c66444b71a7163aeb9720e2 DependenciesID=9855c5195b4d6d46d24cdd70cbdd6d9c StaticDependenciesID=23f3186aa4a7edf84f072463143d28f4 
Importing 'GUID: c5535d742ea2e4941850b421f9c70a1f - Path: Packages/com.unity.test-framework/UnityEditor.TestRunner/GUI/Views' with importer (DefaultImporter)
Imported 'GUID: c5535d742ea2e4941850b421f9c70a1f' -> (Import Result ID: '92d736dbeea37fb68ceaa1a856e9038e') in 0.000 seconds [static dependencies only]. Details - ImportResultOutputID=22ce32537e26210d1a653e5fc6871be4 DependenciesID=9694c183165a55a2bea5cfbeb4b21282 StaticDependenciesID=cad0687b818655094a83d7231c14b0ae 
Importing 'GUID: 3610673068254436ac90019f46e09f01 - Path: Packages/com.unity.test-framework/UnityEditor.TestRunner/UnityTestProtocol/Data' with importer (DefaultImporter)
Imported 'GUID: 3610673068254436ac90019f46e09f01' -> (Import Result ID: 'f857cdd756b38e8eb3357109f7f7bb6f') in 0.001 seconds [static dependencies only]. Details - ImportResultOutputID=0a0f0ff5161030eba44ba49c652cc478 DependenciesID=7cd7561bc749deb6f2371f903c9d7b22 StaticDependenciesID=516f853320de9a6a9bea252006543681 
Importing 'GUID: 96c503bf059df984c86eecf572370347 - Path: Packages/com.unity.test-framework/UnityEditor.TestRunner/NUnitExtension/Attributes' with importer (DefaultImporter)
Imported 'GUID: 96c503bf059df984c86eecf572370347' -> (Import Result ID: 'b1b742d80c2b40872a643e01a9e97f25') in 0.000 seconds [static dependencies only]. Details - ImportResultOutputID=5c43fe10b254eace1c0129df22455c2f DependenciesID=5b348591ae11e78dc2d73bb784c9b34f StaticDependenciesID=4275ad315acced407744bf376d75b745 
Importing 'GUID: 07ea0326ed848fb4489187cb58f96113 - Path: Packages/com.unity.test-framework/UnityEditor.TestRunner/GUI/TestListBuilder' with importer (DefaultImporter)
Imported 'GUID: 07ea0326ed848fb4489187cb58f96113' -> (Import Result ID: '42ce821e2c2f0f6ec4f1e128957e045f') in 0.000 seconds [static dependencies only]. Details - ImportResultOutputID=a6a29debcafeb668b0f2a71823ead8d0 DependenciesID=14e42c630ebbeb115b6e4754ff287bfa StaticDependenciesID=2f63606a496483c3e8e07c7fcef33667 
Importing 'GUID: 37888acc09d9ee848bf9559f06645c45 - Path: Packages/com.unity.test-framework/UnityEngine.TestRunner/NUnitExtensions/Runner' with importer (DefaultImporter)
Imported 'GUID: 37888acc09d9ee848bf9559f06645c45' -> (Import Result ID: '3cc5746261ceef3945219cd38fcd7100') in 0.000 seconds [static dependencies only]. Details - ImportResultOutputID=bd7484124a2c87b1945e427d6a01325b DependenciesID=e7a541f3b42c6b84105d4bdb3959f6ea StaticDependenciesID=830501f04ff9d2763481f7b86edd9e6c 
Importing 'GUID: 68cb547af0187634aad591a09c01cd5b - Path: Packages/com.unity.test-framework/UnityEditor.TestRunner/GUI/TestListTreeView' with importer (DefaultImporter)
Imported 'GUID: 68cb547af0187634aad591a09c01cd5b' -> (Import Result ID: 'a6f5f9466c65ad9b783fc4bf87bf9933') in 0.000 seconds [static dependencies only]. Details - ImportResultOutputID=d5ca04f15efb98a671802c6546970d44 DependenciesID=4e3a661a5c9c161ef4962ee0db52ef2f StaticDependenciesID=0c1166ed7bd3589d8cb7b68cd54ba7df 
Importing 'GUID: e88eef57957d4440c8a7ff2ef9dd3d97 - Path: Packages/com.unity.test-framework/UnityEditor.TestRunner/GUI/Controls' with importer (DefaultImporter)
Imported 'GUID: e88eef57957d4440c8a7ff2ef9dd3d97' -> (Import Result ID: '9523034730396c649db68ee3f2c5af6a') in 0.000 seconds [static dependencies only]. Details - ImportResultOutputID=a0ce75e2c602e931e5ecdcc124be13dd DependenciesID=54c438ce0c8559feb24078c99b287387 StaticDependenciesID=06a7b988240bac285a0579fa3147d19a 
Importing 'GUID: 4926c06156894939ba0a2680f1b0aa7a - Path: Packages/com.unity.test-framework/UnityEditor.TestRunner/TestRun/Data' with importer (DefaultImporter)
Imported 'GUID: 4926c06156894939ba0a2680f1b0aa7a' -> (Import Result ID: 'd7a923226ba5b4f3c823c7d01dfe0799') in 0.000 seconds [static dependencies only]. Details - ImportResultOutputID=a5a02383b86951746691789ea1770405 DependenciesID=2b08088ed382fbd88747626da51402ab StaticDependenciesID=90e5c7a10091a03d6068687c87bc2f92 
Importing 'GUID: 891bb6b9f5094c36b59c3788e21c8213 - Path: Packages/com.unity.test-framework/UnityEditor.TestRunner/Api/Analytics' with importer (DefaultImporter)
Imported 'GUID: 891bb6b9f5094c36b59c3788e21c8213' -> (Import Result ID: '1a1721a3ea4d67fe4ffe1aa3fdc3d1d9') in 0.000 seconds [static dependencies only]. Details - ImportResultOutputID=7998c9824c94ac0412eedd6830205f19 DependenciesID=01aa3ef6faa050dfabbc1409c1f36bb9 StaticDependenciesID=aa8c2cdb9eba597bc2c4b6bbd17dc081 
Importing 'GUID: d9682e749d3efc642af54d789d9090a6 - Path: Packages/com.unity.test-framework/UnityEditor.TestRunner/TestRunner/Messages' with importer (DefaultImporter)
Imported 'GUID: d9682e749d3efc642af54d789d9090a6' -> (Import Result ID: '60f80ab54161615f241eddac576265f7') in 0.000 seconds [static dependencies only]. Details - ImportResultOutputID=df1446cda33be1150fafeea045978830 DependenciesID=5f5730112a8aa021c5bac62a45f7a47d StaticDependenciesID=a3fe2d4eba02243492f56da00a6bf013 
Importing 'GUID: aa290bd9a165a0543a4bf85ac73914bc - Path: Packages/com.unity.ide.rider/Rider/Editor/PostProcessors' with importer (DefaultImporter)
Imported 'GUID: aa290bd9a165a0543a4bf85ac73914bc' -> (Import Result ID: '797e09e12c4f47fa0c8649b422a7d8ae') in 0.000 seconds [static dependencies only]. Details - ImportResultOutputID=7b631737181e97c6fe1ac014f4070871 DependenciesID=e3e9d8cd6f5642d3c3db3d024d0f48b1 StaticDependenciesID=2a4977cb781def96aeefbad9ea80e3de 
Importing 'GUID: 6b72875690e0f7343911e06af3145bd5 - Path: Packages/com.unity.test-framework/UnityEngine.TestRunner/NUnitExtensions/Commands' with importer (DefaultImporter)
Imported 'GUID: 6b72875690e0f7343911e06af3145bd5' -> (Import Result ID: '5fea1e9c0f6dfe9ca0d894cb771883f3') in 0.000 seconds [static dependencies only]. Details - ImportResultOutputID=331eca5ef0be679acabec48b795c7e00 DependenciesID=f0d635ce90a1aedaeb3da2345f602aed StaticDependenciesID=7b9a4cc92c06256e67fde56948b5329c 
Importing 'GUID: ebc4d20cc106cea49b1df1153f0b3b5e - Path: Packages/com.unity.test-framework/UnityEditor.TestRunner/TestLaunchers/PlatformSetup' with importer (DefaultImporter)
Imported 'GUID: ebc4d20cc106cea49b1df1153f0b3b5e' -> (Import Result ID: '0b2c9622a6ab524eaa0eaf7b5b62e966') in 0.000 seconds [static dependencies only]. Details - ImportResultOutputID=d7aab0e8ab0737fda991e7097b020464 DependenciesID=4a206faa86f6687e998ab53ded6dbf1d StaticDependenciesID=3f0440ca1e4d0071e34277f3c02e97d7 
Importing 'GUID: 0cb14878543cf3d4f8472b15f7ecf0e3 - Path: Packages/com.unity.test-framework/UnityEngine.TestRunner/NUnitExtensions/Attributes' with importer (DefaultImporter)
Imported 'GUID: 0cb14878543cf3d4f8472b15f7ecf0e3' -> (Import Result ID: '673adc8ccf738e9fb1111697011e3bbc') in 0.000 seconds [static dependencies only]. Details - ImportResultOutputID=07f161243d8ca7b2df7febccc66907be DependenciesID=286c430710e80e74de95127974b6991e StaticDependenciesID=18b873f16d526cbe8273032cc6f8a858 
Importing 'GUID: 5d7f0d6acfced954682a89e7002c04d9 - Path: Packages/com.unity.test-framework/UnityEditor.TestRunner/TestRunner/Callbacks' with importer (DefaultImporter)
Imported 'GUID: 5d7f0d6acfced954682a89e7002c04d9' -> (Import Result ID: '75945c8beba5dfb089a31467fbb8e60f') in 0.000 seconds [static dependencies only]. Details - ImportResultOutputID=c41748e0dad7446506b58e8595cfa6c8 DependenciesID=f4d13ad1d676690cb1b48b16f166fa7e StaticDependenciesID=6615522c8a21239cc0d07a6ddd8bbd70 
Importing 'GUID: 6dba53789da15814387fa5b1445e81e0 - Path: Packages/com.unity.test-framework/UnityEditor.TestRunner/TestRun/Tasks' with importer (DefaultImporter)
Imported 'GUID: 6dba53789da15814387fa5b1445e81e0' -> (Import Result ID: '4693b2876f7f79e4ade16eb7988cab89') in 0.000 seconds [static dependencies only]. Details - ImportResultOutputID=6db6dda383b549f157127f31279318c1 DependenciesID=8a5c587c19da8a7fff80aec7dca2df8f StaticDependenciesID=7d5c24122adf32e795b8fde176648bfc 
Importing 'GUID: 5e726086cd652f82087d59d67d2c24cd - Path: Packages/com.unity.ide.rider/Rider/Editor/Util' with importer (DefaultImporter)
Imported 'GUID: 5e726086cd652f82087d59d67d2c24cd' -> (Import Result ID: 'd9a2c189604f3067aa868cc3d5513752') in 0.000 seconds [static dependencies only]. Details - ImportResultOutputID=6a700186624845cc20e38a45be99c2bd DependenciesID=b77d2f6a95f6954f00d2bb3a34f16027 StaticDependenciesID=bc8e24751d5a2dbf19cd4a7598f5bbac 
Importing 'GUID: 9ea154c33fd8466f973f004e5c962df7 - Path: Packages/com.unity.test-framework/UnityEditor.TestRunner/UnityTestProtocol/Messages' with importer (DefaultImporter)
Imported 'GUID: 9ea154c33fd8466f973f004e5c962df7' -> (Import Result ID: '3c06af5ccd7d28c3a865fb05abc78032') in 0.000 seconds [static dependencies only]. Details - ImportResultOutputID=9a453184ef9fbc25fc23485e89c26cb5 DependenciesID=37b228f46d6e365aa3fad450fb7268ce StaticDependenciesID=5bd96380e171a357d874fcc46c5c735a 
Importing 'GUID: ce8da628f68c7594b8b9a597fa52db7b - Path: Packages/com.unity.test-framework/UnityEngine.TestRunner/Utils/MonoBehaviourTest' with importer (DefaultImporter)
Imported 'GUID: ce8da628f68c7594b8b9a597fa52db7b' -> (Import Result ID: 'e11e86b68385d2424fabc4528965ab8b') in 0.000 seconds [static dependencies only]. Details - ImportResultOutputID=2d38d279fcda641716a64a3285bed967 DependenciesID=aee11b902f17ee05813b32d5af577e6f StaticDependenciesID=e019915e66bf56c6a53c45eddcac8d59 
Importing 'GUID: 1f5bbb88ca730434483440cbc0278ef6 - Path: Packages/com.unity.test-framework/UnityEditor.TestRunner/TestRunner/Utils' with importer (DefaultImporter)
Imported 'GUID: 1f5bbb88ca730434483440cbc0278ef6' -> (Import Result ID: 'bf22c8a53b121bf6289726882ff4d503') in 0.000 seconds [static dependencies only]. Details - ImportResultOutputID=b54df974e33f3b29d71ca6f71b34a610 DependenciesID=062ab91bc526ba62f66a5bf0817556be StaticDependenciesID=19b4d525f46038ec3ab7a23ba103e34f 
Importing 'GUID: 94a6220ee1a442249702c9df66e0fe1b - Path: Packages/com.unity.test-framework/UnityEditor.TestRunner/TestRun/Tasks/Player' with importer (DefaultImporter)
Imported 'GUID: 94a6220ee1a442249702c9df66e0fe1b' -> (Import Result ID: 'd770dc91b03c058070d04366ecf4dd6e') in 0.000 seconds [static dependencies only]. Details - ImportResultOutputID=4ae38678e341ab45b845ef0774cc1b3a DependenciesID=9223a7d87db0eaf2680363bc305d2856 StaticDependenciesID=d9ba00218ec57b2766ad47f36e0b3adc 
Importing 'GUID: 692476ac695e7b74a8d9eabd48862009 - Path: Packages/com.unity.test-framework/UnityEditor.TestRunner/TestRun/Tasks/Scene' with importer (DefaultImporter)
Imported 'GUID: 692476ac695e7b74a8d9eabd48862009' -> (Import Result ID: '8ff00a17ebaeea938b99aa5831923237') in 0.000 seconds [static dependencies only]. Details - ImportResultOutputID=2fa50d94b5f40096b11b7fc28b64729b DependenciesID=0b2a318cceea9f9d9405ecac0dc50c0e StaticDependenciesID=5381480a0e84dfd6f5a89c03f22f5b1b 
Importing 'GUID: d973b7805df545bdae3986ab72a6c2e8 - Path: Packages/com.unity.test-framework/UnityEditor.TestRunner/TestRun/Tasks/Platform' with importer (DefaultImporter)
Imported 'GUID: d973b7805df545bdae3986ab72a6c2e8' -> (Import Result ID: 'ccf5f6cb0c94142ff5cb069da58f759e') in 0.000 seconds [static dependencies only]. Details - ImportResultOutputID=74075c018e7d223e4de2551f58488a13 DependenciesID=78547b4d998f1cb5819a271ee28b000b StaticDependenciesID=707e7f285309070aa29ff903091dabc0 
Importing 'GUID: cca5935142d6c754f9ecdce1294f7079 - Path: Packages/com.unity.test-framework/UnityEditor.TestRunner/TestRun/Tasks/Events' with importer (DefaultImporter)
Imported 'GUID: cca5935142d6c754f9ecdce1294f7079' -> (Import Result ID: 'e067f112d3f0ecc2a0a0b23a7e2dddb1') in 0.000 seconds [static dependencies only]. Details - ImportResultOutputID=681e739248ec06e77a33a1d1c904555d DependenciesID=2fab6b0b709562a258e8c669975596c7 StaticDependenciesID=708111177e6492723f70efccba692d9b 
Importing 'GUID: d528c8c98d269ca44a06cd9624a03945 - Path: Packages/com.unity.ide.rider/Rider/Editor/com.unity.ide.rider.asmdef' with importer (AssemblyDefinitionImporter)
Imported 'GUID: d528c8c98d269ca44a06cd9624a03945' -> (Import Result ID: '8726df5a2d3c1a083a4c848146226a5f') in 0.001 seconds [static dependencies only]. Details - ImportResultOutputID=912be29b09a856ab914d58bed46d9f41 DependenciesID=15fe68d1e72bade2cbe4e8644df25f00 StaticDependenciesID=4d25ba9e8f625be18cd10642c4596e8d 
Importing 'GUID: 27619889b8ba8c24980f49ee34dbb44a - Path: Packages/com.unity.test-framework/UnityEngine.TestRunner/UnityEngine.TestRunner.asmdef' with importer (AssemblyDefinitionImporter)
Imported 'GUID: 27619889b8ba8c24980f49ee34dbb44a' -> (Import Result ID: 'dde441411b61d7f243edd6bd86eaed2f') in 0.000 seconds [static dependencies only]. Details - ImportResultOutputID=3370b80e2922aa61095329e63cd7b568 DependenciesID=c378fe730506c60d98d3d2985f14dfea StaticDependenciesID=efd7b7b3471c17ad6b92a6854eb4dc18 
Importing 'GUID: b93f844d45cfcc44fa2b0eed5c9ec6bb - Path: Packages/com.unity.ide.visualstudio/Editor/com.unity.ide.visualstudio.asmdef' with importer (AssemblyDefinitionImporter)
Imported 'GUID: b93f844d45cfcc44fa2b0eed5c9ec6bb' -> (Import Result ID: 'be19451ec2b6434642ba6f13ecf5db51') in 0.000 seconds [static dependencies only]. Details - ImportResultOutputID=ce62f0aa69bd55563fb33cc2591980de DependenciesID=9e30368bdd707e6848801ccde70f1f5c StaticDependenciesID=b5401851f919dd14a700f6556c7ed0a3 
Importing 'GUID: 0acc523941302664db1f4e527237feb3 - Path: Packages/com.unity.test-framework/UnityEditor.TestRunner/UnityEditor.TestRunner.asmdef' with importer (AssemblyDefinitionImporter)
Imported 'GUID: 0acc523941302664db1f4e527237feb3' -> (Import Result ID: 'e2f348df875f6247245c2f700d815735') in 0.000 seconds [static dependencies only]. Details - ImportResultOutputID=666b13231f973a40371f8a88a79fd45e DependenciesID=612cc8c97fe328230cfa9ae0658786b9 StaticDependenciesID=bbf7215ccf291794fe8ed3b5ea133e60 
Importing 'GUID: 51fa60bb2bd1e5bc74e8cc95a7bfd5b7 - Path: Packages/com.unity.modules.ui/package.ModuleCompilationTrigger' with importer (DefaultImporter)
Imported 'GUID: 51fa60bb2bd1e5bc74e8cc95a7bfd5b7' -> (Import Result ID: '0e6c19f382af6f75a9394f69adf788bd') in 0.015 seconds [static dependencies only]. Details - ImportResultOutputID=6e559821e528ff0e1a68c3b7765614d2 DependenciesID=89d09727dde36d60bf3bc38270dcfe28 StaticDependenciesID=3c1226af24afdaaba5f6812b32e68603 
Importing 'GUID: 71136fc5cf34f2cc10be0e33c0b08019 - Path: Packages/com.unity.modules.unityanalytics/package.ModuleCompilationTrigger' with importer (DefaultImporter)
Imported 'GUID: 71136fc5cf34f2cc10be0e33c0b08019' -> (Import Result ID: '56d126e4d1bc3d7b9e851b6322fe1bf8') in 0.001 seconds [static dependencies only]. Details - ImportResultOutputID=19db86d6fd47355ede82a1c702bde617 DependenciesID=b7469a4e7d2ca43e0537a7ec0ec6f7f8 StaticDependenciesID=0fa4fc0f2aeadebbd7eb627812335e19 
Importing 'GUID: 71e7167b55a3448b38774a3bb6e05bac - Path: Packages/com.unity.modules.timelinefoundation/package.ModuleCompilationTrigger' with importer (DefaultImporter)
Imported 'GUID: 71e7167b55a3448b38774a3bb6e05bac' -> (Import Result ID: 'a6bec22fa10db9f7f35c7bd13e010a27') in 0.000 seconds [static dependencies only]. Details - ImportResultOutputID=c5890c0237407de11fec9407c846284f DependenciesID=36a0517f4d644b89cbe480485858a8bb StaticDependenciesID=25f461b927f097c38d0dbd784655af32 
Importing 'GUID: a1c42005fe7c5d78585a77ce396a5eea - Path: Packages/com.unity.modules.tilemap/package.ModuleCompilationTrigger' with importer (DefaultImporter)
Imported 'GUID: a1c42005fe7c5d78585a77ce396a5eea' -> (Import Result ID: '3e9d656e966633573cb2046a22ae4ca5') in 0.000 seconds [static dependencies only]. Details - ImportResultOutputID=41e18ad721a806fe228204bdeef3a130 DependenciesID=97ef5d5583d5a20672f05956a22555d4 StaticDependenciesID=4ee5382b003fc77fa6aba69871f9e483 
Importing 'GUID: d104359075a97392b803d3d5aebc77f7 - Path: Packages/com.unity.modules.hierarchycore/package.ModuleCompilationTrigger' with importer (DefaultImporter)
Imported 'GUID: d104359075a97392b803d3d5aebc77f7' -> (Import Result ID: '636638bc242e6bdeeae1ff976ac45eea') in 0.000 seconds [static dependencies only]. Details - ImportResultOutputID=1072526eb62216a1dc59d571676cf01f DependenciesID=69277dae5c49201d36383230841bb75b StaticDependenciesID=afc1e02b93f4652d9379104da0050c0e 
Importing 'GUID: 222fc39b0c85d800342910da2cd64781 - Path: Packages/com.unity.modules.assetbundle/package.ModuleCompilationTrigger' with importer (DefaultImporter)
Imported 'GUID: 222fc39b0c85d800342910da2cd64781' -> (Import Result ID: '0fd01ec1cec49f43ec72c5169f6a2f32') in 0.000 seconds [static dependencies only]. Details - ImportResultOutputID=7310c3d2b5a0454edeaf1531193e1a44 DependenciesID=fe2b344c41a59d7326b14e42dbe8dfa7 StaticDependenciesID=068dda8c383984ece564f394f95f8957 
Importing 'GUID: d2ec2d1228c8e67cdd913cb5609176a2 - Path: Packages/com.unity.modules.unitywebrequest/package.ModuleCompilationTrigger' with importer (DefaultImporter)
Imported 'GUID: d2ec2d1228c8e67cdd913cb5609176a2' -> (Import Result ID: 'a3f2f0e23f3ad60f0708fa9556b1addd') in 0.000 seconds [static dependencies only]. Details - ImportResultOutputID=fa2ee3949a508ef3b244c0a794acf950 DependenciesID=cbbd01d5144c855f237ee6f40affeaad StaticDependenciesID=373cbc2130578c37890108d08e3aa5a8 
Importing 'GUID: e2d09a26ce46dc617b54e49a534ace20 - Path: Packages/com.unity.modules.ai/package.ModuleCompilationTrigger' with importer (DefaultImporter)
Imported 'GUID: e2d09a26ce46dc617b54e49a534ace20' -> (Import Result ID: 'c84fbdd4c3af86792ea6d72c160432c9') in 0.000 seconds [static dependencies only]. Details - ImportResultOutputID=ee6d62765d5e314c9a6c39429e765ae4 DependenciesID=9494f1933888c1f65785ae70d1f831f9 StaticDependenciesID=6c7c4c8e791c4aa26cc383c6d60585b1 
Importing 'GUID: 23032f4383e95e772bce465c5896d0fd - Path: Packages/com.unity.modules.terrain/package.ModuleCompilationTrigger' with importer (DefaultImporter)
Imported 'GUID: 23032f4383e95e772bce465c5896d0fd' -> (Import Result ID: 'bd30ba83ed02823c9e823c14b941a7f1') in 0.000 seconds [static dependencies only]. Details - ImportResultOutputID=f8cc97289111b69a8286fb59513f51d0 DependenciesID=f7f84d52c1320d9424f005284d1bf4d4 StaticDependenciesID=5c35be58abc6fbf8152e89babfca9984 
Importing 'GUID: 830a36a23cf3ab1e61fa47940a6dc35e - Path: Packages/com.unity.modules.imageconversion/package.ModuleCompilationTrigger' with importer (DefaultImporter)
Imported 'GUID: 830a36a23cf3ab1e61fa47940a6dc35e' -> (Import Result ID: 'be0b67b432003b038cf0bb92e1d77b13') in 0.000 seconds [static dependencies only]. Details - ImportResultOutputID=76d29ea8d45d8514b9b32b4ce101e77e DependenciesID=7f550e29dfcaa81d6d67cc4988f0b7c8 StaticDependenciesID=7f600a175e09c6006f9088f92f2c1098 
Importing 'GUID: a31a332ce3485f00f7df8d987302a29c - Path: Packages/com.unity.modules.unitywebrequesttexture/package.ModuleCompilationTrigger' with importer (DefaultImporter)
Imported 'GUID: a31a332ce3485f00f7df8d987302a29c' -> (Import Result ID: '7029b3a7fbb8733a8662ce0664153cce') in 0.000 seconds [static dependencies only]. Details - ImportResultOutputID=a17619517ae6297bd7d73537d7aa1eef DependenciesID=4cb8ff9f6c9825e23497eb6dfab28558 StaticDependenciesID=cee85ab715b09873ab2419e18d764d2a 
Importing 'GUID: 042dc296246916648e55a43d0eeb2036 - Path: Packages/com.unity.modules.audio/package.ModuleCompilationTrigger' with importer (DefaultImporter)
Imported 'GUID: 042dc296246916648e55a43d0eeb2036' -> (Import Result ID: 'eb5c5d20fc9656beee57de382516913d') in 0.000 seconds [static dependencies only]. Details - ImportResultOutputID=db7c8acc5ec18f8d94381a817bd4639b DependenciesID=f2e5ad5e1d5d153fc84b7341a3ca872f StaticDependenciesID=987edeb86285dfb2f2b949491eb5ed6c 
Importing 'GUID: 14e86f88e9a8c9c448d7e7df92f2aeec - Path: Packages/com.unity.modules.physicscore2d/package.ModuleCompilationTrigger' with importer (DefaultImporter)
Imported 'GUID: 14e86f88e9a8c9c448d7e7df92f2aeec' -> (Import Result ID: '2c973c246328c75cfbee9b147c533aec') in 0.000 seconds [static dependencies only]. Details - ImportResultOutputID=4f921d24b7de923e48844f6cc629c5fc DependenciesID=5c2b2ed5b2c80f68f171a4ee31fd57d0 StaticDependenciesID=b0c4b38fa6509f6aac786da76715b668 
Importing 'GUID: 553737203d61a8109f9544a97201e1aa - Path: Packages/com.unity.modules.unitywebrequestaudio/package.ModuleCompilationTrigger' with importer (DefaultImporter)
Imported 'GUID: 553737203d61a8109f9544a97201e1aa' -> (Import Result ID: '0f4eb7ae2b60b7c89087cdbc39d4a4fe') in 0.000 seconds [static dependencies only]. Details - ImportResultOutputID=64727956256aa51f7cb2d4856cb94864 DependenciesID=cd465c0c33eadf2436e57ee7f25fa7fb StaticDependenciesID=bd9a4bcd391b2567d2810cdd845fb0eb 
Importing 'GUID: e5c46c19ce0ce2e0103aa6f82df1043a - Path: Packages/com.unity.modules.vehicles/package.ModuleCompilationTrigger' with importer (DefaultImporter)
Imported 'GUID: e5c46c19ce0ce2e0103aa6f82df1043a' -> (Import Result ID: 'b99ed6723b74a4d66aa0206620636a07') in 0.000 seconds [static dependencies only]. Details - ImportResultOutputID=9b7b8c0cced984a57484c36eeeb14744 DependenciesID=ef2dffd146da6b275d6d1e44bea61be8 StaticDependenciesID=9ca15e267986355ee32da087f45ce101 
Importing 'GUID: 7610600f5c83e01041a6fe849d39279f - Path: Packages/com.unity.modules.unitywebrequestassetbundle/package.ModuleCompilationTrigger' with importer (DefaultImporter)
Imported 'GUID: 7610600f5c83e01041a6fe849d39279f' -> (Import Result ID: 'd143180331801b6afac4cb0441c03e0e') in 0.000 seconds [static dependencies only]. Details - ImportResultOutputID=f30f7eaa989873c773f075bfa516083b DependenciesID=688e9abb6902a064839efe5478506764 StaticDependenciesID=d0e36a883dc7d1e0c9c852b0a2bc5946 
Importing 'GUID: e6a135e3ea9cb46795d1b0e05ac3e1e5 - Path: Packages/com.unity.modules.jsonserialize/package.ModuleCompilationTrigger' with importer (DefaultImporter)
Imported 'GUID: e6a135e3ea9cb46795d1b0e05ac3e1e5' -> (Import Result ID: 'c71f379f57b8b9297518a0ca2d221294') in 0.000 seconds [static dependencies only]. Details - ImportResultOutputID=fe2252d2af7741e3b7227eed79d28422 DependenciesID=4d9d5a211e60a1a74167fb8bdba07a36 StaticDependenciesID=b0b22eccfcc75550cfd5416b8ccadc34 
Importing 'GUID: f62135e79edb837b2d2ee3c524da864c - Path: Packages/com.unity.modules.video/package.ModuleCompilationTrigger' with importer (DefaultImporter)
Imported 'GUID: f62135e79edb837b2d2ee3c524da864c' -> (Import Result ID: '3aef036da86c810165ec7e6a476a5e6a') in 0.000 seconds [static dependencies only]. Details - ImportResultOutputID=3eada0df8170b53fc4bf86e17012a94e DependenciesID=22c43316fff881fb5401b42ecaa5cf6b StaticDependenciesID=fbd77c14c4971f0ecd6ad9fa2e1328c7 
Importing 'GUID: 17f093324b67f5bd57e55b546736750e - Path: Packages/com.unity.modules.particlesystem/package.ModuleCompilationTrigger' with importer (DefaultImporter)
Imported 'GUID: 17f093324b67f5bd57e55b546736750e' -> (Import Result ID: 'f5f31d1663e5c8d3331bb37242222224') in 0.000 seconds [static dependencies only]. Details - ImportResultOutputID=03b670f3bb0647212e588851cc9790ce DependenciesID=7cd4b0bd5e72584af4ea6e0c0211374b StaticDependenciesID=093f92235b507c1e02fa5e78da745e12 
Importing 'GUID: 4745d06d5a7ca576dcf9e5e67b417652 - Path: Packages/com.unity.modules.accessibility/package.ModuleCompilationTrigger' with importer (DefaultImporter)
Imported 'GUID: 4745d06d5a7ca576dcf9e5e67b417652' -> (Import Result ID: '397e51aa7e4f499b0e5205ffb978fc4e') in 0.000 seconds [static dependencies only]. Details - ImportResultOutputID=b1f5e4e3c8972d4630691b43df2bbfd5 DependenciesID=1c2a5a75fdeca1a9ece56ca2cd130f73 StaticDependenciesID=d3721eb1044daf5752f2a6dc41e1fbad 
Importing 'GUID: c7a8b0317f4e68556d7509828e9e211e - Path: Packages/com.unity.modules.xr/package.ModuleCompilationTrigger' with importer (DefaultImporter)
Imported 'GUID: c7a8b0317f4e68556d7509828e9e211e' -> (Import Result ID: 'e6bc977ec43908b8c483480c50ba709b') in 0.000 seconds [static dependencies only]. Details - ImportResultOutputID=3c34469eeb3b36ac519079aacda65087 DependenciesID=d798ecfd2d3e606ae271c325f8d3f9d8 StaticDependenciesID=e7f1a4af7c34a1d23cbcb270e74c5222 
Importing 'GUID: 082fbee38a82835433261a5e9c00e267 - Path: Packages/com.unity.modules.cloth/package.ModuleCompilationTrigger' with importer (DefaultImporter)
Imported 'GUID: 082fbee38a82835433261a5e9c00e267' -> (Import Result ID: '054de114cf7b1ddb2123ab78864bfa32') in 0.000 seconds [static dependencies only]. Details - ImportResultOutputID=9be4c5c78bb42c0f666e2a3f388dc295 DependenciesID=9832c12933ccfc77258802dcb0e3f72b StaticDependenciesID=ef90c48130220f5be7a14d844c91ba67 
Importing 'GUID: c82e859b16636ddd2ca4a1f63fd34938 - Path: Packages/com.unity.modules.androidjni/package.ModuleCompilationTrigger' with importer (DefaultImporter)
Imported 'GUID: c82e859b16636ddd2ca4a1f63fd34938' -> (Import Result ID: 'ff8c030b16c1cc7102200c9ad9435e1d') in 0.000 seconds [static dependencies only]. Details - ImportResultOutputID=55f36a6ec0ad2395ab65ece168bae855 DependenciesID=d43e9c36192ead1f86158e7e35972b1d StaticDependenciesID=5262811eb11f19499d820f4d7138ccaa 
Importing 'GUID: c88e90bad18cceb5d182d0c805883056 - Path: Packages/com.unity.modules.director/package.ModuleCompilationTrigger' with importer (DefaultImporter)
Imported 'GUID: c88e90bad18cceb5d182d0c805883056' -> (Import Result ID: 'df5c6bef6720749769e0f29a7b968a5d') in 0.000 seconds [static dependencies only]. Details - ImportResultOutputID=990ca6c83905e57d0ad7cd210f7cd2f4 DependenciesID=b85bfdded66e51812773514932e1aca5 StaticDependenciesID=af76e0aacb3cf0fe693097321b8bc037 
Importing 'GUID: 1af35a910338381f753e8a985eb5daab - Path: Packages/com.unity.modules.adaptiveperformance/package.ModuleCompilationTrigger' with importer (DefaultImporter)
Imported 'GUID: 1af35a910338381f753e8a985eb5daab' -> (Import Result ID: 'fc49569651cc7b30f65743e4c018033a') in 0.000 seconds [static dependencies only]. Details - ImportResultOutputID=38b55a11ad75d8d562e364a238f3edd6 DependenciesID=31de37ff8b9a96f332a1fe4c4b17e97a StaticDependenciesID=b97217f7ec03d510a9073c02c264b8d7 
Importing 'GUID: 2adec19fac7df68adf1fd6eb83197bb1 - Path: Packages/com.unity.modules.wind/package.ModuleCompilationTrigger' with importer (DefaultImporter)
Imported 'GUID: 2adec19fac7df68adf1fd6eb83197bb1' -> (Import Result ID: '6f5329e3c0cac076202f7a8638885e2a') in 0.000 seconds [static dependencies only]. Details - ImportResultOutputID=7f18c13849c24c83cffeb627f22214a1 DependenciesID=0282cb2b50e52649b51b1218e25d341f StaticDependenciesID=eacd0b75a9f702da0584600b1d54bde7 
Importing 'GUID: 8a752aaaadd2410dd9a84e01c1bace9f - Path: Packages/com.unity.modules.uielements/package.ModuleCompilationTrigger' with importer (DefaultImporter)
Imported 'GUID: 8a752aaaadd2410dd9a84e01c1bace9f' -> (Import Result ID: 'dc6f24ef124e8a1d93aeb4a49c9f2f2f') in 0.000 seconds [static dependencies only]. Details - ImportResultOutputID=058332d648d7f8084d1da6808467f61f DependenciesID=2d44fed7f892601fa61b2fed977658e7 StaticDependenciesID=ebedc7cdf67042358e558fc7d3cb11d5 
Importing 'GUID: 1b6246f2248883964991eac9e9b4817c - Path: Packages/com.unity.modules.umbra/package.ModuleCompilationTrigger' with importer (DefaultImporter)
Imported 'GUID: 1b6246f2248883964991eac9e9b4817c' -> (Import Result ID: 'e584efd2346a6fcd345a9419a0e8a578') in 0.000 seconds [static dependencies only]. Details - ImportResultOutputID=b67f1a35dabb3a69e999ed6262ee3706 DependenciesID=acae37db5af4c558d67e981e08dc71f4 StaticDependenciesID=4c307308065751d30c0501355fc00317 
Importing 'GUID: 4bf139fc5e9d9240edc107e25d67d398 - Path: Packages/com.unity.modules.tetgen/package.ModuleCompilationTrigger' with importer (DefaultImporter)
Imported 'GUID: 4bf139fc5e9d9240edc107e25d67d398' -> (Import Result ID: '32c0a5c247b7d4630e34dc8a23b68bbe') in 0.000 seconds [static dependencies only]. Details - ImportResultOutputID=65cbec6ab1d9e8bebe15b1d11261c757 DependenciesID=f8e401a0bd87c3dc127a91c1ab3cd02f StaticDependenciesID=bcf844a6408d7a7017ee86bb65031aa6 
Importing 'GUID: cbb1a39d56ce4d9ac1a46ac505893fa7 - Path: Packages/com.unity.modules.terrainphysics/package.ModuleCompilationTrigger' with importer (DefaultImporter)
Imported 'GUID: cbb1a39d56ce4d9ac1a46ac505893fa7' -> (Import Result ID: '0015779f9cd014ade85ffd7046bb2285') in 0.000 seconds [static dependencies only]. Details - ImportResultOutputID=55421b023a735b0064eb2b4eb850448a DependenciesID=f66c66036bb2a04dc531dade5a20af10 StaticDependenciesID=9281758ea84e1fefc5eeb8796f201f8d 
Importing 'GUID: db8e609a39b9b231fccc54e5fa4cbd1b - Path: Packages/com.unity.modules.animation/package.ModuleCompilationTrigger' with importer (DefaultImporter)
Imported 'GUID: db8e609a39b9b231fccc54e5fa4cbd1b' -> (Import Result ID: '64bdd471f684b7215418c8ebb98646e6') in 0.000 seconds [static dependencies only]. Details - ImportResultOutputID=bd54157e641a087b027334797ac1bb4e DependenciesID=63ee899a18461a3d707a245c13219acd StaticDependenciesID=45113d4b06d87e4212ca0fd971c6f675 
Importing 'GUID: 3cc1ebf2abb7fef6871ad48f499b6e21 - Path: Packages/com.unity.modules.vectorgraphics/package.ModuleCompilationTrigger' with importer (DefaultImporter)
Imported 'GUID: 3cc1ebf2abb7fef6871ad48f499b6e21' -> (Import Result ID: '691e04633c45bc3a459c56548c37507c') in 0.000 seconds [static dependencies only]. Details - ImportResultOutputID=f888f024258c75377d48b95d8eccd14d DependenciesID=8afc27de05790c97bc976e3bb8e1a82d StaticDependenciesID=27d17b554dfb7e9c29707348538cb25c 
Importing 'GUID: 5c1ee4056d0ac7ad3c5a16597fcaa38a - Path: Packages/com.unity.modules.physics/package.ModuleCompilationTrigger' with importer (DefaultImporter)
Imported 'GUID: 5c1ee4056d0ac7ad3c5a16597fcaa38a' -> (Import Result ID: '0f78740e1b0faf652d13359c837630fa') in 0.000 seconds [static dependencies only]. Details - ImportResultOutputID=0711ed6008a670c121290dcbcce4e191 DependenciesID=1deaa0db5f99f0028b0739739357e86b StaticDependenciesID=93b97e97dbe87d17a699457ed0c8bfdb 
Importing 'GUID: 8d4bc6bfa28760b29f13174d6b6ea710 - Path: Packages/com.unity.modules.subsystems/package.ModuleCompilationTrigger' with importer (DefaultImporter)
Imported 'GUID: 8d4bc6bfa28760b29f13174d6b6ea710' -> (Import Result ID: '5ba628f7dd061e6c6125f1d10a64f3cc') in 0.000 seconds [static dependencies only]. Details - ImportResultOutputID=506707270f0b52336d3dc2706a7b00f3 DependenciesID=b542271c0169491e5e8c11b6ca61744b StaticDependenciesID=f8416302fe8f15d94abef2ac59f5532a 
Importing 'GUID: cd561f5f687aed43bf280c27a84f79e3 - Path: Packages/com.unity.modules.screencapture/package.ModuleCompilationTrigger' with importer (DefaultImporter)
Imported 'GUID: cd561f5f687aed43bf280c27a84f79e3' -> (Import Result ID: '44b7856086d9635bc03bb42d4968c411') in 0.000 seconds [static dependencies only]. Details - ImportResultOutputID=c0a8303c6754efb32cd09ffd146f4f49 DependenciesID=c0c206a2785c8acb2042240a2f88798b StaticDependenciesID=ffe48f33e27a5f63f50b47fe4620e5e4 
Importing 'GUID: ae87256f29d9c8b50490f4caf75b2c41 - Path: Packages/com.unity.modules.unitywebrequestwww/package.ModuleCompilationTrigger' with importer (DefaultImporter)
Imported 'GUID: ae87256f29d9c8b50490f4caf75b2c41' -> (Import Result ID: '04c5ca5b57cafa76228e9ce9042e8863') in 0.000 seconds [static dependencies only]. Details - ImportResultOutputID=e6bac705e462011a5c14df84abae17b9 DependenciesID=313bca068a82967cd7169028c09e9c78 StaticDependenciesID=794bf6e576894272110ccdcb72c79620 
Importing 'GUID: be13c398521e3c1ad21fb9da30ab2ab6 - Path: Packages/com.unity.modules.imgui/package.ModuleCompilationTrigger' with importer (DefaultImporter)
Imported 'GUID: be13c398521e3c1ad21fb9da30ab2ab6' -> (Import Result ID: 'f88617f8755f3cc7c522b80bad4b2bff') in 0.000 seconds [static dependencies only]. Details - ImportResultOutputID=bbfcda24188a78ea8f934cd6f1d77d47 DependenciesID=1676049d7bfc560c2876453352831559 StaticDependenciesID=1484f2e44d4504480cf87fd155816ecc 
Importing 'GUID: fe6a6957b37b61417b457a1e0541791d - Path: Packages/com.unity.modules.physics2d/package.ModuleCompilationTrigger' with importer (DefaultImporter)
Imported 'GUID: fe6a6957b37b61417b457a1e0541791d' -> (Import Result ID: '277c9d9c9443fa4d20de51563b0d83a5') in 0.000 seconds [static dependencies only]. Details - ImportResultOutputID=0029339c38fd9ee58145f1e3cabdd15e DependenciesID=adeb826391ab9c6ccdea71424fa76aa4 StaticDependenciesID=a2616f4ea2d94c01ce1fa3af66244439 
Native extension for iOS target not found
Native extension for WindowsStandalone target not found
ScheduleIndexationOnStartup MainProcess:True IndexOnStartup:True
Scripting: successfully reloaded assembly
- Finished resetting the current domain, in  0.390 seconds
Domain Reload Profiling: 891ms
	BeginReloadAssembly (284ms)
		DisableScriptedObjects (19ms)
		CreateAndSetChildDomain (143ms)
	RebuildCommonClasses (7ms)
	RebuildNativeTypeToScriptingClass (11ms)
	initialDomainReloadingComplete (32ms)
	LoadAllAssembliesAndSetupDomain (166ms)
		LoadAssemblies (150ms)
		TypeCache.Refresh (14ms)
			TypeCache.ScanAssembly (8ms)
		AnalyzeDomain (5ms)
			BuildScriptInfoCaches (4ms)
	FinalizeReload (392ms)
		SetupLoadedEditorAssemblies (0ms)
			InitializePlatformSupportModulesInManaged (8ms)
			BeforeProcessingInitializeOnLoad (83ms)
			ProcessInitializeOnLoadAttributes (97ms)
			ProcessInitializeOnLoadMethodAttributes (36ms)
			AfterProcessingInitializeOnLoad (6ms)
		AwakeInstancesAfterBackupRestoration (28ms)
Starting new worker id: 0 with log in C:/Users/baile/OneDrive/Documents/GitHub/Mobile-Game/Logs/AssetImportWorkerHW0.log
Importing 'GUID: 00000000000000005000000000000000 - Path: Library/BuildPlayer.prefs' with importer (DefaultImporter)
Imported 'GUID: 00000000000000005000000000000000' -> (Import Result ID: 'e7fde0b61ad1bb905306708466de98ff') in 0.006 seconds [static dependencies only]. Details - ImportResultOutputID=5acc0d65895b3924819acc0f7e0e29d2 DependenciesID=59ca58ea3aedb06da41e45fbc07180ca StaticDependenciesID=37539b702cdc10d1395751c96f99732e 
Importing 'GUID: 585c3fb85b32bd64e8814074e754163e - Path: Packages/com.unity.ide.visualstudio/Editor/VSWhere/vswhere.exe' with importer (DefaultImporter)
Imported 'GUID: 585c3fb85b32bd64e8814074e754163e' -> (Import Result ID: '701e5b472d57295940ce3e5e00167b53') in 0.003 seconds [static dependencies only]. Details - ImportResultOutputID=fd84ef82b906939aad1911d355b2029d DependenciesID=a9c3f6abe0e86ff7a75e134f5648d5a7 StaticDependenciesID=41bf4a9549fbc4054f90b893523d36b2 
Importing 'GUID: cb67edc1800c2ec4ba8dfb1cf0dfc84a - Path: Packages/com.unity.ide.visualstudio/Editor/COMIntegration/Release/COMIntegration.exe' with importer (DefaultImporter)
Imported 'GUID: cb67edc1800c2ec4ba8dfb1cf0dfc84a' -> (Import Result ID: '90829e31db53b07a994dc2fadb541224') in 0.000 seconds [static dependencies only]. Details - ImportResultOutputID=b9c287c27e0f1bb4e3c7a5e560e89af8 DependenciesID=b092e555a70bb69d0dae40a46a793207 StaticDependenciesID=06d3555c8fa1daca7c820cb967bf7888 
Importing 'GUID: 30b312a167534621b316172253b08723 - Path: Packages/com.unity.modules.subsystems/package.json' with importer (PackageManifestImporter)
Imported 'GUID: 30b312a167534621b316172253b08723' -> (Import Result ID: '91cadbda1f4551ba4ae374b5d4ebbb95') in 0.001 seconds [static dependencies only]. Details - ImportResultOutputID=f12373219448441b0341099e7af5eb41 DependenciesID=c3a1a64a1ed707356763ac5780bfff54 StaticDependenciesID=b0c5384f3a63b37ff1cc33155b308e39 
Importing 'GUID: 40bf3cec17fa0b49fe04443c8332d638 - Path: Packages/com.unity.modules.jsonserialize/package.json' with importer (PackageManifestImporter)
Imported 'GUID: 40bf3cec17fa0b49fe04443c8332d638' -> (Import Result ID: '062926dc2f811d5fa649e1a6cf35b2be') in 0.000 seconds [static dependencies only]. Details - ImportResultOutputID=d715bb69eb97158ae78ee98bcdc249c8 DependenciesID=4e6f9b5b81636b56298af5228107b3cb StaticDependenciesID=0fc633a2d442bf1460b6d27ccd581959 
Importing 'GUID: 6022bdd5b2896a54f94123b812705321 - Path: Packages/com.unity.ide.visualstudio/CHANGELOG.md' with importer (TextScriptImporter)
Imported 'GUID: 6022bdd5b2896a54f94123b812705321' -> (Import Result ID: 'ef287330416445f6e6232585ee0948a3') in 0.001 seconds [static dependencies only]. Details - ImportResultOutputID=c0e58df697d8d3aed0a3958a0ae37c00 DependenciesID=5dae0207f906ef7c56008bf3abe2c0ab StaticDependenciesID=3bc5f93312d6c771c47ec3111a32a56e 
Importing 'GUID: 80beef77cb19e713c7c2d481b65ed485 - Path: Packages/com.unity.modules.screencapture/package.json' with importer (PackageManifestImporter)
Imported 'GUID: 80beef77cb19e713c7c2d481b65ed485' -> (Import Result ID: '43371bca79999413678980d6fc470d9b') in 0.000 seconds [static dependencies only]. Details - ImportResultOutputID=b4ffc84b5928a9d8fa48bb1ab9ca0965 DependenciesID=c066d8070b2f6fb0d766951c3eb71b2b StaticDependenciesID=39cc6ec39bb1615df8637c27727a4672 
Importing 'GUID: 906c12bc9cd95d3963c6d58f62522c78 - Path: Packages/com.unity.modules.cloth/package.json' with importer (PackageManifestImporter)
Imported 'GUID: 906c12bc9cd95d3963c6d58f62522c78' -> (Import Result ID: '20459150db32dbf40baebe3351f8536a') in 0.000 seconds [static dependencies only]. Details - ImportResultOutputID=40599719a159f2424dc6caf7e57b374b DependenciesID=fa4d36e58cf5cfff9338af3c71e3bcd4 StaticDependenciesID=0cc8c8dd8d90fcd1bb3a740f254ee7cb 
Importing 'GUID: d0e3ad91972c66f5238f5b9b7d5ae58a - Path: Packages/com.unity.modules.unitywebrequesttexture/package.json' with importer (PackageManifestImporter)
Imported 'GUID: d0e3ad91972c66f5238f5b9b7d5ae58a' -> (Import Result ID: '29c257d3f95ab1385a113e0721079503') in 0.000 seconds [static dependencies only]. Details - ImportResultOutputID=f9819a2814b9d346b95c32cadc86b95f DependenciesID=519cc091285c3f57de53fce00a91dff1 StaticDependenciesID=de4675f32f28c25d668fe6a485729132 
Importing 'GUID: f0f13f2ab3d6d13cfc6e4656824bfca8 - Path: Packages/com.unity.modules.ai/package.json' with importer (PackageManifestImporter)
Imported 'GUID: f0f13f2ab3d6d13cfc6e4656824bfca8' -> (Import Result ID: 'e8ffbb81041722dd8a51842cf8aa5b1a') in 0.000 seconds [static dependencies only]. Details - ImportResultOutputID=6c1e1e68cc352ca0c8f4fa95c3c80fe9 DependenciesID=0836e57675788e3b5d3d53f00dfdf241 StaticDependenciesID=ef62caa18b85eae761e5b71f9a8f42c6 
Importing 'GUID: 8143d3a8390f2c64685e3bc272bd9e90 - Path: Packages/com.unity.ext.nunit/package.json' with importer (PackageManifestImporter)
Imported 'GUID: 8143d3a8390f2c64685e3bc272bd9e90' -> (Import Result ID: '348e755bcd88ed4be531481a0e37aaa3') in 0.000 seconds [static dependencies only]. Details - ImportResultOutputID=47b4f14681140d9bb1e09b9c9db18de3 DependenciesID=2695f3a8acff006aa04eff3e4dc77303 StaticDependenciesID=cf644d6770398a85ed11d59f3fc82bcf 
Importing 'GUID: e1ef8466c8fd01a549f10baa4d51fa17 - Path: Packages/com.unity.modules.assetbundle/package.json' with importer (PackageManifestImporter)
Imported 'GUID: e1ef8466c8fd01a549f10baa4d51fa17' -> (Import Result ID: '748132f011a260c8df556b8cee535e4c') in 0.000 seconds [static dependencies only]. Details - ImportResultOutputID=cfe9da6d42ce96a22193f1d8b2af86ad DependenciesID=16c55702c0aaaab1de43bc36cec08d92 StaticDependenciesID=7a1bc9322701c6205e280c430adfb524 
Importing 'GUID: 42fe78c8fe682715a2cb531422e6ccb3 - Path: Packages/com.unity.modules.imgui/package.json' with importer (PackageManifestImporter)
Imported 'GUID: 42fe78c8fe682715a2cb531422e6ccb3' -> (Import Result ID: '38d3bb719d37ec99f8a9f6c14d39c414') in 0.001 seconds [static dependencies only]. Details - ImportResultOutputID=a5346159d22bce0395fd3c3cfff1d1a1 DependenciesID=bb3e0f71c194a791f04bcb82e59b0e77 StaticDependenciesID=fcba81c59960cbb5fd08016f128ba1a0 
Importing 'GUID: 92a378669877c05c6071d0fed687bb95 - Path: Packages/com.unity.modules.tilemap/package.json' with importer (PackageManifestImporter)
Imported 'GUID: 92a378669877c05c6071d0fed687bb95' -> (Import Result ID: '08175b43d19d068c3d070bec5e4db444') in 0.000 seconds [static dependencies only]. Details - ImportResultOutputID=23dd1249d007cf65d61b546a4fe02828 DependenciesID=d50bdc650850cd95506663c9d7227b68 StaticDependenciesID=7ba57acf13f14af7fe4f557b15547504 
Importing 'GUID: 43674d438e19b89d7fe6af07234f3252 - Path: Packages/com.unity.modules.accessibility/package.json' with importer (PackageManifestImporter)
Imported 'GUID: 43674d438e19b89d7fe6af07234f3252' -> (Import Result ID: 'f8c87b4fbc6298e300bc3ef00722b65a') in 0.000 seconds [static dependencies only]. Details - ImportResultOutputID=09acbb368a6bac60c9ab3566ee7106ae DependenciesID=921d601850da1ec9b05f1f468436ab0e StaticDependenciesID=c19d0189e83c9cd3e5aa4d1c325afb07 
Importing 'GUID: 939b89fc6b924ea2e821fc1be1b09f56 - Path: Packages/com.unity.modules.tetgen/package.json' with importer (PackageManifestImporter)
Imported 'GUID: 939b89fc6b924ea2e821fc1be1b09f56' -> (Import Result ID: '11768157ac485b2639961b8822c46966') in 0.000 seconds [static dependencies only]. Details - ImportResultOutputID=29fa5e06454fd7d4a3de4ebaad1b9fb3 DependenciesID=c1b4948256745152fc2049e828600095 StaticDependenciesID=85fe6b83da180efd3b8a71f4f73ea1d2 
Importing 'GUID: a3f71b076c36a204a864f8c44142b3a9 - Path: Packages/com.unity.ide.visualstudio/ValidationConfig.json' with importer (TextScriptImporter)
Imported 'GUID: a3f71b076c36a204a864f8c44142b3a9' -> (Import Result ID: '6bc194c0e5cf2c0ea377129ee0200221') in 0.000 seconds [static dependencies only]. Details - ImportResultOutputID=cff9390ab0252068bea3e095f4d8ef8d DependenciesID=9d8b025ffb710ac31101c22b75c904b3 StaticDependenciesID=cb892ee866859957be28e6dcd81741fb 
Importing 'GUID: d3cbe921f7b3d9a3257e7c61a5761796 - Path: Packages/com.unity.modules.terrainphysics/package.json' with importer (PackageManifestImporter)
Imported 'GUID: d3cbe921f7b3d9a3257e7c61a5761796' -> (Import Result ID: 'c6962603b20062c5a3d8cbe46638f06b') in 0.000 seconds [static dependencies only]. Details - ImportResultOutputID=dd1e3adb7083a3027e8e76a0f466a653 DependenciesID=6517e97cccb0ebb2f51518d264d97ccd StaticDependenciesID=89337a2390f409565d8be9f960167083 
Importing 'GUID: 2479a4656ed89570ebd1de1fdda3dae5 - Path: Packages/com.unity.modules.timelinefoundation/package.json' with importer (PackageManifestImporter)
Imported 'GUID: 2479a4656ed89570ebd1de1fdda3dae5' -> (Import Result ID: '0302208327ef60b38a6c6ef73efb8e67') in 0.000 seconds [static dependencies only]. Details - ImportResultOutputID=46a2b4bb43d4824a41d6c5129c0be0e9 DependenciesID=da2ed76247ab9d845fc0bddff5663209 StaticDependenciesID=89e750f67239ef258d2e24cbb0e9b393 
Importing 'GUID: f49bbe06ffa5ae24abe32abdab430c24 - Path: Packages/com.unity.ext.nunit/CHANGELOG.md' with importer (TextScriptImporter)
Imported 'GUID: f49bbe06ffa5ae24abe32abdab430c24' -> (Import Result ID: 'cd4dff66c699a226bf55f5e7c0a1f4b0') in 0.000 seconds [static dependencies only]. Details - ImportResultOutputID=01168eb68a0f3be6f532fd87433b1d0d DependenciesID=410372227720ae096651114bf4c0a19e StaticDependenciesID=afa1787e8d8c28cb672470fcab17a9b6 
Importing 'GUID: 05f7f519769978b79b31d063a7fc6fa1 - Path: Packages/com.unity.modules.unitywebrequestassetbundle/package.json' with importer (PackageManifestImporter)
Imported 'GUID: 05f7f519769978b79b31d063a7fc6fa1' -> (Import Result ID: '4e7f058c964e1e63e1c953b992af019b') in 0.000 seconds [static dependencies only]. Details - ImportResultOutputID=bc2c97e74faeca88ac7413fb1ab6bdad DependenciesID=4922d3f5480f1c735012b971dc672e06 StaticDependenciesID=d86e0c2d1b53ce6b8f92e493f4765894 
Importing 'GUID: 5598b14661b5f4c43bed757f34b6d172 - Path: Packages/com.unity.ide.rider/LICENSE.md' with importer (TextScriptImporter)
Imported 'GUID: 5598b14661b5f4c43bed757f34b6d172' -> (Import Result ID: 'edf5f386fa5935ba76146f2e667a75ce') in 0.000 seconds [static dependencies only]. Details - ImportResultOutputID=327a019b016b061199b139089c9f7588 DependenciesID=26e7eae126c0167609ad958f04cf5999 StaticDependenciesID=9b3fb3b79c2968dbd1c57f75c7eec358 
Importing 'GUID: 656f74f6edaa396458412b9e3903d8cd - Path: Packages/com.unity.ide.visualstudio/package.json' with importer (PackageManifestImporter)
Imported 'GUID: 656f74f6edaa396458412b9e3903d8cd' -> (Import Result ID: '026fbff18d6d8ccd2105aaf4207fab86') in 0.000 seconds [static dependencies only]. Details - ImportResultOutputID=c6c234ec4788ad4daafb8100490de712 DependenciesID=e856ee9d89f09216e15ef763c814698e StaticDependenciesID=d58099b9ef64c5201453a22746692171 
Importing 'GUID: 953fab16d15d5885b3600fcd6388b2ad - Path: Packages/com.unity.modules.imageconversion/package.json' with importer (PackageManifestImporter)
Imported 'GUID: 953fab16d15d5885b3600fcd6388b2ad' -> (Import Result ID: 'f429bdfb79f913ce8c501a82d8358497') in 0.000 seconds [static dependencies only]. Details - ImportResultOutputID=0e4995c3f3dd5769464d8a543795eb59 DependenciesID=65c452b17df9a2ed2f86b3ad31f5fd59 StaticDependenciesID=3a87574dc1bf2139ab2e833c570d41ac 
Importing 'GUID: b5930dbc378b45d406aeb881f06b6dfa - Path: Packages/com.unity.modules.physicscore2d/package.json' with importer (PackageManifestImporter)
Imported 'GUID: b5930dbc378b45d406aeb881f06b6dfa' -> (Import Result ID: '2a94add01761f8fc65c922a501319370') in 0.000 seconds [static dependencies only]. Details - ImportResultOutputID=af44914a33c884dc4608f0447aad1ab8 DependenciesID=bbce0d58c26795613a52965175925ea9 StaticDependenciesID=920f07d595124003c9dbccbb35574a76 
Importing 'GUID: 26a4f29db434fd79025c91f6126382cc - Path: Packages/com.unity.modules.unityanalytics/package.json' with importer (PackageManifestImporter)
Imported 'GUID: 26a4f29db434fd79025c91f6126382cc' -> (Import Result ID: '1f638ec50865121ee10f404e14c75ab5') in 0.000 seconds [static dependencies only]. Details - ImportResultOutputID=d24cdca416056c3767c03f6739fd11b9 DependenciesID=8bdea4c5466816daf6e8103cf30828da StaticDependenciesID=4ebdb3799ab953706fae87a220b5817b 
Importing 'GUID: 66c95bb3c74257f41bae2622511dc02d - Path: Packages/com.unity.ide.rider/package.json' with importer (PackageManifestImporter)
Imported 'GUID: 66c95bb3c74257f41bae2622511dc02d' -> (Import Result ID: '2d48b3247060e80247497281f12a74d8') in 0.000 seconds [static dependencies only]. Details - ImportResultOutputID=f89ff0383dd1cd9973d5836fc09a4be8 DependenciesID=71ba70c35d6bc9f6ffbb1a3f64b3d602 StaticDependenciesID=af2497d9d1327f4cf331ec0b6078f68f 
Importing 'GUID: 8645aa9c3c74fb34ba9499e14fb332b5 - Path: Packages/com.unity.ide.rider/CHANGELOG.md' with importer (TextScriptImporter)
Imported 'GUID: 8645aa9c3c74fb34ba9499e14fb332b5' -> (Import Result ID: 'ca2f202aafa234975268fc06aed9535b') in 0.000 seconds [static dependencies only]. Details - ImportResultOutputID=dd3c231205f1535e4e5415aae999a968 DependenciesID=11a9b17e0d5c1acc8c70bad97de3a745 StaticDependenciesID=58ddf74d8480a0ce5936b8187118a61f 
Importing 'GUID: 96d14b71b907bb52333b2886e665aba6 - Path: Packages/com.unity.modules.video/package.json' with importer (PackageManifestImporter)
Imported 'GUID: 96d14b71b907bb52333b2886e665aba6' -> (Import Result ID: '6b4f50a4e00b550b15fbd8f3ac5e84b5') in 0.000 seconds [static dependencies only]. Details - ImportResultOutputID=0a5bae1cac69280d6b37914850384cc6 DependenciesID=77125f870918faa373ab6ef5167113de StaticDependenciesID=68f521bd5c1f61d426b3051a918c6b9e 
Importing 'GUID: b6029123aa4ab4e0481a4b3ad8a15af9 - Path: Packages/com.unity.ide.rider/ValidationExceptions.json' with importer (TextScriptImporter)
Imported 'GUID: b6029123aa4ab4e0481a4b3ad8a15af9' -> (Import Result ID: 'bae1c1b0434e288081f0fd8719c30c3d') in 0.001 seconds [static dependencies only]. Details - ImportResultOutputID=6f52e86b1f5116132a8a30131b940fa4 DependenciesID=6a83c3389cff2b6a1a377c08c7d8e8ac StaticDependenciesID=699685fe34e51757b946cd0401fbce0a 
Importing 'GUID: d691174143fd3774ba63d7c493633b99 - Path: Packages/com.unity.test-framework/CHANGELOG.md' with importer (TextScriptImporter)
Imported 'GUID: d691174143fd3774ba63d7c493633b99' -> (Import Result ID: 'c3fca394a9cc09d5d88d3d5a76ec5eb4') in 0.001 seconds [static dependencies only]. Details - ImportResultOutputID=574d6ecf949752cdaa9f864cbd026df1 DependenciesID=3ebce2b7a7e20f8a29d788af81daa402 StaticDependenciesID=3db3ee678f4ead70f7573c01750b7294 
Importing 'GUID: d6a2e6e4803de7b43baacdc355fc144d - Path: Packages/com.unity.test-framework/package.json' with importer (PackageManifestImporter)
Imported 'GUID: d6a2e6e4803de7b43baacdc355fc144d' -> (Import Result ID: '4b899eafef6618b34266f7fa52222bf0') in 0.001 seconds [static dependencies only]. Details - ImportResultOutputID=8016505d6f82683b7a680276e2efcb9a DependenciesID=0ec88bb72c4f9ee5507e3a35aa7adfc4 StaticDependenciesID=40dee2580fdace20e4fd62895bc53e8f 
Importing 'GUID: 87d720faa37005c08600090e04d8c739 - Path: Packages/com.unity.modules.particlesystem/package.json' with importer (PackageManifestImporter)
Imported 'GUID: 87d720faa37005c08600090e04d8c739' -> (Import Result ID: '15ba545013c55640b4ce8e0d94e20d46') in 0.001 seconds [static dependencies only]. Details - ImportResultOutputID=af5c3885a5831dbe4c34a3756290e84a DependenciesID=bbdc17fc46e2a3d1111a4d4e4153fb2a StaticDependenciesID=06de8909aa29b12b2795f90e8aee05d2 
Importing 'GUID: f7a8357347c80dc69c08d0b1a05e2122 - Path: Packages/com.unity.modules.physics2d/package.json' with importer (PackageManifestImporter)
Imported 'GUID: f7a8357347c80dc69c08d0b1a05e2122' -> (Import Result ID: '8e18bbb66b2b3d8f7842ee3a260e5e45') in 0.000 seconds [static dependencies only]. Details - ImportResultOutputID=ffdd5cf71990097dc8e67f888e336b27 DependenciesID=68187d32eb6aebb86cb290844636b6d9 StaticDependenciesID=f56b4961831f9b23bfaa0e5ff6985f7e 
Importing 'GUID: 78e5667e52329c3ceef41288763404ae - Path: Packages/com.unity.modules.vectorgraphics/package.json' with importer (PackageManifestImporter)
Imported 'GUID: 78e5667e52329c3ceef41288763404ae' -> (Import Result ID: '09f01d89e95ac1113032cda9f5947657') in 0.000 seconds [static dependencies only]. Details - ImportResultOutputID=ef5e6b3fee8048647d8f25b6cde53588 DependenciesID=cc5ecf416d7daecaadaacc0456f35c38 StaticDependenciesID=084b183a4b093193949ce92dec6e1dc4 
Importing 'GUID: 7809f42f64c877f4b90ac233e5ec2372 - Path: Packages/com.unity.ide.visualstudio/ThirdPartyNotices.md' with importer (TextScriptImporter)
Imported 'GUID: 7809f42f64c877f4b90ac233e5ec2372' -> (Import Result ID: 'a28aa1402ac8e637190ddf8440cc5e87') in 0.000 seconds [static dependencies only]. Details - ImportResultOutputID=f154d8c91844fe25266ca0011028e787 DependenciesID=5c2ffb1af8d1a639e99b218df7f42831 StaticDependenciesID=43742991ad5fb88fc39b2047e4b47ea1 
Importing 'GUID: 788fbcfc0abc6c54b9504cfee3176c22 - Path: Packages/com.unity.ide.visualstudio/ValidationExceptions.json' with importer (TextScriptImporter)
Imported 'GUID: 788fbcfc0abc6c54b9504cfee3176c22' -> (Import Result ID: '81135997c364631328a054147938fac8') in 0.000 seconds [static dependencies only]. Details - ImportResultOutputID=99c9b320b2a231cc13cad939eaabe428 DependenciesID=6dad5110de8a6794f881a3e6a17a8b63 StaticDependenciesID=9764ead717ca00dc09d6f901b9296d05 
Importing 'GUID: b83f06ac0c0696e9563230865ca72b81 - Path: Packages/com.unity.modules.wind/package.json' with importer (PackageManifestImporter)
Imported 'GUID: b83f06ac0c0696e9563230865ca72b81' -> (Import Result ID: '9dc79958c73e3a55e2560d2ec74ff90d') in 0.000 seconds [static dependencies only]. Details - ImportResultOutputID=86a5be3d0a8a6444c0847994148a04c5 DependenciesID=95d8fc5d2bbd997a55ecfbddefb96c80 StaticDependenciesID=66cc94a4346663330b5c6298f2e148dc 
Importing 'GUID: d85e5eeaf8f135aeaaebdc8aa3cff6c3 - Path: Packages/com.unity.modules.umbra/package.json' with importer (PackageManifestImporter)
Imported 'GUID: d85e5eeaf8f135aeaaebdc8aa3cff6c3' -> (Import Result ID: 'ee2615399b279152b0335e685f9e4f21') in 0.001 seconds [static dependencies only]. Details - ImportResultOutputID=6667220eaf37b9411d76bda967a29351 DependenciesID=bb715ffc975102cf4a247ccc967a7412 StaticDependenciesID=eb37a685219cb5aef5fbd5df60eae697 
Importing 'GUID: e9df95f53f1c1d0c9199e235d6c42b50 - Path: Packages/com.unity.modules.audio/package.json' with importer (PackageManifestImporter)
Imported 'GUID: e9df95f53f1c1d0c9199e235d6c42b50' -> (Import Result ID: '3da0abae5321bad105734fca4c4bca28') in 0.000 seconds [static dependencies only]. Details - ImportResultOutputID=9e7a8ca17c9ada176ee8f9feaacb145a DependenciesID=b61383e346dbc8a029c6c7d93da0c63e StaticDependenciesID=a6ba264de710eb848c1def723963e3cc 
Importing 'GUID: f91a00d2dca52b843b2d50ccf750737d - Path: Packages/com.unity.ext.nunit/LICENSE.md' with importer (TextScriptImporter)
Imported 'GUID: f91a00d2dca52b843b2d50ccf750737d' -> (Import Result ID: '4a79da6677dd67cc5d5f747357bc40de') in 0.000 seconds [static dependencies only]. Details - ImportResultOutputID=d854dc97e3ddfb1399f46d637df03eb9 DependenciesID=4a66b8c1e54c8eb3ce2459fec3d8a4ef StaticDependenciesID=4e9ac9040dec2c3da17f383824ffe8cc 
Importing 'GUID: 1a4266815e998967becf686f9c71f0a6 - Path: Packages/com.unity.modules.physics/package.json' with importer (PackageManifestImporter)
Imported 'GUID: 1a4266815e998967becf686f9c71f0a6' -> (Import Result ID: '7b29e9278b7ae7ab0bcead621cf46af3') in 0.000 seconds [static dependencies only]. Details - ImportResultOutputID=a2d6f3bfd9bb75782461acb9a5eb4f5a DependenciesID=bd4510c5c9c050edfefb2c84c95abf90 StaticDependenciesID=ff880c4980be6e10637516ee80719398 
Importing 'GUID: 6afb166a156df2d20433d981f4bb2832 - Path: Packages/com.unity.modules.vehicles/package.json' with importer (PackageManifestImporter)
Imported 'GUID: 6afb166a156df2d20433d981f4bb2832' -> (Import Result ID: '8b13c179e857afa8bd8b8fea88399ef0') in 0.000 seconds [static dependencies only]. Details - ImportResultOutputID=913c781524e2f88f1f61dedb313e4c06 DependenciesID=76d2c74133d94ef22145f285a1490df1 StaticDependenciesID=0ea68813f79d4edf8309ce9abbe27516 
Importing 'GUID: fa27413e9edb06a6058d6c894eca0338 - Path: Packages/com.unity.modules.unitywebrequestwww/package.json' with importer (PackageManifestImporter)
Imported 'GUID: fa27413e9edb06a6058d6c894eca0338' -> (Import Result ID: '9a74feef4dcfee670a5eb21bda97016d') in 0.000 seconds [static dependencies only]. Details - ImportResultOutputID=5205eed9bc215ff67b1f0174ef8ee9e2 DependenciesID=5bcd3dbd358387d2ec18d64b6a8aac49 StaticDependenciesID=63a1a8073e35af2c81c07d08e1454c22 
Importing 'GUID: 4b518b37798c97b0f860962cbf615533 - Path: Packages/com.unity.modules.unitywebrequestaudio/package.json' with importer (PackageManifestImporter)
Imported 'GUID: 4b518b37798c97b0f860962cbf615533' -> (Import Result ID: 'e725fec144678b00eb2da485abf6a653') in 0.000 seconds [static dependencies only]. Details - ImportResultOutputID=3ac3d29a7b2daa2a646425d6f9137196 DependenciesID=2e46841df581e962aa2293fc9a833445 StaticDependenciesID=593560aa1b7a7af813f7b98c268e79f8 
Importing 'GUID: 9b1a5759726ef9d39a0ab82047b615f1 - Path: Packages/com.unity.modules.hierarchycore/package.json' with importer (PackageManifestImporter)
Imported 'GUID: 9b1a5759726ef9d39a0ab82047b615f1' -> (Import Result ID: 'e2f2a4dc1806eafb567812fa13071323') in 0.000 seconds [static dependencies only]. Details - ImportResultOutputID=1dea4a637fffff459a716aab2b4544dc DependenciesID=d8bebc9a9b7a84bd405ce0fcce71b5c8 StaticDependenciesID=882b96a1432b49929b6e23cde2929d1c 
Importing 'GUID: 2c814623cb42764d304be0c5ddd03ceb - Path: Packages/com.unity.modules.xr/package.json' with importer (PackageManifestImporter)
Imported 'GUID: 2c814623cb42764d304be0c5ddd03ceb' -> (Import Result ID: '3da53f8cacc6be07556e579b152a3075') in 0.000 seconds [static dependencies only]. Details - ImportResultOutputID=1262664d19c2258369288d30beb2cdb6 DependenciesID=57697ae4248f807eca533f4fde7c490c StaticDependenciesID=50443b01181fb4ffad09dd60cbe10d44 
Importing 'GUID: 4c413a81cadcce7038e446e56570117e - Path: Packages/com.unity.modules.adaptiveperformance/package.json' with importer (PackageManifestImporter)
Imported 'GUID: 4c413a81cadcce7038e446e56570117e' -> (Import Result ID: '6bc9096e03b526a234bd93df8e40474d') in 0.000 seconds [static dependencies only]. Details - ImportResultOutputID=1f07c1ff1eeefc2532264b0ab169267a DependenciesID=2824091591b7cc56042c6ee0b731bf44 StaticDependenciesID=1a42c6fc11b3b4a5a41df228177a979d 
Importing 'GUID: ec02776fe29df900b897106d61977735 - Path: Packages/com.unity.modules.director/package.json' with importer (PackageManifestImporter)
Imported 'GUID: ec02776fe29df900b897106d61977735' -> (Import Result ID: '492a653eef361c2234f2ab95b5e32efa') in 0.000 seconds [static dependencies only]. Details - ImportResultOutputID=e6c46672aaf283c4f268e9bb004b543a DependenciesID=c278012f0e730bd8614bf4ae12d7f0cf StaticDependenciesID=e4ecc0992a31879a4dc5fafeaa443773 
Importing 'GUID: 5da62a0c1c5218c4aa16b74546a7822d - Path: Packages/com.unity.ext.nunit/README.md' with importer (TextScriptImporter)
Imported 'GUID: 5da62a0c1c5218c4aa16b74546a7822d' -> (Import Result ID: '592d9dd6a64470a9f8e825fd6229006b') in 0.000 seconds [static dependencies only]. Details - ImportResultOutputID=c8657eaa0cd2cb7909b75292d5c2cac7 DependenciesID=a0989442b53f21c8891136d7e7395d08 StaticDependenciesID=2412cf4b705c843d874bb0f8c90adae9 
Importing 'GUID: 6d56244f8c39a851975d3c0bd432c66f - Path: Packages/com.unity.modules.terrain/package.json' with importer (PackageManifestImporter)
Imported 'GUID: 6d56244f8c39a851975d3c0bd432c66f' -> (Import Result ID: 'acdf629200802dc846f4b01de6f3d421') in 0.000 seconds [static dependencies only]. Details - ImportResultOutputID=5e40d0b8d35162ad5eb9813bcce344e1 DependenciesID=0fdc6c03230f00196d66509291acf7a7 StaticDependenciesID=98ac750c63e45666278d0decee7f0873 
Importing 'GUID: bd1af0a6633ee94ae21c7d1d702cdc12 - Path: Packages/com.unity.modules.androidjni/package.json' with importer (PackageManifestImporter)
Imported 'GUID: bd1af0a6633ee94ae21c7d1d702cdc12' -> (Import Result ID: 'c66b3a289a73bbec2fda23e48bc08026') in 0.000 seconds [static dependencies only]. Details - ImportResultOutputID=7126a0377f515e9a6995b9946f69e957 DependenciesID=3460a296a7931240235c48d675c04d07 StaticDependenciesID=766670ff5734e879714b6e5bd1fc3fee 
Importing 'GUID: cd78ce5b75b8be84d8b94cd99903161f - Path: Packages/com.unity.ide.visualstudio/CONTRIBUTING.md' with importer (TextScriptImporter)
Imported 'GUID: cd78ce5b75b8be84d8b94cd99903161f' -> (Import Result ID: '90ce997c7b0b9a72c1a4bbc8359255a1') in 0.000 seconds [static dependencies only]. Details - ImportResultOutputID=2e903f86b6274379e888bf8205a28a62 DependenciesID=70fad9e9c5fb93c90ae3bc1cfaf55621 StaticDependenciesID=83a52b79b18beab5b489fe9907122b65 
Importing 'GUID: 3ec7596410385054a9e0bc90377fbe63 - Path: Packages/com.unity.test-framework/LICENSE.md' with importer (TextScriptImporter)
Imported 'GUID: 3ec7596410385054a9e0bc90377fbe63' -> (Import Result ID: '3a1c9d30bdeada97253cfb6695045bc3') in 0.000 seconds [static dependencies only]. Details - ImportResultOutputID=bba2943017dac050fc7c7408db0545e8 DependenciesID=2a5c50339c505478545b9a6b332308d4 StaticDependenciesID=979fcfe7b19f9d33c0758a6b2a5be9b4 
Importing 'GUID: 5e83f8baac96eaa47bdd9ca781cd2002 - Path: Packages/com.unity.ide.rider/CONTRIBUTING.md' with importer (TextScriptImporter)
Imported 'GUID: 5e83f8baac96eaa47bdd9ca781cd2002' -> (Import Result ID: 'df0cebd9447d1612751bd7af1f3a21de') in 0.000 seconds [static dependencies only]. Details - ImportResultOutputID=299398a35b0d6ab073c07e25e1931264 DependenciesID=4420fbc427b51d1f4f4759a393a225ad StaticDependenciesID=dbd5140748e3c8e099a6a3e5d2e4ab08 
Importing 'GUID: 7ef8348b8ea834d7e1bc214b07f7fb87 - Path: Packages/com.unity.modules.animation/package.json' with importer (PackageManifestImporter)
Imported 'GUID: 7ef8348b8ea834d7e1bc214b07f7fb87' -> (Import Result ID: '82e086625e3caaa7556c47741779fbbd') in 0.000 seconds [static dependencies only]. Details - ImportResultOutputID=b91668c34ad33289ab3788464c3773fc DependenciesID=0065dbae8c760ef394d86b185f8b83a2 StaticDependenciesID=a1cddf4511130d831d577e406d2312e6 
Importing 'GUID: 1fe9e6e1ae93cf64bbdfbd29300752e1 - Path: Packages/com.unity.ide.visualstudio/LICENSE.md' with importer (TextScriptImporter)
Imported 'GUID: 1fe9e6e1ae93cf64bbdfbd29300752e1' -> (Import Result ID: '3810f04e5a6dea9d7192322c518317fc') in 0.000 seconds [static dependencies only]. Details - ImportResultOutputID=59b2bdb7a2a944bdd850427bde77d577 DependenciesID=63009f1a6fb1b534e5b44aa1d21f03d3 StaticDependenciesID=cfdc7fb9a1450b6ca3a201af1edec05b 
Importing 'GUID: 3fdd83b151eb8d25c5e2f82fc39dcb04 - Path: Packages/com.unity.modules.unitywebrequest/package.json' with importer (PackageManifestImporter)
Imported 'GUID: 3fdd83b151eb8d25c5e2f82fc39dcb04' -> (Import Result ID: '92635879e69b098a24aed6b11124d6af') in 0.000 seconds [static dependencies only]. Details - ImportResultOutputID=c3fdc439e8f1f75cc7a0e86c4c6ba96d DependenciesID=af541476494a73d8e0e3c25128f3ed67 StaticDependenciesID=7d8ffda6dfec0ff398f84144af32c448 
Importing 'GUID: 4f0f9b9f3ed97ad2b9ba8f1a8e4666c2 - Path: Packages/com.unity.modules.uielements/package.json' with importer (PackageManifestImporter)
Imported 'GUID: 4f0f9b9f3ed97ad2b9ba8f1a8e4666c2' -> (Import Result ID: '184794dd62116f07f31b8718f7db4388') in 0.000 seconds [static dependencies only]. Details - ImportResultOutputID=c6edeb5d9bc578ffca7fbf049f13618e DependenciesID=55e8d1ec6ce87a14c2bd6ab2efec80b4 StaticDependenciesID=6a093705c82ba59492894df208618d92 
Importing 'GUID: bfd567a3d1631a761bca9e99fa53d86d - Path: Packages/com.unity.modules.ui/package.json' with importer (PackageManifestImporter)
Imported 'GUID: bfd567a3d1631a761bca9e99fa53d86d' -> (Import Result ID: '4dd710bbce123bc757f4a8a01bdf269a') in 0.000 seconds [static dependencies only]. Details - ImportResultOutputID=2c146ae310e14069b7968d16cdff2b0b DependenciesID=b1c5e489db4e32517744613cffb974f4 StaticDependenciesID=9d4c7cf74df7148af2e86e5b6924c57c 
Importing 'GUID: bfcb3ba499f7d452b92d9a9cc3378788 - Path: Packages/com.unity.ext.nunit/Third Party Notices.md' with importer (TextScriptImporter)
Imported 'GUID: bfcb3ba499f7d452b92d9a9cc3378788' -> (Import Result ID: 'e6cfe1d808178a6dfdb4b89ccfc62c2a') in 0.000 seconds [static dependencies only]. Details - ImportResultOutputID=13e034fa650cd897dd3935828cea6abc DependenciesID=75baafcacaf8f610432359dceece7d61 StaticDependenciesID=c41ef689649a42705725ae0c14ba6db5 
No restricted APIs configured; Validation skipped.
Checking 2 assemblies for restricted APIs found 0 usage(s) in 3 ms
Launched and connected shader compiler UnityShaderCompiler.exe after 0.01 seconds
Loading style catalogs (6)
	StyleSheets/Extensions/base/common.uss
	UIPackageResources/StyleSheets/Default/Variables/Public/common.uss
	StyleSheets/Northstar/common.uss
	StyleSheets/Extensions/fonts/inter.uss
	StyleSheets/Extensions/base/dark.uss
	UIPackageResources/StyleSheets/Default/Northstar/Palette/dark.uss

Asset Pipeline Refresh (id=211ef7c18db462943b858bd1e0c2e03e): Total: 6.423 seconds - Initiated by InitialRefreshV2(ForceSynchronousImport)
	(Values over 0.05ms)
	Summary:
		Imports: total=230 (actual=230, local cache=0, cache server=0)
		Asset DB Process Time: managed=6 ms, native=850 ms
		Asset DB Callback time: managed=176 ms, native=2580 ms
		Scripting: domain reloads=1, domain reload time=524 ms, compile time=2277 ms, other=7 ms
		Project Asset Count: scripts=169, non-scripts=61
		Asset File Changes: new=713, changed=713, moved=0, deleted=0
		Scan Filter Count: 0
	InvokePackagesCallback: 2275.049ms
	ApplyChangesToAssetFolders: 0.429ms
	Scan: 241.879ms
	Collect global state as custom dependencies: 8.563ms
	OnSourceAssetsModified: 1.451ms
	CategorizeScriptCompilationAssets: 3.340ms
	ProcessAssetsWithTransientArtifactChanges: 3.339ms
	CategorizeAssets: 1.401ms
	CompileScripts: 2276.544ms
	ImportOutOfDateAssets: 538.098ms (394.243ms without children)
		ImportManagerImport: 136.156ms (6.164ms without children)
			UpdateCategorizedAssets: 0.425ms
		UnloadImportedAssets: 0.114ms
		ImportSchedulerStart: 7.542ms
	PostProcessAllAssets: 485.465ms
		PostProcessCallbackCreateDeferredMaterials 1.448ms
		VersionControlSettings.HiddenFilePostprocess 1.435ms
		ShaderAssetModifiedCallback 1.079ms
		AssemblyValidation.PostprocessAllAssets 1.050ms
		ComputeShaderImportPostprocess 0.377ms
		RaytracingShaderImportPostprocess 0.375ms
		LocalizationDatabase.AssetDatabasePostprocessCallback 0.358ms
		SpeedTreeImporter.PostprocessAllAssets 0.300ms
		BlockShaderImporter.PostprocessAllAssets 0.166ms
		MonoPostProcessAllAssets: 174.775ms
			SyncVS.PostprocessSyncProject 71.783ms
			StyleCatalogPostProcessor.OnPostprocessAllAssets 65.685ms
			AssetPostprocessor.OnPostprocessAllAssets 8.751ms
			AssetChangedListener.OnPostprocessAllAssets 6.017ms
			WindowAssetPostprocessingWatcher.OnPostprocessAllAssets 5.734ms
			BuilderAssetPostprocessor.OnPostprocessAllAssets 3.994ms
			TextAssetPostProcessor.OnPostprocessAllAssets 1.542ms
			RetainedModeAssetPostprocessor.OnPostprocessAllAssets 0.993ms
			SpeedTree9Postprocessor.OnPostprocessAllAssets 0.830ms
			EditModeScopePostprocessor.OnPostprocessAllAssets 0.637ms
			ArtifactBrowserPostProcessor.OnPostprocessAllAssets 0.429ms
			ReferencedClipsPostProcessor.OnPostprocessAllAssets 0.222ms
			AudioMixerPostprocessor.OnPostprocessAllAssets 0.221ms
			AssetEvents.OnPostprocessAllAssets 0.206ms
			TerrainToolbarOverlayPostProcessor.OnPostprocessAllAssets 0.166ms
			SpeedTreePostProcessor.OnPostprocessAllAssets 0.159ms
			ThemePostprocessor.OnPostprocessAllAssets 0.124ms
			AssetDatabaseCallbacks.OnPostprocessAllAssets 0.118ms
			ConfigAssetsTracker.OnPostprocessAllAssets 0.096ms
			ScenarioDriftAssetsTracker.OnPostprocessAllAssets 0.087ms
			RenderPipelineGlobalSettingsPostprocessor.OnPostprocessAllAssets 0.076ms
			AudioContainerPostProcessor.OnPostprocessAllAssets 0.057ms
	PostAssetChangesProfiler: 0.995ms
	UnloadStreamsBegin: 1.070ms
	PersistCurrentRevisions: 0.123ms
	Untracked: 564.764ms

Application.AssetDatabase Initial Refresh End
Scanning for USB devices : 5.553ms
AcceleratorClientConnectionCallback - disconnected - :0
Importing 'GUID: 00000000000000004000000000000000 - Path: ProjectSettings/ProjectSettings.asset' with importer (LibraryAssetImporter)
Imported 'GUID: 00000000000000004000000000000000' -> (Import Result ID: '88c57b58f872a4bc1187ab1b08b01cc0') in 0.001 seconds [static dependencies only]. Details - ImportResultOutputID=054c890a8f4b6dddbea933bc5e4b7df4 DependenciesID=5895cb9385b96def10889769f3b05a21 StaticDependenciesID=567563cc8628f7cc734bc60dcdc5c84a 
Asset Pipeline Refresh (id=ff3597553d67fc54da706321a65a7e2f): Total: 0.011 seconds - Initiated by StopAssetImportingV2(NoUpdateAssetOptions)
Initializing Unity extensions:
[MODES] ModeService[none].Initialize
[MODES] ModeService[none].LoadModes
[MODES] Loading mode Default (0) for mode-current-id-Mobile-Game
Unloading 2 Unused Serialized files (Serialized files now loaded: 0)
Unloading 497 unused Assets / (0.6 MB). Loaded Objects now: 1245.
Memory consumption went from 250.2 MB to 249.6 MB.
Total: 4.407200 ms (FindLiveObjects: 0.220300 ms CreateObjectMapping: 0.019600 ms MarkObjects: 3.791900 ms  DeleteObjects: 0.262500 ms)

[LAYOUT] About to load C:/Users/baile/AppData/Roaming/Unity/Editor-5.x/Preferences\Layouts\current\default-6000.dwlt, keepMainWindow=False
[LAYOUT] About to save layout C:\Users\baile\OneDrive\Documents\GitHub\Mobile-Game\UserSettings\Layouts\default-6000.dwlt
[LAYOUT] About to save layout C:/Users/baile/AppData/Roaming/Unity/Editor-5.x/Preferences\Layouts\current\default-6000.dwlt
[MODES] ModeService[default].InitializeCurrentMode
[MODES] ModeService[default].RaiseModeChanged(default, default)
This project uses Input Manager, which is marked for deprecation. To manage input in your project, use the <a href="https://docs.unity3d.com/Packages/com.unity.inputsystem@latest">Input System package</a> instead.
<RI> Initializing input.
<RI> Input initialized.
[Project] Loading completed in 14.803 seconds
	Project init time: 				13.808 seconds
		Template init time: 		0.000 seconds
		Package Manager init time: 		1.397 seconds
		Asset Database init time: 		4.595 seconds
		Global illumination init time: 	0.003 seconds
		Assemblies load time: 			1.019 seconds
		Unity extensions init time: 	0.001 seconds
		Asset Database refresh time: 	6.423 seconds
	Scene opening time: 			0.769 seconds
##utp:{"type":"ProjectInfo","version":2,"phase":"Immediate","time":1790097437516,"processId":17360,"projectLoad":14.8033214,"projectInit":13.8077454,"templateInit":0.0,"packageManagerInit":1.3970216,"assetDatabaseInit":4.5952494,"globalIlluminationInit":0.0026409,"assembliesLoad":1.0192671,"unityExtensionsInit":0.0006105,"assetDatabaseRefresh":6.4226749,"sceneOpening":0.7688215}
##utp:{"type":"EditorInfo","version":2,"phase":"Immediate","time":1790097437516,"processId":17360,"editorVersion":"6000.6.1f1 (7efac9f6c10e)","branch":"6000.6/staging","buildType":"Release","platform":"Windows"}
Asset Pipeline Refresh (id=52fd38bffafdc454d9d36d2e327bf4c4): Total: 0.014 seconds - Initiated by RefreshV2(AllowForceSynchronousImport)
[MODES] ModeService[default].LoadModes
Worker ready: AssetImportWorkerHW0 0
[Licensing::Client] Successfully resolved entitlement details
Start Indexing on Editor startup
[Indexing] Starting Initial Indexing for Assets
Created GICache directory at C:/Users/baile/AppData/LocalLow/Unity/Caches/GiCache. Took: 0.012s, timestamps: [15.591 - 15.603]
Starting new worker id: 1 with log in C:/Users/baile/OneDrive/Documents/GitHub/Mobile-Game/Logs/AssetImportWorkerHW1.log
[Licensing::Client] Successfully resolved entitlement details
[Licensing::Client] Successfully updated the access token
[Licensing::Module] Successfully updated access token: "I3_1Xaub"... (expires: 2026-09-22T17:44:33Z)
[Licensing::Client] Successfully resolved entitlement details
Starting new worker id: 2 with log in C:/Users/baile/OneDrive/Documents/GitHub/Mobile-Game/Logs/AssetImportWorkerHW2.log
[Licensing::Client] Successfully resolved entitlement details
[Licensing::Client] Successfully resolved entitlement details
[Worker0] Imported GUID: b73b3de0d473d4a1c887ab31f69b1a8d - Path: Packages/com.unity.ide.visualstudio/Editor/Testing/TestAdaptor.cs - Importer: ScriptedImporter/UnityEditor.QuickSearchModule:UnityEditor.Search:ASIAI0B -> (ImportResultId: '9bbfaf15de6797c39fafe0abb0eeb44a') in 0.0801812 seconds
[Worker0] Imported GUID: fbbb1ee655846b043baf6c3502b5ce49 - Path: Packages/com.unity.ide.visualstudio/Editor/SolutionParser.cs - Importer: ScriptedImporter/UnityEditor.QuickSearchModule:UnityEditor.Search:ASIAI0B -> (ImportResultId: '85168d38bad79b6746b150480d6db98f') in 0.001944 seconds
[Worker0] Imported GUID: a3f71b076c36a204a864f8c44142b3a9 - Path: Packages/com.unity.ide.visualstudio/ValidationConfig.json - Importer: ScriptedImporter/UnityEditor.QuickSearchModule:UnityEditor.Search:ASIAI0B -> (ImportResultId: '820b1c648df89410803437c75faeee62') in 0.0015987 seconds
[Worker0] Imported GUID: 5c1b8a755d2c97640bbb207c43f4cf61 - Path: Packages/com.unity.ide.visualstudio/Editor/SolutionProjectEntry.cs - Importer: ScriptedImporter/UnityEditor.QuickSearchModule:UnityEditor.Search:ASIAI0B -> (ImportResultId: '2df3f8f0e2780a512eb2529879e03c03') in 0.0011486 seconds
[Worker0] Imported GUID: f7b5530092b3a7646bdc7865f1f6ee94 - Path: Packages/com.unity.ide.visualstudio/Editor/Cli.cs - Importer: ScriptedImporter/UnityEditor.QuickSearchModule:UnityEditor.Search:ASIAI0B -> (ImportResultId: '165e5e9cdf6e69dc3fdb54fecec2efc7') in 0.0020153 seconds
[Worker0] Imported GUID: 3070b6395b0f5f04faaab13164c6256d - Path: Packages/com.unity.ide.visualstudio/Editor/ProjectGeneration/LegacyStyleProjectGeneration.cs - Importer: ScriptedImporter/UnityEditor.QuickSearchModule:UnityEditor.Search:ASIAI0B -> (ImportResultId: 'eb39426e6418c3c51e422eb536afba97') in 0.0012455 seconds
[Worker0] Imported GUID: b9308b762484008498bb5cd1886aa491 - Path: Packages/com.unity.ide.visualstudio/Editor/Symbols.cs - Importer: ScriptedImporter/UnityEditor.QuickSearchModule:UnityEditor.Search:ASIAI0B -> (ImportResultId: 'c895d1c09266feafc281c5a5254825c8') in 0.0010116 seconds
[Licensing::Client] Successfully resolved entitlement details
[Worker0] Imported GUID: cd78ce5b75b8be84d8b94cd99903161f - Path: Packages/com.unity.ide.visualstudio/CONTRIBUTING.md - Importer: ScriptedImporter/UnityEditor.QuickSearchModule:UnityEditor.Search:ASIAI0B -> (ImportResultId: '338628e22f15998eb4b04d159fbc322a') in 0.0013592 seconds
[Worker0] Imported GUID: ffe1bdf971d321f4db593c4c6ebd6e47 - Path: Packages/com.unity.ide.visualstudio/Editor/VersionPair.cs - Importer: ScriptedImporter/UnityEditor.QuickSearchModule:UnityEditor.Search:ASIAI0B -> (ImportResultId: 'f76575c194f2e36f7714ec1eb14465d3') in 0.001611 seconds
[Worker0] Imported GUID: 0173aff8c07e06b42af07ebdd7f08032 - Path: Packages/com.unity.ide.visualstudio/Editor/VisualStudioEditor.cs - Importer: ScriptedImporter/UnityEditor.QuickSearchModule:UnityEditor.Search:ASIAI0B -> (ImportResultId: '3cc57732358543284af81c8f0752ff9b') in 0.0014789 seconds
[Worker0] Imported GUID: 48fcd6ebd5ce8fd4cbe931895233677d - Path: Packages/com.unity.ide.visualstudio/Editor/VisualStudioIntegration.cs - Importer: ScriptedImporter/UnityEditor.QuickSearchModule:UnityEditor.Search:ASIAI0B -> (ImportResultId: 'f5cfcb3abaef18bcb4aa94c9dae1dbde') in 0.0014453 seconds
[Worker0] Imported GUID: 553737203d61a8109f9544a97201e1aa - Path: Packages/com.unity.modules.unitywebrequestaudio/package.ModuleCompilationTrigger - Importer: ScriptedImporter/UnityEditor.QuickSearchModule:UnityEditor.Search:ASIAI0B -> (ImportResultId: '8f8919dbeb6e815798d18aa2ce822d87') in 0.0017898 seconds
[Worker0] Imported GUID: fa7011e2ea1ff024083fea2179f3df08 - Path: Packages/com.unity.ide.visualstudio/Editor/ProjectGeneration/ProjectProperties.cs - Importer: ScriptedImporter/UnityEditor.QuickSearchModule:UnityEditor.Search:ASIAI0B -> (ImportResultId: '7f1efa7fe3160067fb3b9aa79225ae29') in 0.0011573 seconds
[Worker0] Imported GUID: ed8e7c93c781e48df93d063a3c0d2972 - Path: Packages/com.unity.ide.visualstudio/Editor/SimpleJSON.cs - Importer: ScriptedImporter/UnityEditor.QuickSearchModule:UnityEditor.Search:ASIAI0B -> (ImportResultId: '22fde4b6e21c9749c320202d553ddb11') in 0.0009431 seconds
[Worker0] Imported GUID: 369c09afe05d2c346af49faef943c773 - Path: Packages/com.unity.ide.visualstudio/Editor/Messaging/Serializer.cs - Importer: ScriptedImporter/UnityEditor.QuickSearchModule:UnityEditor.Search:ASIAI0B -> (ImportResultId: 'a766bbcefea9d73e0903aeeffff468da') in 0.0009773 seconds
[Worker0] Imported GUID: af4c2c762e1d8e949a6bc458973df6e7 - Path: Packages/com.unity.ide.visualstudio/Editor/Solution.cs - Importer: ScriptedImporter/UnityEditor.QuickSearchModule:UnityEditor.Search:ASIAI0B -> (ImportResultId: '3de2411dc9f8002b2a9152b3703876cc') in 0.0012338 seconds
[Worker0] Imported GUID: a8c76505bcc613640ade706bdb0f1cba - Path: Packages/com.unity.ide.visualstudio/Editor/UnityInstallation.cs - Importer: ScriptedImporter/UnityEditor.QuickSearchModule:UnityEditor.Search:ASIAI0B -> (ImportResultId: '2c22abc15fe8f7e39c242b1cd49b1607') in 0.0011298 seconds
[Worker0] Imported GUID: 555fcccd6b79a864f83e7a319daa1c3e - Path: Packages/com.unity.ide.visualstudio/Editor/ProjectGeneration/ProjectGenerationFlag.cs - Importer: ScriptedImporter/UnityEditor.QuickSearchModule:UnityEditor.Search:ASIAI0B -> (ImportResultId: 'a8fcdfd695a6ff0586d12b82a3da8e93') in 0.0009647 seconds
[Worker0] Imported GUID: 6022bdd5b2896a54f94123b812705321 - Path: Packages/com.unity.ide.visualstudio/CHANGELOG.md - Importer: ScriptedImporter/UnityEditor.QuickSearchModule:UnityEditor.Search:ASIAI0B -> (ImportResultId: '7584a30fdab38aa1e97debdf4ba7fb29') in 0.0013243 seconds
[Worker0] Imported GUID: 917a51fff055ce547b4ad1215321f3da - Path: Packages/com.unity.ide.visualstudio/Editor/Messaging/ExceptionEventArgs.cs - Importer: ScriptedImporter/UnityEditor.QuickSearchModule:UnityEditor.Search:ASIAI0B -> (ImportResultId: '2c372a62634ce42c0c416b9647258419') in 0.0010237 seconds
[Worker0] Imported GUID: cbccb6292dce08a489e6e742243154e7 - Path: Packages/com.unity.ide.visualstudio/Editor/KnownAssemblies.cs - Importer: ScriptedImporter/UnityEditor.QuickSearchModule:UnityEditor.Search:ASIAI0B -> (ImportResultId: '7b03b5e0d35c56b23441cf7ace4e3a75') in 0.0008512 seconds
[Worker0] Imported GUID: 1fe9e6e1ae93cf64bbdfbd29300752e1 - Path: Packages/com.unity.ide.visualstudio/LICENSE.md - Importer: ScriptedImporter/UnityEditor.QuickSearchModule:UnityEditor.Search:ASIAI0B -> (ImportResultId: 'f12c1d1281c3c2b076b42566b2172613') in 0.001884 seconds
[Worker0] Imported GUID: ec80b1fb8938b3b4ab442d10390c5315 - Path: Packages/com.unity.ide.visualstudio/Editor/ProjectGeneration/FileIOProvider.cs - Importer: ScriptedImporter/UnityEditor.QuickSearchModule:UnityEditor.Search:ASIAI0B -> (ImportResultId: '6d863900bb0a62fb657ee789ab2965b8') in 0.0009314 seconds
[Worker0] Imported GUID: 788fbcfc0abc6c54b9504cfee3176c22 - Path: Packages/com.unity.ide.visualstudio/ValidationExceptions.json - Importer: ScriptedImporter/UnityEditor.QuickSearchModule:UnityEditor.Search:ASIAI0B -> (ImportResultId: '63ac6afca6b105b839e2effe34535db7') in 0.0008643 seconds
[Worker0] Imported GUID: 829d4d6bc39fd1044ba4c5fc2a9c911f - Path: Packages/com.unity.ide.visualstudio/Editor/SolutionProperties.cs - Importer: ScriptedImporter/UnityEditor.QuickSearchModule:UnityEditor.Search:ASIAI0B -> (ImportResultId: '76d538b1503a3d4d18b57bbe71fe42c8') in 0.0008665 seconds
[Licensing::Client] Successfully resolved entitlement details
[Worker0] Imported GUID: e8aed47cdce10fd4cae32fefa2c34f8f - Path: Packages/com.unity.ide.visualstudio/Editor/ProjectGeneration/SdkStyleProjectGeneration.cs - Importer: ScriptedImporter/UnityEditor.QuickSearchModule:UnityEditor.Search:ASIAI0B -> (ImportResultId: 'bfe11b3a1c88429d420f675795a7d879') in 0.0009952 seconds
[Worker0] Imported GUID: a31a332ce3485f00f7df8d987302a29c - Path: Packages/com.unity.modules.unitywebrequesttexture/package.ModuleCompilationTrigger - Importer: ScriptedImporter/UnityEditor.QuickSearchModule:UnityEditor.Search:ASIAI0B -> (ImportResultId: '11141d2a65f4d28c14d1ab0f8233d49d') in 0.000894 seconds
[Worker0] Imported GUID: d791d407901442e49862d3aa783ce8af - Path: Packages/com.unity.ide.visualstudio/Editor/AssemblyInfo.cs - Importer: ScriptedImporter/UnityEditor.QuickSearchModule:UnityEditor.Search:ASIAI0B -> (ImportResultId: 'd8b878abc85a0942d310f7725493231f') in 0.0009727 seconds
[Worker0] Imported GUID: 5e249ae353801f043a6e4173410c6152 - Path: Packages/com.unity.ide.visualstudio/Editor/Messaging/Messenger.cs - Importer: ScriptedImporter/UnityEditor.QuickSearchModule:UnityEditor.Search:ASIAI0B -> (ImportResultId: '0a5de9715103850f7948d2a605dd4d6f') in 0.0009206 seconds
[Worker0] Imported GUID: be7ef402265a7a549b2e43c11d1a22c5 - Path: Packages/com.unity.ide.visualstudio/Editor/VisualStudioForWindowsInstallation.cs - Importer: ScriptedImporter/UnityEditor.QuickSearchModule:UnityEditor.Search:ASIAI0B -> (ImportResultId: '274fea7d24dce1b4328d591f78df2f68') in 0.0008852 seconds
[Worker0] Imported GUID: 4b518b37798c97b0f860962cbf615533 - Path: Packages/com.unity.modules.unitywebrequestaudio/package.json - Importer: ScriptedImporter/UnityEditor.QuickSearchModule:UnityEditor.Search:ASIAI0B -> (ImportResultId: '1d715e3fdfed5dd28be7b1ef05c63fb2') in 0.0015992 seconds
[Worker0] Imported GUID: 656f74f6edaa396458412b9e3903d8cd - Path: Packages/com.unity.ide.visualstudio/package.json - Importer: ScriptedImporter/UnityEditor.QuickSearchModule:UnityEditor.Search:ASIAI0B -> (ImportResultId: '288705cfccf9374f0b6e19c18130c63c') in 0.0009382 seconds
[Worker0] Imported GUID: 8e6c7ea7c059fb547b6723aaf225900b - Path: Packages/com.unity.ide.visualstudio/Editor/Image.cs - Importer: ScriptedImporter/UnityEditor.QuickSearchModule:UnityEditor.Search:ASIAI0B -> (ImportResultId: 'e8b598eb812c4c566b1a815f1edafcc8') in 0.0008835 seconds
[Worker0] Imported GUID: de1c9ea7b82c9904d9e5fba2ee70a998 - Path: Packages/com.unity.ide.visualstudio/Editor/Messaging/Message.cs - Importer: ScriptedImporter/UnityEditor.QuickSearchModule:UnityEditor.Search:ASIAI0B -> (ImportResultId: 'c4ef412a16be371a8774218eb5a019fc') in 0.0008192 seconds
[Worker0] Imported GUID: a1c42005fe7c5d78585a77ce396a5eea - Path: Packages/com.unity.modules.tilemap/package.ModuleCompilationTrigger - Importer: ScriptedImporter/UnityEditor.QuickSearchModule:UnityEditor.Search:ASIAI0B -> (ImportResultId: '7482c5345b53c72ba30f6ceed7d95268') in 0.0010913 seconds
[Worker0] Imported GUID: fae6007c1ac2cc744b2891fd4d279c96 - Path: Packages/com.unity.ide.visualstudio/Editor/Testing/TestRunnerCallbacks.cs - Importer: ScriptedImporter/UnityEditor.QuickSearchModule:UnityEditor.Search:ASIAI0B -> (ImportResultId: 'adf9069a73eff45bd7947d353cb53e84') in 0.0016481 seconds
[Worker0] Imported GUID: ded625cf0d03fa94c9f939fd13ced18d - Path: Packages/com.unity.ide.visualstudio/Editor/Messaging/TcpListener.cs - Importer: ScriptedImporter/UnityEditor.QuickSearchModule:UnityEditor.Search:ASIAI0B -> (ImportResultId: '492fd20bed7f8f7b07364ef4393f85a0') in 0.0011354 seconds
[Worker0] Imported GUID: cbb1a39d56ce4d9ac1a46ac505893fa7 - Path: Packages/com.unity.modules.terrainphysics/package.ModuleCompilationTrigger - Importer: ScriptedImporter/UnityEditor.QuickSearchModule:UnityEditor.Search:ASIAI0B -> (ImportResultId: '7d66f203ee8b2c32dfbfa931a4f306d0') in 0.0011652 seconds
[Worker0] Imported GUID: bb86eea06f54fb24caa7046a8a764945 - Path: Packages/com.unity.ide.visualstudio/Editor/VisualStudioInstallation.cs - Importer: ScriptedImporter/UnityEditor.QuickSearchModule:UnityEditor.Search:ASIAI0B -> (ImportResultId: '0c4a31381de4f5d9f28ff40204f57a08') in 0.0008656 seconds
[Worker0] Imported GUID: c6c8b2f6152bd1348ae35f9f95719f75 - Path: Packages/com.unity.ide.visualstudio/Editor/AsyncOperation.cs - Importer: ScriptedImporter/UnityEditor.QuickSearchModule:UnityEditor.Search:ASIAI0B -> (ImportResultId: '23064b62658131d64a9d7c8125ed54df') in 0.0009742 seconds
[Worker0] Imported GUID: 40bf3cec17fa0b49fe04443c8332d638 - Path: Packages/com.unity.modules.jsonserialize/package.json - Importer: ScriptedImporter/UnityEditor.QuickSearchModule:UnityEditor.Search:ASIAI0B -> (ImportResultId: '9f7417207bc97076b4082e6f8b22b8b0') in 0.0011074 seconds
[Worker0] Imported GUID: 0b59b40c84c6a5348a188c16b17c7b40 - Path: Packages/com.unity.ide.visualstudio/Editor/Testing/TestRunnerApiListener.cs - Importer: ScriptedImporter/UnityEditor.QuickSearchModule:UnityEditor.Search:ASIAI0B -> (ImportResultId: '63c036e12481337f4f3b38820ccf2dd2') in 0.0011952 seconds
[Worker0] Imported GUID: f3edbdc86577af648a23263aa75161e1 - Path: Packages/com.unity.ide.visualstudio/Editor/Messaging/MessageType.cs - Importer: ScriptedImporter/UnityEditor.QuickSearchModule:UnityEditor.Search:ASIAI0B -> (ImportResultId: '78613366c25d6ef4f4ea9d9aab6c5218') in 0.0015818 seconds
[Worker0] Imported GUID: 5a7aba2d3d458e04eb4210c0303fbf64 - Path: Packages/com.unity.ide.visualstudio/Editor/UsageUtility.cs - Importer: ScriptedImporter/UnityEditor.QuickSearchModule:UnityEditor.Search:ASIAI0B -> (ImportResultId: '081e74bd996684c1c28e3d6c0a3309e6') in 0.0015461 seconds
[Worker0] Imported GUID: d3cbe921f7b3d9a3257e7c61a5761796 - Path: Packages/com.unity.modules.terrainphysics/package.json - Importer: ScriptedImporter/UnityEditor.QuickSearchModule:UnityEditor.Search:ASIAI0B -> (ImportResultId: 'c2804f1f0a5dc975f2ea034e011424b6') in 0.0011848 seconds
[Worker0] Imported GUID: 9f3705b95d031e84c82f140d8e980867 - Path: Packages/com.unity.ide.visualstudio/Editor/ProjectGeneration/ProjectGeneration.cs - Importer: ScriptedImporter/UnityEditor.QuickSearchModule:UnityEditor.Search:ASIAI0B -> (ImportResultId: '04e25372baa14be531bf2d527002ba3c') in 0.0014477 seconds
[Worker0] Imported GUID: abe003ac6fee32e4892100a78f555011 - Path: Packages/com.unity.ide.visualstudio/Editor/Discovery.cs - Importer: ScriptedImporter/UnityEditor.QuickSearchModule:UnityEditor.Search:ASIAI0B -> (ImportResultId: '462132907e3174a0bb1c2015216f5244') in 0.001963 seconds
[Worker0] Imported GUID: 6f1dc05fb6e7d3e4f89ae9ca482735be - Path: Packages/com.unity.ide.visualstudio/Editor/FileUtility.cs - Importer: ScriptedImporter/UnityEditor.QuickSearchModule:UnityEditor.Search:ASIAI0B -> (ImportResultId: 'ea0ac9fd70d0f13265402b13e9bf7bff') in 0.0012823 seconds
[Worker0] Imported GUID: c94f13e05ef0a7a49bdd39f197f39e5e - Path: Packages/com.unity.ide.visualstudio/Editor/ProjectGeneration/GeneratorFactory.cs - Importer: ScriptedImporter/UnityEditor.QuickSearchModule:UnityEditor.Search:ASIAI0B -> (ImportResultId: '5f8b1fba4d8b4c090e9fe7d4527f3316') in 0.0011801 seconds
[Worker0] Imported GUID: 7809f42f64c877f4b90ac233e5ec2372 - Path: Packages/com.unity.ide.visualstudio/ThirdPartyNotices.md - Importer: ScriptedImporter/UnityEditor.QuickSearchModule:UnityEditor.Search:ASIAI0B -> (ImportResultId: 'fcc781f3fc88309204191aff73e5caae') in 0.0011634 seconds
[Worker0] Imported GUID: f6674c38820d12a49ac116d416521d85 - Path: Packages/com.unity.ide.visualstudio/Editor/Messaging/TcpClient.cs - Importer: ScriptedImporter/UnityEditor.QuickSearchModule:UnityEditor.Search:ASIAI0B -> (ImportResultId: '598682d638348a4a2a94eb30e94bbcd7') in 0.0022903 seconds
[Worker0] Imported GUID: d0e3ad91972c66f5238f5b9b7d5ae58a - Path: Packages/com.unity.modules.unitywebrequesttexture/package.json - Importer: ScriptedImporter/UnityEditor.QuickSearchModule:UnityEditor.Search:ASIAI0B -> (ImportResultId: '3a5e1db7b032879501276a72c842b4fe') in 0.0014392 seconds
[Worker0] Imported GUID: 1be5c96ff30e6ec40876f28fd9ab7e24 - Path: Packages/com.unity.ide.visualstudio/Editor/VisualStudioCodeInstallation.cs - Importer: ScriptedImporter/UnityEditor.QuickSearchModule:UnityEditor.Search:ASIAI0B -> (ImportResultId: '6dffe398bef8b8c9f4175e68828e919d') in 0.001715 seconds
[Worker0] Imported GUID: 3eda7a83649158546826efb3ffe6c1e3 - Path: Packages/com.unity.ide.visualstudio/Editor/Messaging/Deserializer.cs - Importer: ScriptedImporter/UnityEditor.QuickSearchModule:UnityEditor.Search:ASIAI0B -> (ImportResultId: '8f5b7d5a95fdb93af1a973a44c6767b7') in 0.0011719 seconds
[Worker0] Imported GUID: e6a135e3ea9cb46795d1b0e05ac3e1e5 - Path: Packages/com.unity.modules.jsonserialize/package.ModuleCompilationTrigger - Importer: ScriptedImporter/UnityEditor.QuickSearchModule:UnityEditor.Search:ASIAI0B -> (ImportResultId: 'e7e89c3f674ca51062917616af191a29') in 0.0013167 seconds
[Worker0] Imported GUID: f47f2d030bc1d415a8d15a51dbcc39a2 - Path: Packages/com.unity.ide.visualstudio/Editor/Testing/TestResultAdaptor.cs - Importer: ScriptedImporter/UnityEditor.QuickSearchModule:UnityEditor.Search:ASIAI0B -> (ImportResultId: '8f7972e96e820e4f380bf5dd585a6baa') in 0.0015077 seconds
[Worker0] Imported GUID: 957a5f2d2660a894d926660de2a9d577 - Path: Packages/com.unity.ide.visualstudio/Editor/ProcessRunner.cs - Importer: ScriptedImporter/UnityEditor.QuickSearchModule:UnityEditor.Search:ASIAI0B -> (ImportResultId: '949fd622de266a51233ef5bca1f3e48c') in 0.0015001 seconds
[Worker0] Imported GUID: b93f844d45cfcc44fa2b0eed5c9ec6bb - Path: Packages/com.unity.ide.visualstudio/Editor/com.unity.ide.visualstudio.asmdef - Importer: ScriptedImporter/UnityEditor.QuickSearchModule:UnityEditor.Search:ASIAI0B -> (ImportResultId: '18a96e206402038c72be8934a5eb4fa3') in 0.0026562 seconds
[Worker0] Imported GUID: eeb21ffd7b0188542b348935f4b04fe8 - Path: Packages/com.unity.ide.visualstudio/Editor/ProjectGeneration/TypeCacheHelper.cs - Importer: ScriptedImporter/UnityEditor.QuickSearchModule:UnityEditor.Search:ASIAI0B -> (ImportResultId: '1f1b9f233d47f6ef54e610c20388511a') in 0.0011441 seconds
[Worker0] Imported GUID: 275143c81d816ef4286fdc67aabc20c8 - Path: Packages/com.unity.ide.visualstudio/Editor/Messaging/MessageEventArgs.cs - Importer: ScriptedImporter/UnityEditor.QuickSearchModule:UnityEditor.Search:ASIAI0B -> (ImportResultId: '965c7e76ba4210c5ebfbe6055268c6b4') in 0.0008012 seconds
[Worker0] Imported GUID: 7652904b1008e324fb7cfb952ea87656 - Path: Packages/com.unity.ide.visualstudio/Editor/ProjectGeneration/GUIDProvider.cs - Importer: ScriptedImporter/UnityEditor.QuickSearchModule:UnityEditor.Search:ASIAI0B -> (ImportResultId: '6592ad80b5abadce5043cdeab4897f61') in 0.0011664 seconds
[Worker0] Imported GUID: 38cb3a4a17d2cfd41926da95ce675934 - Path: Packages/com.unity.ide.visualstudio/Editor/Messaging/UdpSocket.cs - Importer: ScriptedImporter/UnityEditor.QuickSearchModule:UnityEditor.Search:ASIAI0B -> (ImportResultId: '92fe2654621f94d6f68f926705d0ec1a') in 0.0023439 seconds
[Worker0] Imported GUID: 57537f08f8e923f488e4aadabb831c9b - Path: Packages/com.unity.ide.visualstudio/Editor/ProjectGeneration/AssemblyNameProvider.cs - Importer: ScriptedImporter/UnityEditor.QuickSearchModule:UnityEditor.Search:ASIAI0B -> (ImportResultId: '043dfd4da25d322633704f100dd9c1ad') in 0.0012148 seconds
[Worker0] Imported GUID: 92a378669877c05c6071d0fed687bb95 - Path: Packages/com.unity.modules.tilemap/package.json - Importer: ScriptedImporter/UnityEditor.QuickSearchModule:UnityEditor.Search:ASIAI0B -> (ImportResultId: '593850a06d57b9056b84c3f82a2b822f') in 0.0010467 seconds
[Worker0] Imported GUID: 2b301b727225f1941974d69e61a55620 - Path: Packages/com.unity.test-framework/UnityEditor.TestRunner/TestRunnerWindowSettings.cs - Importer: ScriptedImporter/UnityEditor.QuickSearchModule:UnityEditor.Search:ASIAI0B -> (ImportResultId: '215a3487b175352957670d91fe57cc7f') in 0.0013157 seconds
[Worker0] Imported GUID: 3ec7596410385054a9e0bc90377fbe63 - Path: Packages/com.unity.test-framework/LICENSE.md - Importer: ScriptedImporter/UnityEditor.QuickSearchModule:UnityEditor.Search:ASIAI0B -> (ImportResultId: '85b6353ec91067068580ffe65d5fd62e') in 0.0008738 seconds
[Worker0] Imported GUID: be13c398521e3c1ad21fb9da30ab2ab6 - Path: Packages/com.unity.modules.imgui/package.ModuleCompilationTrigger - Importer: ScriptedImporter/UnityEditor.QuickSearchModule:UnityEditor.Search:ASIAI0B -> (ImportResultId: '715a77cd4cc494aa5da637c00fc337a2') in 0.0011336 seconds
[Worker0] Imported GUID: 585c3fb85b32bd64e8814074e754163e - Path: Packages/com.unity.ide.visualstudio/Editor/VSWhere/vswhere.exe - Importer: ScriptedImporter/UnityEditor.QuickSearchModule:UnityEditor.Search:ASIAI0B -> (ImportResultId: '9193a2138730f3fe41579e8f2cf6b52c') in 0.0012862 seconds
[Worker0] Imported GUID: 9db19a04003fca7439552acd4de9baa1 - Path: Packages/com.unity.test-framework/UnityEditor.TestRunner/AssemblyInfo.cs - Importer: ScriptedImporter/UnityEditor.QuickSearchModule:UnityEditor.Search:ASIAI0B -> (ImportResultId: '2074305259906ba8462331f74c660b40') in 0.0014766 seconds
[Worker0] Imported GUID: 222fc39b0c85d800342910da2cd64781 - Path: Packages/com.unity.modules.assetbundle/package.ModuleCompilationTrigger - Importer: ScriptedImporter/UnityEditor.QuickSearchModule:UnityEditor.Search:ASIAI0B -> (ImportResultId: 'babdc852b9619f37a0a151add6e89039') in 0.0011337 seconds
[Worker0] Imported GUID: e1ef8466c8fd01a549f10baa4d51fa17 - Path: Packages/com.unity.modules.assetbundle/package.json - Importer: ScriptedImporter/UnityEditor.QuickSearchModule:UnityEditor.Search:ASIAI0B -> (ImportResultId: '1f51b991ad5c5d1e052525504b58e24c') in 0.001285 seconds
[Worker0] Imported GUID: 3411e19edd44cfd46b548b058c3bc36c - Path: Packages/com.unity.test-framework/UnityEditor.TestRunner/TestBuildAssemblyFilter.cs - Importer: ScriptedImporter/UnityEditor.QuickSearchModule:UnityEditor.Search:ASIAI0B -> (ImportResultId: 'ee2eaca52945d9faf69890ae40342760') in 0.0021527 seconds
[Worker0] Imported GUID: 939b89fc6b924ea2e821fc1be1b09f56 - Path: Packages/com.unity.modules.tetgen/package.json - Importer: ScriptedImporter/UnityEditor.QuickSearchModule:UnityEditor.Search:ASIAI0B -> (ImportResultId: '7be66932128627395124611d521f7ec6') in 0.0015371 seconds
[Worker0] Imported GUID: 5c1ee4056d0ac7ad3c5a16597fcaa38a - Path: Packages/com.unity.modules.physics/package.ModuleCompilationTrigger - Importer: ScriptedImporter/UnityEditor.QuickSearchModule:UnityEditor.Search:ASIAI0B -> (ImportResultId: '4ad6c7fe3622bc2e941f6a85c8b9ba18') in 0.0013626 seconds
[Worker0] Imported GUID: a667f6654ad7a9548b8c8e68b51c8895 - Path: Packages/com.unity.test-framework/UnityEditor.TestRunner/RequireApiProfileAttribute.cs - Importer: ScriptedImporter/UnityEditor.QuickSearchModule:UnityEditor.Search:ASIAI0B -> (ImportResultId: '64c6dc05553a95d3a413781e69c5aeeb') in 0.0011475 seconds
[Worker0] Imported GUID: 0719f1a8b2a284e1182b352e6c8c3c60 - Path: Packages/com.unity.ide.visualstudio/Editor/Testing/TestStatusAdaptor.cs - Importer: ScriptedImporter/UnityEditor.QuickSearchModule:UnityEditor.Search:ASIAI0B -> (ImportResultId: '4727ebdf9d37e12c3cb239115c729dd5') in 0.0011389 seconds
[Worker0] Imported GUID: db8e609a39b9b231fccc54e5fa4cbd1b - Path: Packages/com.unity.modules.animation/package.ModuleCompilationTrigger - Importer: ScriptedImporter/UnityEditor.QuickSearchModule:UnityEditor.Search:ASIAI0B -> (ImportResultId: '3f4f34eca8f825259ea32a76f09721dc') in 0.0010113 seconds
[Worker0] Imported GUID: 27619889b8ba8c24980f49ee34dbb44a - Path: Packages/com.unity.test-framework/UnityEngine.TestRunner/UnityEngine.TestRunner.asmdef - Importer: ScriptedImporter/UnityEditor.QuickSearchModule:UnityEditor.Search:ASIAI0B -> (ImportResultId: 'e555121a1a3bcb0e4f59ac0ca8ec07c2') in 0.0010286 seconds
[Worker0] Imported GUID: 80beef77cb19e713c7c2d481b65ed485 - Path: Packages/com.unity.modules.screencapture/package.json - Importer: ScriptedImporter/UnityEditor.QuickSearchModule:UnityEditor.Search:ASIAI0B -> (ImportResultId: 'b7efd8e8c081e37247439f1d9c27e89b') in 0.0011896 seconds
[Worker0] Imported GUID: 85dd7af03f02aea4aae13a3945e3b313 - Path: Packages/com.unity.test-framework/UnityEditor.TestRunner/Api/ITestAdaptor.cs - Importer: ScriptedImporter/UnityEditor.QuickSearchModule:UnityEditor.Search:ASIAI0B -> (ImportResultId: '902b9c33fd8f069b2997f45cabb0a9d6') in 0.0013879 seconds
[Worker0] Imported GUID: 1a4266815e998967becf686f9c71f0a6 - Path: Packages/com.unity.modules.physics/package.json - Importer: ScriptedImporter/UnityEditor.QuickSearchModule:UnityEditor.Search:ASIAI0B -> (ImportResultId: '44f20181d1ba9c68c8be28b273e5d0af') in 0.0018826 seconds
[Worker0] Imported GUID: ec02776fe29df900b897106d61977735 - Path: Packages/com.unity.modules.director/package.json - Importer: ScriptedImporter/UnityEditor.QuickSearchModule:UnityEditor.Search:ASIAI0B -> (ImportResultId: 'c67b5e9d40ae301b0497906dea1a7023') in 0.0015186 seconds
[Worker0] Imported GUID: 71e7167b55a3448b38774a3bb6e05bac - Path: Packages/com.unity.modules.timelinefoundation/package.ModuleCompilationTrigger - Importer: ScriptedImporter/UnityEditor.QuickSearchModule:UnityEditor.Search:ASIAI0B -> (ImportResultId: '30806e63f5b6e60d725195841126cd25') in 0.0012506 seconds
[Worker0] Imported GUID: c82e859b16636ddd2ca4a1f63fd34938 - Path: Packages/com.unity.modules.androidjni/package.ModuleCompilationTrigger - Importer: ScriptedImporter/UnityEditor.QuickSearchModule:UnityEditor.Search:ASIAI0B -> (ImportResultId: 'd9a0454b80fd6b8133610f6525d0fd06') in 0.0012286 seconds
[Worker0] Imported GUID: 559482fe33c79e44882d3a6cedc55fb5 - Path: Packages/com.unity.test-framework/UnityEditor.TestRunner/TestResultSerializer.cs - Importer: ScriptedImporter/UnityEditor.QuickSearchModule:UnityEditor.Search:ASIAI0B -> (ImportResultId: '1daf8bb3d6eb24c34d26a3cd4086154b') in 0.0012404 seconds
[Worker0] Imported GUID: 4c413a81cadcce7038e446e56570117e - Path: Packages/com.unity.modules.adaptiveperformance/package.json - Importer: ScriptedImporter/UnityEditor.QuickSearchModule:UnityEditor.Search:ASIAI0B -> (ImportResultId: '1cbcefdb5385103180541208c31d8969') in 0.0012828 seconds
[Worker0] Imported GUID: eea34a28297f9bc4c9f4c573bc8d5d1c - Path: Packages/com.unity.test-framework/UnityEditor.TestRunner/Api/ExecutionSettings.cs - Importer: ScriptedImporter/UnityEditor.QuickSearchModule:UnityEditor.Search:ASIAI0B -> (ImportResultId: '23dbbf9624cbf3781848f2a5e547a638') in 0.0011747 seconds
[Worker0] Imported GUID: bd1af0a6633ee94ae21c7d1d702cdc12 - Path: Packages/com.unity.modules.androidjni/package.json - Importer: ScriptedImporter/UnityEditor.QuickSearchModule:UnityEditor.Search:ASIAI0B -> (ImportResultId: '70fe6e5c59b8c52d17230825894fc84d') in 0.000905 seconds
[Worker0] Imported GUID: 2479a4656ed89570ebd1de1fdda3dae5 - Path: Packages/com.unity.modules.timelinefoundation/package.json - Importer: ScriptedImporter/UnityEditor.QuickSearchModule:UnityEditor.Search:ASIAI0B -> (ImportResultId: 'aa93e9e068d68d0341e7009b9b6eea64') in 0.0009343 seconds
[Worker0] Imported GUID: 93eea84e53d0226479c9a584f19427b5 - Path: Packages/com.unity.test-framework/UnityEditor.TestRunner/Api/ICallbacks.cs - Importer: ScriptedImporter/UnityEditor.QuickSearchModule:UnityEditor.Search:ASIAI0B -> (ImportResultId: 'f93426bed09dd845afaae994bf7436a2') in 0.0014391 seconds
[Worker0] Imported GUID: 4dfcd3a631f61d248b7cc0b845d40345 - Path: Packages/com.unity.test-framework/UnityEditor.TestRunner/TestRunnerWindow.cs - Importer: ScriptedImporter/UnityEditor.QuickSearchModule:UnityEditor.Search:ASIAI0B -> (ImportResultId: 'ebfb4668b19f2371ab79e36d02a7dc12') in 0.000916 seconds
[Worker0] Imported GUID: 1a06c562b0c5eb046bcb876a29f93c98 - Path: Packages/com.unity.test-framework/UnityEditor.TestRunner/Api/IErrorCallbacks.cs - Importer: ScriptedImporter/UnityEditor.QuickSearchModule:UnityEditor.Search:ASIAI0B -> (ImportResultId: '1b159a4fa1914e1ff4eef6619887225b') in 0.001419 seconds
[Worker0] Imported GUID: 7ef8348b8ea834d7e1bc214b07f7fb87 - Path: Packages/com.unity.modules.animation/package.json - Importer: ScriptedImporter/UnityEditor.QuickSearchModule:UnityEditor.Search:ASIAI0B -> (ImportResultId: '53d1de9eb7621179121f64b189016223') in 0.0008974 seconds
[Worker0] Imported GUID: 082fbee38a82835433261a5e9c00e267 - Path: Packages/com.unity.modules.cloth/package.ModuleCompilationTrigger - Importer: ScriptedImporter/UnityEditor.QuickSearchModule:UnityEditor.Search:ASIAI0B -> (ImportResultId: '5faa790338249eb85ec5b7e2ee1960c8') in 0.0010108 seconds
[Worker0] Imported GUID: b5930dbc378b45d406aeb881f06b6dfa - Path: Packages/com.unity.modules.physicscore2d/package.json - Importer: ScriptedImporter/UnityEditor.QuickSearchModule:UnityEditor.Search:ASIAI0B -> (ImportResultId: '472f6396630efbf9eba9896ea02305d2') in 0.0007385 seconds
[Worker0] Imported GUID: 51fa60bb2bd1e5bc74e8cc95a7bfd5b7 - Path: Packages/com.unity.modules.ui/package.ModuleCompilationTrigger - Importer: ScriptedImporter/UnityEditor.QuickSearchModule:UnityEditor.Search:ASIAI0B -> (ImportResultId: '05e18769bdf2af02d3d71817ed441130') in 0.0009889 seconds
[Worker0] Imported GUID: d742f2caefd9f934d9f19dad07a08e6f - Path: Packages/com.unity.test-framework/UnityEditor.TestRunner/Api/ICallbacksHolder.cs - Importer: ScriptedImporter/UnityEditor.QuickSearchModule:UnityEditor.Search:ASIAI0B -> (ImportResultId: '7d8700b49d5114e4edb5bb4610f0f016') in 0.0011177 seconds
[Worker0] Imported GUID: cd561f5f687aed43bf280c27a84f79e3 - Path: Packages/com.unity.modules.screencapture/package.ModuleCompilationTrigger - Importer: ScriptedImporter/UnityEditor.QuickSearchModule:UnityEditor.Search:ASIAI0B -> (ImportResultId: '62989ae3eb42f19fc146d6ae4507a04e') in 0.0015282 seconds
[Worker0] Imported GUID: b83f06ac0c0696e9563230865ca72b81 - Path: Packages/com.unity.modules.wind/package.json - Importer: ScriptedImporter/UnityEditor.QuickSearchModule:UnityEditor.Search:ASIAI0B -> (ImportResultId: '45e0c44cada74dd549fbc1391a08abb9') in 0.0013619 seconds
[Worker0] Imported GUID: 4bf139fc5e9d9240edc107e25d67d398 - Path: Packages/com.unity.modules.tetgen/package.ModuleCompilationTrigger - Importer: ScriptedImporter/UnityEditor.QuickSearchModule:UnityEditor.Search:ASIAI0B -> (ImportResultId: '1355ce3fdd6c75f0c0d5053532c34471') in 0.0018877 seconds
[Worker0] Imported GUID: 803abab0f7e17044db56f8760186dbd1 - Path: Packages/com.unity.test-framework/UnityEditor.TestRunner/Api/ITestAdaptorFactory.cs - Importer: ScriptedImporter/UnityEditor.QuickSearchModule:UnityEditor.Search:ASIAI0B -> (ImportResultId: '5b13df210432124def807dd2b7517830') in 0.001196 seconds
[Worker0] Imported GUID: 14e86f88e9a8c9c448d7e7df92f2aeec - Path: Packages/com.unity.modules.physicscore2d/package.ModuleCompilationTrigger - Importer: ScriptedImporter/UnityEditor.QuickSearchModule:UnityEditor.Search:ASIAI0B -> (ImportResultId: '239bb96d1f919f320bda6d7e0c6695ef') in 0.0009836 seconds
[Worker0] Imported GUID: 0acc523941302664db1f4e527237feb3 - Path: Packages/com.unity.test-framework/UnityEditor.TestRunner/UnityEditor.TestRunner.asmdef - Importer: ScriptedImporter/UnityEditor.QuickSearchModule:UnityEditor.Search:ASIAI0B -> (ImportResultId: 'c35b7c2003f8b19c3b647bc9437c0ddc') in 0.00125 seconds
[Worker0] Imported GUID: c88e90bad18cceb5d182d0c805883056 - Path: Packages/com.unity.modules.director/package.ModuleCompilationTrigger - Importer: ScriptedImporter/UnityEditor.QuickSearchModule:UnityEditor.Search:ASIAI0B -> (ImportResultId: '7700fe2891a55a07d4e608887548a5c2') in 0.0013734 seconds
[Worker0] Imported GUID: cb67edc1800c2ec4ba8dfb1cf0dfc84a - Path: Packages/com.unity.ide.visualstudio/Editor/COMIntegration/Release/COMIntegration.exe - Importer: ScriptedImporter/UnityEditor.QuickSearchModule:UnityEditor.Search:ASIAI0B -> (ImportResultId: '0e40e1c4e67ec6057081a3a1f01c9f90') in 0.001513 seconds
[Worker0] Imported GUID: 42fe78c8fe682715a2cb531422e6ccb3 - Path: Packages/com.unity.modules.imgui/package.json - Importer: ScriptedImporter/UnityEditor.QuickSearchModule:UnityEditor.Search:ASIAI0B -> (ImportResultId: 'c3f8233202270e7ac958edf42c999584') in 0.0011106 seconds
[Licensing::Client] Successfully resolved entitlement details
[Worker0] Imported GUID: 0de03ebd74e2b474fa23d05ab42d0cd8 - Path: Packages/com.unity.test-framework/UnityEditor.TestRunner/Api/CallbacksDelegator.cs - Importer: ScriptedImporter/UnityEditor.QuickSearchModule:UnityEditor.Search:ASIAI0B -> (ImportResultId: '6bbc8ccba1c0a4b2f73ec4f2adfeee7e') in 0.0012754 seconds
[Worker0] Imported GUID: 8f8f74fe8e363da42875d9cab025d3b2 - Path: Packages/com.unity.test-framework/UnityEditor.TestRunner/Api/ICallbacksDelegator.cs - Importer: ScriptedImporter/UnityEditor.QuickSearchModule:UnityEditor.Search:ASIAI0B -> (ImportResultId: '07ec1811d2723616ff571cd043e6966c') in 0.0012981 seconds
[Worker0] Imported GUID: 906c12bc9cd95d3963c6d58f62522c78 - Path: Packages/com.unity.modules.cloth/package.json - Importer: ScriptedImporter/UnityEditor.QuickSearchModule:UnityEditor.Search:ASIAI0B -> (ImportResultId: '2efb1f1af05e6f26725870a8dcfde789') in 0.0015003 seconds
[Worker0] Imported GUID: cc22cc13b69c1094c85e176c008b9ef8 - Path: Packages/com.unity.test-framework/UnityEngine.TestRunner/AssemblyInfo.cs - Importer: ScriptedImporter/UnityEditor.QuickSearchModule:UnityEditor.Search:ASIAI0B -> (ImportResultId: '66ee6c5ded9d09a898b31e850a739428') in 0.0014747 seconds
[Worker0] Imported GUID: 71136fc5cf34f2cc10be0e33c0b08019 - Path: Packages/com.unity.modules.unityanalytics/package.ModuleCompilationTrigger - Importer: ScriptedImporter/UnityEditor.QuickSearchModule:UnityEditor.Search:ASIAI0B -> (ImportResultId: '18d71a867f5b78c34e86eb3b3e88b9f2') in 0.0014882 seconds
[Worker0] Imported GUID: a785dd14005a471483d6732fabeee0ea - Path: Packages/com.unity.test-framework/UnityEditor.TestRunner/Api/IgnoreTest.cs - Importer: ScriptedImporter/UnityEditor.QuickSearchModule:UnityEditor.Search:ASIAI0B -> (ImportResultId: 'b1571eef57ad6f50f4c3d0fdab0221c9') in 0.0015012 seconds
[Worker0] Imported GUID: 1af35a910338381f753e8a985eb5daab - Path: Packages/com.unity.modules.adaptiveperformance/package.ModuleCompilationTrigger - Importer: ScriptedImporter/UnityEditor.QuickSearchModule:UnityEditor.Search:ASIAI0B -> (ImportResultId: 'b70f2d8461c436abb108e9e242c383f0') in 0.0014495 seconds
[Worker0] Imported GUID: 4884ccc3528cb2e40a0e6f0a19a2b35b - Path: Packages/com.unity.test-framework/UnityEditor.TestRunner/Api/CallbacksHolder.cs - Importer: ScriptedImporter/UnityEditor.QuickSearchModule:UnityEditor.Search:ASIAI0B -> (ImportResultId: 'd4e0edf891511d96f0bdfe28bd7fd22b') in 0.0012275 seconds
[Worker0] Imported GUID: 05f92e4a2414cb144a92157752dfa324 - Path: Packages/com.unity.test-framework/UnityEditor.TestRunner/Api/Filter.cs - Importer: ScriptedImporter/UnityEditor.QuickSearchModule:UnityEditor.Search:ASIAI0B -> (ImportResultId: 'dab2710c5538b24697d6f2a6cc0f3752') in 0.0011975 seconds
[Worker0] Imported GUID: 2adec19fac7df68adf1fd6eb83197bb1 - Path: Packages/com.unity.modules.wind/package.ModuleCompilationTrigger - Importer: ScriptedImporter/UnityEditor.QuickSearchModule:UnityEditor.Search:ASIAI0B -> (ImportResultId: 'e6baa081c0ebd53965e02763aa03126a') in 0.0013978 seconds
[Worker0] Imported GUID: bfd567a3d1631a761bca9e99fa53d86d - Path: Packages/com.unity.modules.ui/package.json - Importer: ScriptedImporter/UnityEditor.QuickSearchModule:UnityEditor.Search:ASIAI0B -> (ImportResultId: '955a4830bbebc1f7170d95fb2bafc558') in 0.0011714 seconds
[Worker0] Imported GUID: 26a4f29db434fd79025c91f6126382cc - Path: Packages/com.unity.modules.unityanalytics/package.json - Importer: ScriptedImporter/UnityEditor.QuickSearchModule:UnityEditor.Search:ASIAI0B -> (ImportResultId: '9e190a0b287b290272421ceff8409593') in 0.0009146 seconds
[Worker0] Imported GUID: d2146428d3f1ad54eb7326c9a44b3284 - Path: Packages/com.unity.test-framework/UnityEditor.TestRunner/RequirePlatformSupportAttribute.cs - Importer: ScriptedImporter/UnityEditor.QuickSearchModule:UnityEditor.Search:ASIAI0B -> (ImportResultId: '3be096cac3e8ca1b4e4d0c12a57739b6') in 0.0012089 seconds
[Worker0] Imported GUID: d6a2e6e4803de7b43baacdc355fc144d - Path: Packages/com.unity.test-framework/package.json - Importer: ScriptedImporter/UnityEditor.QuickSearchModule:UnityEditor.Search:ASIAI0B -> (ImportResultId: '422ac4577ebf540b074d46ca1e19b4fd') in 0.0010199 seconds
[Worker0] Imported GUID: d691174143fd3774ba63d7c493633b99 - Path: Packages/com.unity.test-framework/CHANGELOG.md - Importer: ScriptedImporter/UnityEditor.QuickSearchModule:UnityEditor.Search:ASIAI0B -> (ImportResultId: '5b1130d4abab6f8b6af3dd30dbc36d13') in 0.0008645 seconds
[Worker0] Imported GUID: fd57cf917f61bbb42b8f030436426ddd - Path: Packages/com.unity.test-framework/UnityEditor.TestRunner/GUI/IGuiHelper.cs - Importer: ScriptedImporter/UnityEditor.QuickSearchModule:UnityEditor.Search:ASIAI0B -> (ImportResultId: '72e824e18c32dca3d27b2aab29547870') in 0.0014566 seconds
[Worker0] Imported GUID: 1ebc1994f9a3d5649a1201d3a84b38df - Path: Packages/com.unity.test-framework/UnityEditor.TestRunner/TestRunner/EditorEnumeratorTestWorkItem.cs - Importer: ScriptedImporter/UnityEditor.QuickSearchModule:UnityEditor.Search:ASIAI0B -> (ImportResultId: 'f53b49dd80c7022d2d727ca465533ff4') in 0.0013077 seconds
[Worker0] Imported GUID: 9ec94545c5b00344c9bd8e691f15d799 - Path: Packages/com.unity.test-framework/UnityEditor.TestRunner/Api/TestStatus.cs - Importer: ScriptedImporter/UnityEditor.QuickSearchModule:UnityEditor.Search:ASIAI0B -> (ImportResultId: 'e766611125d7b9bad01161fdfe5ff437') in 0.0010757 seconds
[Worker0] Imported GUID: c3a75354f6ceac94ca15ca9d96593290 - Path: Packages/com.unity.test-framework/UnityEditor.TestRunner/CommandLineTest/ExecutionSettings.cs - Importer: ScriptedImporter/UnityEditor.QuickSearchModule:UnityEditor.Search:ASIAI0B -> (ImportResultId: '6eebd51bd3240d6ba779c185cd339534') in 0.0011459 seconds
[Worker0] Imported GUID: 0b677ddfd54046c498a20446baa4f932 - Path: Packages/com.unity.test-framework/UnityEditor.TestRunner/TestRun/TestJobRunner.cs - Importer: ScriptedImporter/UnityEditor.QuickSearchModule:UnityEditor.Search:ASIAI0B -> (ImportResultId: 'd57131161fe1d943ba4e67b5751ed3b2') in 0.0019909 seconds
[Worker0] Imported GUID: c1cba6f3ed484514097080a3bb835958 - Path: Packages/com.unity.test-framework/UnityEditor.TestRunner/TestLaunchers/PlayerLauncherTestRunSettings.cs - Importer: ScriptedImporter/UnityEditor.QuickSearchModule:UnityEditor.Search:ASIAI0B -> (ImportResultId: 'ad60feb2eab012e1e8358b40bb66909c') in 0.0017842 seconds
[Worker0] Imported GUID: 68993ba529ae04440916cb7c23bf3279 - Path: Packages/com.unity.test-framework/UnityEditor.TestRunner/Api/TestRunnerApi.cs - Importer: ScriptedImporter/UnityEditor.QuickSearchModule:UnityEditor.Search:ASIAI0B -> (ImportResultId: '190dd041fbfa4660535936e1c6b2143e') in 0.0011831 seconds
[Worker0] Imported GUID: 6965880f76f40194593cb53a88f74005 - Path: Packages/com.unity.test-framework/UnityEditor.TestRunner/TestLaunchers/PlayerLauncherContextSettings.cs - Importer: ScriptedImporter/UnityEditor.QuickSearchModule:UnityEditor.Search:ASIAI0B -> (ImportResultId: 'fa60e22cc451bc80e4679282a34ffc3e') in 0.0013999 seconds
[Worker0] Imported GUID: d061ada5d3169454daf54243390b5fdb - Path: Packages/com.unity.test-framework/UnityEditor.TestRunner/Api/TestResultAdaptor.cs - Importer: ScriptedImporter/UnityEditor.QuickSearchModule:UnityEditor.Search:ASIAI0B -> (ImportResultId: 'da863c65ba0e549490bb21766044fe49') in 0.0014212 seconds
[Worker0] Imported GUID: 0efb23ecb373b6d4bbe5217485785138 - Path: Packages/com.unity.test-framework/UnityEditor.TestRunner/TestLaunchers/RuntimeTestLauncherBase.cs - Importer: ScriptedImporter/UnityEditor.QuickSearchModule:UnityEditor.Search:ASIAI0B -> (ImportResultId: 'a73e827cd7b18cf5eebfb5ae0a5263eb') in 0.0013547 seconds
[Worker0] Imported GUID: 317f06562c344e22991ba4117cf7b71c - Path: Packages/com.unity.test-framework/UnityEditor.TestRunner/CommandLineTest/TestState.cs - Importer: ScriptedImporter/UnityEditor.QuickSearchModule:UnityEditor.Search:ASIAI0B -> (ImportResultId: '8788806e4c2f3991ae4bc98a6c6aa76c') in 0.001408 seconds
[Worker0] Imported GUID: d56e34a052c646e39a3317c404303e5f - Path: Packages/com.unity.test-framework/UnityEditor.TestRunner/CommandLineTest/IRunData.cs - Importer: ScriptedImporter/UnityEditor.QuickSearchModule:UnityEditor.Search:ASIAI0B -> (ImportResultId: 'da473cae911849a2fce57cc14db9c433') in 0.0013374 seconds
[Worker0] Imported GUID: 8d20eedbe40f0ce41a4c4f633f225de8 - Path: Packages/com.unity.test-framework/UnityEditor.TestRunner/CommandLineTest/LogSavingCallbacks.cs - Importer: ScriptedImporter/UnityEditor.QuickSearchModule:UnityEditor.Search:ASIAI0B -> (ImportResultId: '7f286f4a3e1a1ffb6c86cae9fb4c030e') in 0.0015271 seconds
[Worker0] Imported GUID: 416b65350c010294db54ceca7fd02072 - Path: Packages/com.unity.test-framework/UnityEditor.TestRunner/TestRun/RequiredTestRunDataMissingException.cs - Importer: ScriptedImporter/UnityEditor.QuickSearchModule:UnityEditor.Search:ASIAI0B -> (ImportResultId: 'a4a0d2691380dd414aef1c9d5d16467d') in 0.0017234 seconds
[Worker0] Imported GUID: d0663d520c26b7c48a4135599e66acf8 - Path: Packages/com.unity.test-framework/UnityEditor.TestRunner/Api/TestAdaptorFactory.cs - Importer: ScriptedImporter/UnityEditor.QuickSearchModule:UnityEditor.Search:ASIAI0B -> (ImportResultId: '38cee0be2760ef9c35db777f03982924') in 0.0014564 seconds
[Worker0] Imported GUID: edd2a1fe1acbbde43aad39862bb3f4a8 - Path: Packages/com.unity.test-framework/UnityEditor.TestRunner/TestLaunchers/RemotePlayerLogController.cs - Importer: ScriptedImporter/UnityEditor.QuickSearchModule:UnityEditor.Search:ASIAI0B -> (ImportResultId: '573086f91447e7f80dabe5e4516201c1') in 0.0013803 seconds
[Worker0] Imported GUID: 8bb59cb2f66d156418ca1bd1e2703233 - Path: Packages/com.unity.test-framework/UnityEditor.TestRunner/Api/RunState.cs - Importer: ScriptedImporter/UnityEditor.QuickSearchModule:UnityEditor.Search:ASIAI0B -> (ImportResultId: '56abb6bea73e0026bcff7dd79419d36f') in 0.0012174 seconds
[Worker0] Imported GUID: b7468a027a77337478e133b40b42b4f9 - Path: Packages/com.unity.test-framework/UnityEditor.TestRunner/CommandLineTest/SettingsBuilder.cs - Importer: ScriptedImporter/UnityEditor.QuickSearchModule:UnityEditor.Search:ASIAI0B -> (ImportResultId: '4cfa2f5996cc495204cff935663977e7') in 0.0010906 seconds
[Worker0] Imported GUID: 208e46d59ff6e304db0318377d20f5a1 - Path: Packages/com.unity.test-framework/UnityEditor.TestRunner/GUI/IAssetsDatabaseHelper.cs - Importer: ScriptedImporter/UnityEditor.QuickSearchModule:UnityEditor.Search:ASIAI0B -> (ImportResultId: 'd74410899f7ece4085e01070e12983de') in 0.0016487 seconds
[Worker0] Imported GUID: d973fc1524e4d724081553934c55958c - Path: Packages/com.unity.test-framework/UnityEditor.TestRunner/TestLaunchers/PlayerLauncher.cs - Importer: ScriptedImporter/UnityEditor.QuickSearchModule:UnityEditor.Search:ASIAI0B -> (ImportResultId: 'dd4f5c079899277399937f4863a21225') in 0.0023495 seconds
[Worker0] Imported GUID: 05778dd1de4433d418793b6f3d3c18cf - Path: Packages/com.unity.test-framework/UnityEditor.TestRunner/CommandLineTest/LogWriter.cs - Importer: ScriptedImporter/UnityEditor.QuickSearchModule:UnityEditor.Search:ASIAI0B -> (ImportResultId: 'd44c195ad5943bcdd9d49b2144c6ab14') in 0.0011345 seconds
[Worker0] Imported GUID: 740b3785866edda4b8d1e1a05570a5f8 - Path: Packages/com.unity.test-framework/UnityEditor.TestRunner/GUI/AssetsDatabaseHelper.cs - Importer: ScriptedImporter/UnityEditor.QuickSearchModule:UnityEditor.Search:ASIAI0B -> (ImportResultId: '23ad34f60693a665d6af6f0bc9ba27ca') in 0.0013306 seconds
[Worker0] Imported GUID: 7d36034e63ad8254b9b2f55280fcc040 - Path: Packages/com.unity.test-framework/UnityEditor.TestRunner/TestLaunchers/RemotePlayerTestController.cs - Importer: ScriptedImporter/UnityEditor.QuickSearchModule:UnityEditor.Search:ASIAI0B -> (ImportResultId: '1480fc5f00eb3b386c32bcb0299486f1') in 0.0010049 seconds
[Worker0] Imported GUID: 241a47157da9420aaafa8cda2afd41a0 - Path: Packages/com.unity.test-framework/UnityEditor.TestRunner/TestRun/WaitForPlayerRunTask.cs - Importer: ScriptedImporter/UnityEditor.QuickSearchModule:UnityEditor.Search:ASIAI0B -> (ImportResultId: '83b5133a4f650b7cc55a4578491fcc35') in 0.0009294 seconds
[Worker0] Imported GUID: f445ca0c614a846449fcd8ae648c24e2 - Path: Packages/com.unity.test-framework/UnityEditor.TestRunner/CommandLineParser/ICommandLineOption.cs - Importer: ScriptedImporter/UnityEditor.QuickSearchModule:UnityEditor.Search:ASIAI0B -> (ImportResultId: '32e542d16f6f5c335653a25fd786b120') in 0.0008924 seconds
[Worker0] Imported GUID: 3dde15f260b0dd1469e60d16eaa795dc - Path: Packages/com.unity.test-framework/UnityEditor.TestRunner/TestRunner/EditmodeWorkItemFactory.cs - Importer: ScriptedImporter/UnityEditor.QuickSearchModule:UnityEditor.Search:ASIAI0B -> (ImportResultId: 'cdb34355b27aa2595e378b4033a6a99f') in 0.0024771 seconds
[Worker0] Imported GUID: 1d45b9d3cf85bee4f99c1492fca8438a - Path: Packages/com.unity.test-framework/UnityEditor.TestRunner/TestRun/TestRunCanceledException.cs - Importer: ScriptedImporter/UnityEditor.QuickSearchModule:UnityEditor.Search:ASIAI0B -> (ImportResultId: 'd29048d94955a8775787923873a2a17b') in 0.0013576 seconds
[Worker0] Imported GUID: 83eda34b7da01e04aa894f268158b0c0 - Path: Packages/com.unity.test-framework/UnityEditor.TestRunner/TestSettings/ITestSettings.cs - Importer: ScriptedImporter/UnityEditor.QuickSearchModule:UnityEditor.Search:ASIAI0B -> (ImportResultId: '5cd3d6e704d007a21a7570e0353d2c09') in 0.0012547 seconds
[Worker0] Imported GUID: 8a13cbeb2099aca47bb456f49845f86c - Path: Packages/com.unity.test-framework/UnityEditor.TestRunner/CommandLineTest/ISettingsBuilder.cs - Importer: ScriptedImporter/UnityEditor.QuickSearchModule:UnityEditor.Search:ASIAI0B -> (ImportResultId: '9fd26b3a0b1e87b80946d1cc5da412d8') in 0.0010666 seconds
[Worker0] Imported GUID: 15f870c6975ad6449b5b52514b90dc2b - Path: Packages/com.unity.test-framework/UnityEditor.TestRunner/GUI/TestRunnerUIFilter.cs - Importer: ScriptedImporter/UnityEditor.QuickSearchModule:UnityEditor.Search:ASIAI0B -> (ImportResultId: '3086875ca6d98c4d732b46da84d54f68') in 0.0010557 seconds
[Worker0] Imported GUID: 2ae2ce6274819484fa8747a28cebdf3a - Path: Packages/com.unity.test-framework/UnityEditor.TestRunner/Api/ITestRunSettings.cs - Importer: ScriptedImporter/UnityEditor.QuickSearchModule:UnityEditor.Search:ASIAI0B -> (ImportResultId: '9820a941a0b5e9a47bbbe1f496f7e0b7') in 0.0012194 seconds
[Worker0] Imported GUID: b1516a46a16d458e8debc6b459b107ea - Path: Packages/com.unity.test-framework/UnityEditor.TestRunner/TestRun/TaskList.cs - Importer: ScriptedImporter/UnityEditor.QuickSearchModule:UnityEditor.Search:ASIAI0B -> (ImportResultId: '40a844062b99025a00c53df0d8e66e59') in 0.0010487 seconds
[Licensing::Client] Successfully resolved entitlement details
[Worker0] Imported GUID: 29d603e0a726a9043b3503112271844a - Path: Packages/com.unity.test-framework/UnityEditor.TestRunner/Api/ResultsWriter.cs - Importer: ScriptedImporter/UnityEditor.QuickSearchModule:UnityEditor.Search:ASIAI0B -> (ImportResultId: '98e3a0126d5c22df98ae5240694c679c') in 0.0011241 seconds
[Worker0] Imported GUID: 6d16f2e78a356d34c9a32108929de932 - Path: Packages/com.unity.test-framework/UnityEditor.TestRunner/TestRunner/EditModePCHelper.cs - Importer: ScriptedImporter/UnityEditor.QuickSearchModule:UnityEditor.Search:ASIAI0B -> (ImportResultId: '93bd2199f74db37b9bbd94172b2bfbb6') in 0.0009825 seconds
[Worker0] Imported GUID: 8069e1fc631e461ababf11f19a9c0df3 - Path: Packages/com.unity.test-framework/UnityEditor.TestRunner/GUI/UITestRunnerFilter.cs - Importer: ScriptedImporter/UnityEditor.QuickSearchModule:UnityEditor.Search:ASIAI0B -> (ImportResultId: '19133b38e57189674fe3b8b7e8f70668') in 0.001246 seconds
[Worker0] Imported GUID: c9219e99d466b7741a057132d1994f35 - Path: Packages/com.unity.test-framework/UnityEditor.TestRunner/TestRunner/EditModeRunner.cs - Importer: ScriptedImporter/UnityEditor.QuickSearchModule:UnityEditor.Search:ASIAI0B -> (ImportResultId: '7f28970b4874082e2a80f55b42f64fb7') in 0.0015572 seconds
[Worker0] Imported GUID: 8a06b6fbaa6f4191aa47b7e31242f061 - Path: Packages/com.unity.test-framework/UnityEditor.TestRunner/Api/TestRunProgress.cs - Importer: ScriptedImporter/UnityEditor.QuickSearchModule:UnityEditor.Search:ASIAI0B -> (ImportResultId: '9ca13f462481623918fe136eaed88e0b') in 0.0013198 seconds
[Worker0] Imported GUID: d0138170d24533e47b8e6c250c6d7fbc - Path: Packages/com.unity.test-framework/UnityEditor.TestRunner/GUI/GuiHelper.cs - Importer: ScriptedImporter/UnityEditor.QuickSearchModule:UnityEditor.Search:ASIAI0B -> (ImportResultId: 'd734cfac08991ba9222f97af4e700e18') in 0.0011092 seconds
[Worker0] Imported GUID: ef563c5a6ecf64d4193dc144cb7d472a - Path: Packages/com.unity.test-framework/UnityEditor.TestRunner/CommandLineTest/ResultsSavingCallbacks.cs - Importer: ScriptedImporter/UnityEditor.QuickSearchModule:UnityEditor.Search:ASIAI0B -> (ImportResultId: 'dba833785017addb060716065280a4df') in 0.0010564 seconds
[Worker0] Imported GUID: a3529368f4cd0424a89aa51080a16b06 - Path: Packages/com.unity.test-framework/UnityEditor.TestRunner/CommandLineParser/CommandLineOption.cs - Importer: ScriptedImporter/UnityEditor.QuickSearchModule:UnityEditor.Search:ASIAI0B -> (ImportResultId: 'cfacf2674b0b0af6d1069c4d50a3108d') in 0.0008731 seconds
[Licensing::Client] Successfully resolved entitlement details
[Worker0] Imported GUID: 5a0dfda606a24736913c00edd76e55f6 - Path: Packages/com.unity.test-framework/UnityEditor.TestRunner/GUI/TestRunnerGUI.cs - Importer: ScriptedImporter/UnityEditor.QuickSearchModule:UnityEditor.Search:ASIAI0B -> (ImportResultId: 'd1cdaeaedb82f30b8ee2a99bb403c65d') in 0.0011491 seconds
[Worker0] Imported GUID: a582090813554df479fb9ca03e9857d3 - Path: Packages/com.unity.test-framework/UnityEditor.TestRunner/TestLaunchers/EditModeLauncherContextSettings.cs - Importer: ScriptedImporter/UnityEditor.QuickSearchModule:UnityEditor.Search:ASIAI0B -> (ImportResultId: '43efc99131b0c30a83a7c22b5f627215') in 0.0011148 seconds
[Worker0] Imported GUID: 083c6a3a5426382449369ddc12b691d8 - Path: Packages/com.unity.test-framework/UnityEditor.TestRunner/CommandLineTest/Executer.cs - Importer: ScriptedImporter/UnityEditor.QuickSearchModule:UnityEditor.Search:ASIAI0B -> (ImportResultId: '3aeef72253588d71590f9338db2e90f1') in 0.0009256 seconds
[Worker0] Imported GUID: d3217d58bbd1d2b4aaee933e2e8b9195 - Path: Packages/com.unity.test-framework/UnityEditor.TestRunner/TestLaunchers/PlaymodeLauncher.cs - Importer: ScriptedImporter/UnityEditor.QuickSearchModule:UnityEditor.Search:ASIAI0B -> (ImportResultId: 'd42540dd75ab6b81202decd21c11702a') in 0.0009586 seconds
[Worker0] Imported GUID: 1cddf785b0d07434d8e0607c97b09135 - Path: Packages/com.unity.test-framework/UnityEditor.TestRunner/TestLaunchers/TestLauncherBase.cs - Importer: ScriptedImporter/UnityEditor.QuickSearchModule:UnityEditor.Search:ASIAI0B -> (ImportResultId: '9d3c36cde378ba81617e558b4ee4e7f2') in 0.0011199 seconds
[Worker0] Imported GUID: 124533853216377448d786fd7c725701 - Path: Packages/com.unity.test-framework/UnityEditor.TestRunner/NUnitExtension/TestRunnerStateSerializer.cs - Importer: ScriptedImporter/UnityEditor.QuickSearchModule:UnityEditor.Search:ASIAI0B -> (ImportResultId: '277f46c455e777524f7fe0c5af9769ad') in 0.0010963 seconds
[Worker0] Imported GUID: 3297738ef11b478a8b7ee802953ae768 - Path: Packages/com.unity.test-framework/UnityEditor.TestRunner/CommandLineTest/IExecuter.cs - Importer: ScriptedImporter/UnityEditor.QuickSearchModule:UnityEditor.Search:ASIAI0B -> (ImportResultId: '05bfafa9e6880b0bb79ca964cf0592c3') in 0.0009324 seconds
[Worker0] Imported GUID: 4230e406313f1db43a4b548e7a3ad2e2 - Path: Packages/com.unity.test-framework/UnityEditor.TestRunner/Api/ITestTreeRebuildCallbacks.cs - Importer: ScriptedImporter/UnityEditor.QuickSearchModule:UnityEditor.Search:ASIAI0B -> (ImportResultId: '81ffac2474481a49f5fddc9413c72553') in 0.0019327 seconds
[Worker0] Imported GUID: a7842a837a4b13e41ae16193db753418 - Path: Packages/com.unity.test-framework/UnityEditor.TestRunner/Api/ITestRunnerApi.cs - Importer: ScriptedImporter/UnityEditor.QuickSearchModule:UnityEditor.Search:ASIAI0B -> (ImportResultId: '25561af343bdf6938ca10c43a86c850e') in 0.0014619 seconds
[Worker0] Imported GUID: cad095eccea17b741bc4cd264e7441cd - Path: Packages/com.unity.test-framework/UnityEditor.TestRunner/Api/TestMode.cs - Importer: ScriptedImporter/UnityEditor.QuickSearchModule:UnityEditor.Search:ASIAI0B -> (ImportResultId: 'd5dda04cced158ea08d105f1c18d06df') in 0.001417 seconds
[Worker0] Imported GUID: 4f90cfe4bf5cfb44f84a5b11387f2a42 - Path: Packages/com.unity.test-framework/UnityEditor.TestRunner/Api/ITestResultAdaptor.cs - Importer: ScriptedImporter/UnityEditor.QuickSearchModule:UnityEditor.Search:ASIAI0B -> (ImportResultId: '11685cddf2645560b351eae4c43ef335') in 0.0011813 seconds
[Worker0] Imported GUID: 4d616d1a494edd144b262cf6cd5e5fda - Path: Packages/com.unity.test-framework/UnityEditor.TestRunner/CommandLineTest/TestStarter.cs - Importer: ScriptedImporter/UnityEditor.QuickSearchModule:UnityEditor.Search:ASIAI0B -> (ImportResultId: 'f1eb7c1988a0b78075e06a07c10164f5') in 0.0011202 seconds
[Worker0] Imported GUID: a04a45bbed9e1714f9902fc9443669b9 - Path: Packages/com.unity.test-framework/UnityEditor.TestRunner/GUI/TestRunnerResult.cs - Importer: ScriptedImporter/UnityEditor.QuickSearchModule:UnityEditor.Search:ASIAI0B -> (ImportResultId: '5279bbff311a12a2dda41c3ffdc5d0da') in 0.0014456 seconds
[Worker0] Imported GUID: 8173ba5b162e4e5882521d173c36acec - Path: Packages/com.unity.test-framework/UnityEditor.TestRunner/TestRun/ITestJobRunner.cs - Importer: ScriptedImporter/UnityEditor.QuickSearchModule:UnityEditor.Search:ASIAI0B -> (ImportResultId: 'cdde2c3253604513c13746a302dae752') in 0.0010049 seconds
[Worker0] Imported GUID: 3f8c1075884df0249b80e23a0598f9c1 - Path: Packages/com.unity.test-framework/UnityEditor.TestRunner/CommandLineTest/RunData.cs - Importer: ScriptedImporter/UnityEditor.QuickSearchModule:UnityEditor.Search:ASIAI0B -> (ImportResultId: 'f97cc2df05c82d9f5f7023105809ef46') in 0.001712 seconds
[Worker0] Imported GUID: 63572993f2104574099a48392460b211 - Path: Packages/com.unity.test-framework/UnityEditor.TestRunner/CommandLineTest/SetupException.cs - Importer: ScriptedImporter/UnityEditor.QuickSearchModule:UnityEditor.Search:ASIAI0B -> (ImportResultId: 'b776d65efec87377306e760348369452') in 0.0013785 seconds
[Worker0] Imported GUID: 6e0e62db88935c74288c97c907243bd0 - Path: Packages/com.unity.test-framework/UnityEditor.TestRunner/Api/TestAdaptor.cs - Importer: ScriptedImporter/UnityEditor.QuickSearchModule:UnityEditor.Search:ASIAI0B -> (ImportResultId: '57b9f03d54754590be1c793fe0a4a0a9') in 0.0010554 seconds
[Worker0] Imported GUID: 43db38ca7188900429bf8be95ebbe197 - Path: Packages/com.unity.test-framework/UnityEditor.TestRunner/CommandLineTest/RunStateCallbacks.cs - Importer: ScriptedImporter/UnityEditor.QuickSearchModule:UnityEditor.Search:ASIAI0B -> (ImportResultId: '3a0cac69e70785483f9f2e8e551deea3') in 0.0013486 seconds
[Worker0] Imported GUID: 7d0a7ea6062a4f42bcea6cb642817537 - Path: Packages/com.unity.test-framework/UnityEditor.TestRunner/TestRun/ITestJobDataHolder.cs - Importer: ScriptedImporter/UnityEditor.QuickSearchModule:UnityEditor.Search:ASIAI0B -> (ImportResultId: 'dcc4746f7d31c3a11d96b221ae526ad1') in 0.001238 seconds
[Worker0] Imported GUID: 901b761c5c1e22d4e8a3ba7d95bc1f5d - Path: Packages/com.unity.test-framework/UnityEditor.TestRunner/TestRunner/EnumeratorStepHelper.cs - Importer: ScriptedImporter/UnityEditor.QuickSearchModule:UnityEditor.Search:ASIAI0B -> (ImportResultId: 'edf1b41df8ea0a8d26b6d0116f425779') in 0.0009315 seconds
[Worker0] Imported GUID: 59d3f5586b341a74c84c8f72144a4568 - Path: Packages/com.unity.test-framework/UnityEditor.TestRunner/CommandLineTest/RunSettings.cs - Importer: ScriptedImporter/UnityEditor.QuickSearchModule:UnityEditor.Search:ASIAI0B -> (ImportResultId: 'a444f726306f33767f74e9c4cac2a79d') in 0.0009059 seconds
[Worker0] Imported GUID: 612b00d793cac3c49808ab3ee5428f16 - Path: Packages/com.unity.test-framework/UnityEditor.TestRunner/TestRun/TestJobDataHolder.cs - Importer: ScriptedImporter/UnityEditor.QuickSearchModule:UnityEditor.Search:ASIAI0B -> (ImportResultId: 'b7005992d943bbf135a2d90da2f00bf9') in 0.0011271 seconds
[Worker0] Imported GUID: 139c5eac101a4dc4fb3098e30c29f15e - Path: Packages/com.unity.test-framework/UnityEditor.TestRunner/CommandLineParser/CommandLineOptionSet.cs - Importer: ScriptedImporter/UnityEditor.QuickSearchModule:UnityEditor.Search:ASIAI0B -> (ImportResultId: '64c4799937e204453a36e75a12376cbf') in 0.0009678 seconds
[Worker0] Imported GUID: d208a1684f8aa6a40ad91d6aa9600c14 - Path: Packages/com.unity.test-framework/UnityEditor.TestRunner/TestSettings/ITestSettingsDeserializer.cs - Importer: ScriptedImporter/UnityEditor.QuickSearchModule:UnityEditor.Search:ASIAI0B -> (ImportResultId: 'a5ca80021ddb2ac064247fe273b05a3d') in 0.0010813 seconds
[Worker0] Imported GUID: 621fd19bcb071b64aa1d68f0271aa780 - Path: Packages/com.unity.test-framework/UnityEngine.TestRunner/Utils/PostBuildCleanupAttribute.cs - Importer: ScriptedImporter/UnityEditor.QuickSearchModule:UnityEditor.Search:ASIAI0B -> (ImportResultId: '2a085937375cc5071b9aeb20c72ff0fb') in 0.0012797 seconds
[Worker0] Imported GUID: 68a48d1900320ed458e118415857faf6 - Path: Packages/com.unity.test-framework/UnityEngine.TestRunner/Assertions/ConstraintsExtensions.cs - Importer: ScriptedImporter/UnityEditor.QuickSearchModule:UnityEditor.Search:ASIAI0B -> (ImportResultId: '80564f785cf737b5f8987c5e893111b6') in 0.0013259 seconds
[Worker0] Imported GUID: 6a3af79041a1431ab3a2a9395a7ed2ae - Path: Packages/com.unity.test-framework/UnityEngine.TestRunner/NUnitExtensions/OrderedTestSuiteModifier.cs - Importer: ScriptedImporter/UnityEditor.QuickSearchModule:UnityEditor.Search:ASIAI0B -> (ImportResultId: '7ec1e5392d3d950c2219402a8e6d7c0d') in 0.0009618 seconds
[Worker0] Imported GUID: d0abdd8cb6b29a24c8ee19626ef741b9 - Path: Packages/com.unity.test-framework/UnityEditor.TestRunner/UnityTestProtocol/UtpDebuglogger.cs - Importer: ScriptedImporter/UnityEditor.QuickSearchModule:UnityEditor.Search:ASIAI0B -> (ImportResultId: '522ae7544a1a549842d31c4e5dedb1fe') in 0.001042 seconds
[Worker0] Imported GUID: 2fcdb9402e0a4427bd5bd01f71ecf6d5 - Path: Packages/com.unity.test-framework/UnityEngine.TestRunner/Assertions/OutOfOrderExpectedLogMessageException.cs - Importer: ScriptedImporter/UnityEditor.QuickSearchModule:UnityEditor.Search:ASIAI0B -> (ImportResultId: 'f3859d4f8dd7f892882d116066dca403') in 0.0011194 seconds
[Licensing::Client] Successfully resolved entitlement details
[Worker0] Imported GUID: b9aec9d3b0a86466ab4647d01e8fc87d - Path: Packages/com.unity.test-framework/UnityEngine.TestRunner/TestRunner/SynchronousFilter.cs - Importer: ScriptedImporter/UnityEditor.QuickSearchModule:UnityEditor.Search:ASIAI0B -> (ImportResultId: '6bfc5d5f0404a155cfbb522fb3284b96') in 0.0010555 seconds
[Worker0] Imported GUID: 1dd36da2e4e5540d5b2e44fc928a9d50 - Path: Packages/com.unity.test-framework/UnityEngine.TestRunner/Utils/IPostbuildCleanupWithTestData.cs - Importer: ScriptedImporter/UnityEditor.QuickSearchModule:UnityEditor.Search:ASIAI0B -> (ImportResultId: 'ae19e34a36718940479d293bf9d3a0db') in 0.0018059 seconds
[Worker0] Imported GUID: 4c006cc4132f4e2d8b3e7208af3e208c - Path: Packages/com.unity.test-framework/UnityEngine.TestRunner/NUnitExtensions/ITestSuiteModifier.cs - Importer: ScriptedImporter/UnityEditor.QuickSearchModule:UnityEditor.Search:ASIAI0B -> (ImportResultId: '615c9e31b29bf4be9b5a6954f81fc1fe') in 0.001398 seconds
[Worker0] Imported GUID: d1b534518943030499685344fd1d476d - Path: Packages/com.unity.test-framework/UnityEngine.TestRunner/TestRunner/ITestRunnerListener.cs - Importer: ScriptedImporter/UnityEditor.QuickSearchModule:UnityEditor.Search:ASIAI0B -> (ImportResultId: 'c5b6a779a1b6491f27e89a78264f772a') in 0.0010674 seconds
[Worker0] Imported GUID: 1c15a1275ff24d1092facf3f75065ab6 - Path: Packages/com.unity.test-framework/UnityEngine.TestRunner/UnityTestProtocol/MessageForRetryRepeat.cs - Importer: ScriptedImporter/UnityEditor.QuickSearchModule:UnityEditor.Search:ASIAI0B -> (ImportResultId: 'aed7b63d62224ae001404e5cf05f537d') in 0.0011446 seconds
[Worker0] Imported GUID: d09858396dd7adb4bbdb22ea0c8c3a37 - Path: Packages/com.unity.test-framework/UnityEngine.TestRunner/Assertions/AllocatingGCMemoryConstraint.cs - Importer: ScriptedImporter/UnityEditor.QuickSearchModule:UnityEditor.Search:ASIAI0B -> (ImportResultId: 'f93d2dc8024a87696889813594ae4f7f') in 0.0013337 seconds
[Worker0] Imported GUID: acc16f0c684508f44813662a300c574b - Path: Packages/com.unity.test-framework/UnityEngine.TestRunner/Utils/IPrebuildSetup.cs - Importer: ScriptedImporter/UnityEditor.QuickSearchModule:UnityEditor.Search:ASIAI0B -> (ImportResultId: '36e462ca3a6ff7f33c4e5f6fce07a373') in 0.0011781 seconds
[Worker0] Imported GUID: 78776d25d6504b16a629856dba391764 - Path: Packages/com.unity.test-framework/UnityEditor.TestRunner/UnityTestProtocol/DeterministicGuid.cs - Importer: ScriptedImporter/UnityEditor.QuickSearchModule:UnityEditor.Search:ASIAI0B -> (ImportResultId: '654ea66b81f704f01393e2a299983010') in 0.0013988 seconds
[Worker0] Imported GUID: 8bc74398aa3944646ade4ee78cd57484 - Path: Packages/com.unity.test-framework/UnityEngine.TestRunner/NUnitExtensions/TestExtensions.cs - Importer: ScriptedImporter/UnityEditor.QuickSearchModule:UnityEditor.Search:ASIAI0B -> (ImportResultId: '9ca6b9d32af456f6f6c9a9b026141638') in 0.0011413 seconds
[Worker0] Imported GUID: 26d207ea119f34117a1dc1a439e285e3 - Path: Packages/com.unity.test-framework/UnityEngine.TestRunner/Utils/PrebuildSetupWithTestDataAttribute.cs - Importer: ScriptedImporter/UnityEditor.QuickSearchModule:UnityEditor.Search:ASIAI0B -> (ImportResultId: '9255e6a677063e1c2f198f18188e1550') in 0.0013916 seconds
[Worker0] Imported GUID: ebcc5f899d9277642868aeda9a17cbaf - Path: Packages/com.unity.test-framework/UnityEditor.TestRunner/UnityTestProtocol/UtpMessageReporter.cs - Importer: ScriptedImporter/UnityEditor.QuickSearchModule:UnityEditor.Search:ASIAI0B -> (ImportResultId: '1dc683b89fbd0ff7cdbecfee7d880be9') in 0.0016004 seconds
[Worker0] Imported GUID: ae8ce3ffe04ac2c42945fd27e0291fc3 - Path: Packages/com.unity.test-framework/UnityEngine.TestRunner/Utils/AttributeHelper.cs - Importer: ScriptedImporter/UnityEditor.QuickSearchModule:UnityEditor.Search:ASIAI0B -> (ImportResultId: '3dbd568b2f04523a5029915975d62c9f') in 0.001406 seconds
[Worker0] Imported GUID: 7dc341f3ffc346738912e0ae5aa6c7e4 - Path: Packages/com.unity.test-framework/UnityEditor.TestRunner/UnityTestProtocol/TesRunDataHolder.cs - Importer: ScriptedImporter/UnityEditor.QuickSearchModule:UnityEditor.Search:ASIAI0B -> (ImportResultId: 'f118c7e0c2aba87eb9210df77721ad10') in 0.0015575 seconds
[Worker0] Imported GUID: 900aac3710bc14542a8d164e3f0ff820 - Path: Packages/com.unity.test-framework/UnityEditor.TestRunner/UnityTestProtocol/UnityTestProtocolListener.cs - Importer: ScriptedImporter/UnityEditor.QuickSearchModule:UnityEditor.Search:ASIAI0B -> (ImportResultId: 'f5549b35a1438c7e9d4fda5e7bc1fef1') in 0.0013573 seconds
[Worker0] Imported GUID: 319fe8cda376431bb7987d94f916819b - Path: Packages/com.unity.test-framework/UnityEditor.TestRunner/UnityTestProtocol/UtpMessageBuilder.cs - Importer: ScriptedImporter/UnityEditor.QuickSearchModule:UnityEditor.Search:ASIAI0B -> (ImportResultId: 'a1fd1ffebf26d1b7d0dcc9c094a04c6a') in 0.0012175 seconds
[Worker0] Imported GUID: 6d5833966abeadb429de247e4316eef4 - Path: Packages/com.unity.test-framework/UnityEngine.TestRunner/Assertions/Is.cs - Importer: ScriptedImporter/UnityEditor.QuickSearchModule:UnityEditor.Search:ASIAI0B -> (ImportResultId: '0724c75cfd8aabe4c14db6521067f498') in 0.0013634 seconds
[Worker0] Imported GUID: 38d0b8a87b967304da08a2ae9b955066 - Path: Packages/com.unity.test-framework/UnityEngine.TestRunner/Utils/ITestRunCallback.cs - Importer: ScriptedImporter/UnityEditor.QuickSearchModule:UnityEditor.Search:ASIAI0B -> (ImportResultId: 'ed1a3f3ddad35e44e2cd52f9bf3c027b') in 0.0012242 seconds
[Worker0] Imported GUID: 98ba0396e4b4ee8498a8f097affcfddf - Path: Packages/com.unity.test-framework/UnityEngine.TestRunner/NUnitExtensions/UnityTestAssemblyBuilder.cs - Importer: ScriptedImporter/UnityEditor.QuickSearchModule:UnityEditor.Search:ASIAI0B -> (ImportResultId: '54bc165d333583050e44e101c20fd0d8') in 0.0011944 seconds
[Worker0] Imported GUID: af5042802f06c804c8abddd544b77a4a - Path: Packages/com.unity.test-framework/UnityEngine.TestRunner/Utils/FloatEqualityComparer.cs - Importer: ScriptedImporter/UnityEditor.QuickSearchModule:UnityEditor.Search:ASIAI0B -> (ImportResultId: '362f61be1c87d48efae0b63ec34cd807') in 0.001221 seconds
[Worker0] Imported GUID: 102e512f651ee834f951a2516c1ea3b8 - Path: Packages/com.unity.test-framework/UnityEngine.TestRunner/TestRunner/PlaymodeTestsController.cs - Importer: ScriptedImporter/UnityEditor.QuickSearchModule:UnityEditor.Search:ASIAI0B -> (ImportResultId: '199a36c56b50c5691432df5d8affa667') in 0.0013317 seconds
[Worker0] Imported GUID: 58082d6ef6fd84b288e832c55741961e - Path: Packages/com.unity.test-framework/UnityEngine.TestRunner/Utils/IPrebuildSetupWithTestData.cs - Importer: ScriptedImporter/UnityEditor.QuickSearchModule:UnityEditor.Search:ASIAI0B -> (ImportResultId: 'b3a082566462496f01e22683ca811eda') in 0.0010999 seconds
[Worker0] Imported GUID: 0fc9f45e5db884c07b28ac7207622a4b - Path: Packages/com.unity.test-framework/UnityEditor.TestRunner/UnityTestProtocol/TestRunData.cs - Importer: ScriptedImporter/UnityEditor.QuickSearchModule:UnityEditor.Search:ASIAI0B -> (ImportResultId: '5aa79e5f0eaea8aec367b2eb0e10bd0b') in 0.0009572 seconds
[Worker0] Imported GUID: 2011a59d3f76b3d4a85cb53f945fceee - Path: Packages/com.unity.test-framework/UnityEditor.TestRunner/UnityTestProtocol/TestRunnerApiMapper.cs - Importer: ScriptedImporter/UnityEditor.QuickSearchModule:UnityEditor.Search:ASIAI0B -> (ImportResultId: '6eafbcd55fd94bc34fceda6423ee18a4') in 0.000843 seconds
[Worker0] Imported GUID: fc748d99f1f0d484a811a566fc7915ec - Path: Packages/com.unity.test-framework/UnityEngine.TestRunner/Utils/StacktraceFilter.cs - Importer: ScriptedImporter/UnityEditor.QuickSearchModule:UnityEditor.Search:ASIAI0B -> (ImportResultId: '40243e73271f7f1712c20c7292b1b79e') in 0.0020608 seconds
[Worker0] Imported GUID: 77f432980bb30084299a138e15c6f571 - Path: Packages/com.unity.test-framework/UnityEditor.TestRunner/UnityTestProtocol/TestState.cs - Importer: ScriptedImporter/UnityEditor.QuickSearchModule:UnityEditor.Search:ASIAI0B -> (ImportResultId: '0440a8af536dc998b7e2b0dbd075c5f8') in 0.0009995 seconds
[Worker0] Imported GUID: c97b794b51780d349a16826a4c7898d7 - Path: Packages/com.unity.test-framework/UnityEngine.TestRunner/Assertions/LogAssert.cs - Importer: ScriptedImporter/UnityEditor.QuickSearchModule:UnityEditor.Search:ASIAI0B -> (ImportResultId: 'cdec69ee740d2e29ca81581efb98591c') in 0.0011959 seconds
[Worker0] Imported GUID: 1ac58cb55fc8daf4abd3945a2bbbb0c5 - Path: Packages/com.unity.test-framework/UnityEditor.TestRunner/UnityTestProtocol/UnityTestProtocolStarter.cs - Importer: ScriptedImporter/UnityEditor.QuickSearchModule:UnityEditor.Search:ASIAI0B -> (ImportResultId: '9a8c1b451f5128db8015c233d0d81b0c') in 0.001265 seconds
[Worker0] Imported GUID: e64067e4f2ec4e818dba53b3d31847b8 - Path: Packages/com.unity.test-framework/UnityEngine.TestRunner/UnityTestProtocol/DeterministicGuid.cs - Importer: ScriptedImporter/UnityEditor.QuickSearchModule:UnityEditor.Search:ASIAI0B -> (ImportResultId: '2f1577ae3ed0304c4c6898e440e82246') in 0.0009231 seconds
[Worker0] Imported GUID: e440d63dae5d049ca83c823c9f246b17 - Path: Packages/com.unity.test-framework/UnityEngine.TestRunner/Utils/PostBuildCleanupWithTestDataAttribute.cs - Importer: ScriptedImporter/UnityEditor.QuickSearchModule:UnityEditor.Search:ASIAI0B -> (ImportResultId: '34198fca7af5f9ae5a12887059da263b') in 0.0012606 seconds
[Worker0] Imported GUID: a8ed4063f2beecd41a234a582202f3c4 - Path: Packages/com.unity.test-framework/UnityEngine.TestRunner/Assertions/UnhandledLogMessageException.cs - Importer: ScriptedImporter/UnityEditor.QuickSearchModule:UnityEditor.Search:ASIAI0B -> (ImportResultId: 'fc997a6a39605278f3590257e0ecf694') in 0.0009155 seconds
[Worker0] Imported GUID: db9a20ff62f649c7b64172ebec68370c - Path: Packages/com.unity.test-framework/UnityEngine.TestRunner/UnityTestProtocol/TestStartedMessage.cs - Importer: ScriptedImporter/UnityEditor.QuickSearchModule:UnityEditor.Search:ASIAI0B -> (ImportResultId: '126d6fd284be0110b8c3e1a39d128851') in 0.0010164 seconds
[Worker0] Imported GUID: 4f939b9e23a0946439b812551e07ac81 - Path: Packages/com.unity.test-framework/UnityEngine.TestRunner/NUnitExtensions/ActionDelegator.cs - Importer: ScriptedImporter/UnityEditor.QuickSearchModule:UnityEditor.Search:ASIAI0B -> (ImportResultId: '56649da2dd1642455f6b7ab58ebf92b3') in 0.001156 seconds
[Worker0] Imported GUID: ff67c526455160f4690a44f74dee4cbe - Path: Packages/com.unity.test-framework/UnityEngine.TestRunner/Utils/IPostBuildCleanup.cs - Importer: ScriptedImporter/UnityEditor.QuickSearchModule:UnityEditor.Search:ASIAI0B -> (ImportResultId: 'd361918ef92c1ae5d8f9b7f7e42865f9') in 0.0009492 seconds
[Worker0] Imported GUID: d6105bc8cf5ce544487daca4cbc62583 - Path: Packages/com.unity.test-framework/UnityEngine.TestRunner/Utils/ColorEqualityComparer.cs - Importer: ScriptedImporter/UnityEditor.QuickSearchModule:UnityEditor.Search:ASIAI0B -> (ImportResultId: 'b13a643a114fa829d9f1dfe2a8ae8ff5') in 0.0008655 seconds
[Worker0] Imported GUID: 37cea569bfefafe49a1513c4d7f0e9eb - Path: Packages/com.unity.test-framework/UnityEngine.TestRunner/NUnitExtensions/BaseDelegator.cs - Importer: ScriptedImporter/UnityEditor.QuickSearchModule:UnityEditor.Search:ASIAI0B -> (ImportResultId: '1b3a6473965fcb8d8a99311a185e6c2c') in 0.0009247 seconds
[Worker0] Imported GUID: 9650d910fcaefb34cb45f121c1993892 - Path: Packages/com.unity.test-framework/UnityEngine.TestRunner/Assertions/InvalidSignatureException.cs - Importer: ScriptedImporter/UnityEditor.QuickSearchModule:UnityEditor.Search:ASIAI0B -> (ImportResultId: '74db9cce0499e12cc0348bb47c0902b1') in 0.0012476 seconds
[Worker0] Imported GUID: 5aec7938f118041779fb739b38477100 - Path: Packages/com.unity.test-framework/UnityEngine.TestRunner/TestRunner/TestTaskWrapper.cs - Importer: ScriptedImporter/UnityEditor.QuickSearchModule:UnityEditor.Search:ASIAI0B -> (ImportResultId: 'e3ca450d14e04e4d35eadb6d03937242') in 0.0009416 seconds
[Worker0] Imported GUID: 2799eb4c84e72e54092a292cf626936b - Path: Packages/com.unity.test-framework/UnityEngine.TestRunner/TestRunner/PlaymodeTestsControllerSettings.cs - Importer: ScriptedImporter/UnityEditor.QuickSearchModule:UnityEditor.Search:ASIAI0B -> (ImportResultId: 'e5e8df386558ff52e436147833e86bd4') in 0.0009026 seconds
[Worker0] Imported GUID: 9ad0b0c865b01af4ca1b414689e71259 - Path: Packages/com.unity.test-framework/UnityEngine.TestRunner/TestRunner/TestEnumeratorWrapper.cs - Importer: ScriptedImporter/UnityEditor.QuickSearchModule:UnityEditor.Search:ASIAI0B -> (ImportResultId: '392584cc53735a8fd994aca8b0b05d5a') in 0.0010622 seconds
[Worker0] Imported GUID: 24a158219395ebf44a60547b97784ddc - Path: Packages/com.unity.test-framework/UnityEngine.TestRunner/Utils/CoroutineRunner.cs - Importer: ScriptedImporter/UnityEditor.QuickSearchModule:UnityEditor.Search:ASIAI0B -> (ImportResultId: 'b4014e27a1dc0d2c44344f0ca15dcda4') in 0.0011424 seconds
[Worker0] Imported GUID: 5f875a14565308a40a5262d2504da705 - Path: Packages/com.unity.test-framework/UnityEngine.TestRunner/NUnitExtensions/IStateSerializer.cs - Importer: ScriptedImporter/UnityEditor.QuickSearchModule:UnityEditor.Search:ASIAI0B -> (ImportResultId: '773486239b46bbf1c7802d9c65534fd4') in 0.0011016 seconds
[Worker0] Imported GUID: 5b2eeca598284bd4abb4a15c30df1576 - Path: Packages/com.unity.test-framework/UnityEngine.TestRunner/Assertions/UnexpectedLogMessageException.cs - Importer: ScriptedImporter/UnityEditor.QuickSearchModule:UnityEditor.Search:ASIAI0B -> (ImportResultId: '7bd12d9580ca866bf060e805f841b875') in 0.0009793 seconds
[Worker0] Imported GUID: 75e7d7a9a57458841a85fe42d9c9141f - Path: Packages/com.unity.test-framework/UnityEditor.TestRunner/TestSettings/TestSettingsDeserializer.cs - Importer: ScriptedImporter/UnityEditor.QuickSearchModule:UnityEditor.Search:ASIAI0B -> (ImportResultId: '4b0015ca6aa354c63de7ff8f6b46f1fa') in 0.0012085 seconds
[Worker0] Imported GUID: 65fb6da362a78334ab360a125cfafdaf - Path: Packages/com.unity.test-framework/UnityEngine.TestRunner/NUnitExtensions/TestResultExtensions.cs - Importer: ScriptedImporter/UnityEditor.QuickSearchModule:UnityEditor.Search:ASIAI0B -> (ImportResultId: '191112c5a4b0abb48a179c160cf5bf68') in 0.0013139 seconds
[Worker0] Imported GUID: c3aa5c3d59b94854e843f10b75b3ad63 - Path: Packages/com.unity.test-framework/UnityEngine.TestRunner/NUnitExtensions/IAsyncTestAssemblyBuilder.cs - Importer: ScriptedImporter/UnityEditor.QuickSearchModule:UnityEditor.Search:ASIAI0B -> (ImportResultId: '859d50a0673151dff31a38979d3ddbf3') in 0.0020368 seconds
[Worker0] Imported GUID: ffb335140c799c4408411d81789fb05c - Path: Packages/com.unity.test-framework/UnityEngine.TestRunner/Assertions/UnityTestTimeoutException.cs - Importer: ScriptedImporter/UnityEditor.QuickSearchModule:UnityEditor.Search:ASIAI0B -> (ImportResultId: 'ef1877584a772c47bfe2b67aab8d4f3f') in 0.0009612 seconds
[Worker0] Imported GUID: d1b7ce919aa8864409412e809073cf96 - Path: Packages/com.unity.test-framework/UnityEngine.TestRunner/Utils/PrebuildSetupAttribute.cs - Importer: ScriptedImporter/UnityEditor.QuickSearchModule:UnityEditor.Search:ASIAI0B -> (ImportResultId: '6359691952b6da199f3591a742f3988d') in 0.0008 seconds
[Worker0] Imported GUID: 73deb9b8722aa284eab27c4dc90956c6 - Path: Packages/com.unity.test-framework/UnityEngine.TestRunner/TestRunner/TestListenerWrapper.cs - Importer: ScriptedImporter/UnityEditor.QuickSearchModule:UnityEditor.Search:ASIAI0B -> (ImportResultId: 'e2fc39d29114aded703a668878ab3d21') in 0.0011305 seconds
[Worker0] Imported GUID: b42e1db66fe9c634798674cb9e1df2ca - Path: Packages/com.unity.test-framework/UnityEngine.TestRunner/NUnitExtensions/ConstructDelegator.cs - Importer: ScriptedImporter/UnityEditor.QuickSearchModule:UnityEditor.Search:ASIAI0B -> (ImportResultId: '21e534fbf4062c01a32c2690d42aba1f') in 0.0009068 seconds
[Worker0] Imported GUID: a025ba7ee40d0104db8d08b1d9eabb0d - Path: Packages/com.unity.test-framework/UnityEngine.TestRunner/TestRunner/RuntimeTestRunnerFilter.cs - Importer: ScriptedImporter/UnityEditor.QuickSearchModule:UnityEditor.Search:ASIAI0B -> (ImportResultId: '0f163d72d523c4241bff930fd9dea9c1') in 0.0010668 seconds
[Worker0] Imported GUID: b9c2a6302985d3846b7b9f6fd9e2da9a - Path: Packages/com.unity.test-framework/UnityEngine.TestRunner/Utils/IOuterUnityTestAction.cs - Importer: ScriptedImporter/UnityEditor.QuickSearchModule:UnityEditor.Search:ASIAI0B -> (ImportResultId: 'fff94acafba2720cf1b1cd19ecd975af') in 0.0011592 seconds
[Worker0] Imported GUID: 2cc8cb8ea0b84a54b6caf6601d63ece6 - Path: Packages/com.unity.test-framework/UnityEngine.TestRunner/UnityTestProtocol/TestFinishMessage.cs - Importer: ScriptedImporter/UnityEditor.QuickSearchModule:UnityEditor.Search:ASIAI0B -> (ImportResultId: '86dde26d5bd4f7b1e3117189d7e4de2b') in 0.0010155 seconds
[Worker0] Imported GUID: c3a9378562b345c4ac08e605d35c0d93 - Path: Packages/com.unity.test-framework/UnityEngine.TestRunner/UnityTestProtocol/TestState.cs - Importer: ScriptedImporter/UnityEditor.QuickSearchModule:UnityEditor.Search:ASIAI0B -> (ImportResultId: '266144b3021971b6c3d9ace5840a1ab1') in 0.0007891 seconds
[Worker0] Imported GUID: 6de79ae237e51554da96fd28f68b66a6 - Path: Packages/com.unity.test-framework/UnityEditor.TestRunner/UnityTestProtocol/ITestRunnerApiMapper.cs - Importer: ScriptedImporter/UnityEditor.QuickSearchModule:UnityEditor.Search:ASIAI0B -> (ImportResultId: '8f94cbf49535d0301891fa9744ef9a86') in 0.0008838 seconds
[Worker0] Imported GUID: 952b3dc7b47846947b37c8d3ae46579a - Path: Packages/com.unity.test-framework/UnityEditor.TestRunner/UnityTestProtocol/IUtpMessageReporter.cs - Importer: ScriptedImporter/UnityEditor.QuickSearchModule:UnityEditor.Search:ASIAI0B -> (ImportResultId: 'e9c8a62aae801fb8b09385892c529bf4') in 0.0008485 seconds
[Worker0] Imported GUID: 3b28913f21577de429da928d6d05219f - Path: Packages/com.unity.test-framework/UnityEngine.TestRunner/Utils/QuaternionEqualityComparer.cs - Importer: ScriptedImporter/UnityEditor.QuickSearchModule:UnityEditor.Search:ASIAI0B -> (ImportResultId: 'cfe1218e10b43abdd72f2368b7c9a8e0') in 0.0012478 seconds
[Worker0] Imported GUID: 743879b4db4bc1a4b829aae4386f4acf - Path: Packages/com.unity.test-framework/UnityEngine.TestRunner/TestRunner/TestPlatform.cs - Importer: ScriptedImporter/UnityEditor.QuickSearchModule:UnityEditor.Search:ASIAI0B -> (ImportResultId: 'e46019222555fd0e468fc7bfbc1ac4c5') in 0.0009637 seconds
[Worker0] Imported GUID: 6b32b6725087a0d4bb1670818d26996e - Path: Packages/com.unity.test-framework/UnityEditor.TestRunner/TestSettings/TestSettings.cs - Importer: ScriptedImporter/UnityEditor.QuickSearchModule:UnityEditor.Search:ASIAI0B -> (ImportResultId: '43d77566a3cb146c1986c210d55e093d') in 0.0008484 seconds
[Worker0] Imported GUID: 9014630255533ed42915965b4065cde8 - Path: Packages/com.unity.test-framework/UnityEditor.TestRunner/UnityTestProtocol/IUtpLogger.cs - Importer: ScriptedImporter/UnityEditor.QuickSearchModule:UnityEditor.Search:ASIAI0B -> (ImportResultId: 'eaa794d2a153abbb9d3602b270e13762') in 0.001186 seconds
[Worker0] Imported GUID: 58ad09607a0d62d458a78d7174665566 - Path: Packages/com.unity.test-framework/UnityEngine.TestRunner/Utils/Vector2EqualityComparer.cs - Importer: ScriptedImporter/UnityEditor.QuickSearchModule:UnityEditor.Search:ASIAI0B -> (ImportResultId: '72f38e698969bf46e83c4ba0a5c27d34') in 0.0013325 seconds
[Worker0] Imported GUID: 65701ebe8bada6b4785e9c7afe7f5bee - Path: Packages/com.unity.test-framework/UnityEngine.TestRunner/Utils/Vector2ComparerWithEqualsOperator.cs - Importer: ScriptedImporter/UnityEditor.QuickSearchModule:UnityEditor.Search:ASIAI0B -> (ImportResultId: '0ad1f108df63a4079d0f064d68eb8cb0') in 0.0014804 seconds
[Worker0] Imported GUID: 76b3a3296de548f48b0c3d088fb4b490 - Path: Packages/com.unity.test-framework/UnityEngine.TestRunner/Utils/TestRunCallbackAttribute.cs - Importer: ScriptedImporter/UnityEditor.QuickSearchModule:UnityEditor.Search:ASIAI0B -> (ImportResultId: '61c72dcee49c9bb20d77908502776de8') in 0.0011791 seconds
[Worker0] Imported GUID: 68f09f0f82599b5448579854e622a4c1 - Path: Packages/com.unity.test-framework/UnityEngine.TestRunner/Utils/TestRunCallbackListener.cs - Importer: ScriptedImporter/UnityEditor.QuickSearchModule:UnityEditor.Search:ASIAI0B -> (ImportResultId: '6d01bf88f51c19fa07912849fec6b98c') in 0.0007798 seconds
[Worker0] Imported GUID: 32da81683c22faf458026716a2b821aa - Path: Packages/com.unity.test-framework/UnityEngine.TestRunner/Utils/Vector4EqualityComparer.cs - Importer: ScriptedImporter/UnityEditor.QuickSearchModule:UnityEditor.Search:ASIAI0B -> (ImportResultId: '4e4a30d4973713481df30fe6948b9149') in 0.0007556 seconds
[Worker0] Imported GUID: d1bd8de22dbd64d6ea3e35a46217cb9b - Path: Packages/com.unity.test-framework/UnityEngine.TestRunner/Utils/TestMode.cs - Importer: ScriptedImporter/UnityEditor.QuickSearchModule:UnityEditor.Search:ASIAI0B -> (ImportResultId: 'f675b1c1e62a038cf64eeb6be7c12d9e') in 0.0007936 seconds
[Worker0] Imported GUID: 44100f5f60f351348b9719b46d46cebe - Path: Packages/com.unity.test-framework/UnityEngine.TestRunner/Utils/Vector4ComparerWithEqualsOperator.cs - Importer: ScriptedImporter/UnityEditor.QuickSearchModule:UnityEditor.Search:ASIAI0B -> (ImportResultId: '563bfd4f2372668516946ac8f5af0288') in 0.0007244 seconds
[Worker0] Imported GUID: 9502550ba4785e3499d6c9251fa2114b - Path: Packages/com.unity.test-framework/UnityEngine.TestRunner/Utils/Utils.cs - Importer: ScriptedImporter/UnityEditor.QuickSearchModule:UnityEditor.Search:ASIAI0B -> (ImportResultId: 'e4aab3f9efe3ef6ddbab24a990f8b9d4') in 0.0007247 seconds
[Worker0] Imported GUID: 4bd2bc28ff24d5c488844851cb785db0 - Path: Packages/com.unity.test-framework/UnityEngine.TestRunner/Utils/Vector3EqualityComparer.cs - Importer: ScriptedImporter/UnityEditor.QuickSearchModule:UnityEditor.Search:ASIAI0B -> (ImportResultId: '0cb93014023f4c7744e905dafa13db96') in 0.0017527 seconds
[Worker0] Imported GUID: 5b994928117e3db418da69c821da7e19 - Path: Packages/com.unity.test-framework/UnityEngine.TestRunner/Utils/Vector3ComparerWithEqualsOperator.cs - Importer: ScriptedImporter/UnityEditor.QuickSearchModule:UnityEditor.Search:ASIAI0B -> (ImportResultId: '9393dfdf0fc4c5c553b33a5776c1c92c') in 0.0012556 seconds
[Worker0] Imported GUID: 72ae18093c05147e4a680b41d4cd9e6f - Path: Packages/com.unity.test-framework/UnityEngine.TestRunner/Utils/TestData.cs - Importer: ScriptedImporter/UnityEditor.QuickSearchModule:UnityEditor.Search:ASIAI0B -> (ImportResultId: '0dc69b73165a6c21151b54db76d76f09') in 0.0009104 seconds
[Worker0] Imported GUID: c2247a4dfeae4607949780b219a7d3c8 - Path: Packages/com.unity.test-framework/UnityEditor.TestRunner/GUI/Controls/ISelectionDropDownContentProvider.cs - Importer: ScriptedImporter/UnityEditor.QuickSearchModule:UnityEditor.Search:ASIAI0B -> (ImportResultId: '413a562cdf7998c6ca5c10ee956ff2d5') in 0.0017948 seconds
[Worker0] Imported GUID: d31403ec6b334194bdeb4c5ebad64097 - Path: Packages/com.unity.test-framework/UnityEditor.TestRunner/GUI/Controls/FlagEnumContentProvider.cs - Importer: ScriptedImporter/UnityEditor.QuickSearchModule:UnityEditor.Search:ASIAI0B -> (ImportResultId: '31f869eb20e3889844ad1025104056aa') in 0.0016028 seconds
[Worker0] Imported GUID: f7d5e5417ccd4aa0bfa39228c674f142 - Path: Packages/com.unity.test-framework/UnityEditor.TestRunner/GUI/Controls/SelectableItemContent.cs - Importer: ScriptedImporter/UnityEditor.QuickSearchModule:UnityEditor.Search:ASIAI0B -> (ImportResultId: '64fd10bb53b2caed63d7986c48cf28ad') in 0.0012988 seconds
[Worker0] Imported GUID: fb736ed47b6da4b499431bf9c6de5890 - Path: Packages/com.unity.test-framework/UnityEditor.TestRunner/GUI/Controls/MultiValueContentProvider.cs - Importer: ScriptedImporter/UnityEditor.QuickSearchModule:UnityEditor.Search:ASIAI0B -> (ImportResultId: '95ef03da9bc3090faf92b91308857d69') in 0.0014848 seconds
[Worker0] Imported GUID: f8f9b43d4e034c2d997f4eb6a0d85a96 - Path: Packages/com.unity.test-framework/UnityEditor.TestRunner/GUI/Controls/SelectionDropDown.cs - Importer: ScriptedImporter/UnityEditor.QuickSearchModule:UnityEditor.Search:ASIAI0B -> (ImportResultId: '7b424349ba4f7d7c63921dcebee22aa4') in 0.0012914 seconds
[Worker0] Imported GUID: 24a5f331fec74c9aa9e1e5d74b5a9589 - Path: Packages/com.unity.test-framework/UnityEditor.TestRunner/GUI/Controls/BitUtility.cs - Importer: ScriptedImporter/UnityEditor.QuickSearchModule:UnityEditor.Search:ASIAI0B -> (ImportResultId: 'e857c1fd5529fcd4ec7f1408c13ee3e1') in 0.0015398 seconds
[Worker0] Imported GUID: f03c073fcc564ab582ac38999beb4b6d - Path: Packages/com.unity.test-framework/UnityEditor.TestRunner/GUI/TestAssets/CustomScriptAssemblyMappingFinder.cs - Importer: ScriptedImporter/UnityEditor.QuickSearchModule:UnityEditor.Search:ASIAI0B -> (ImportResultId: '58164103d478e7072f024160028873be') in 0.0012913 seconds
[Worker0] Imported GUID: dc781c79a6ac490f817bb70a01490d5c - Path: Packages/com.unity.test-framework/UnityEditor.TestRunner/Api/Analytics/RunFinishedData.cs - Importer: ScriptedImporter/UnityEditor.QuickSearchModule:UnityEditor.Search:ASIAI0B -> (ImportResultId: 'cceed745ce522bbfe66bcb47af1ec691') in 0.0013581 seconds
[Worker0] Imported GUID: f5e82966bb8646269e2e46b6ddf2d89f - Path: Packages/com.unity.test-framework/UnityEditor.TestRunner/Api/Analytics/AnalyticsTestCallback.cs - Importer: ScriptedImporter/UnityEditor.QuickSearchModule:UnityEditor.Search:ASIAI0B -> (ImportResultId: 'f66bdff98c0ffb009fa974a1a2c00ced') in 0.0010461 seconds
[Worker0] Imported GUID: f47c66e80010e4020b6803b930eb432c - Path: Packages/com.unity.test-framework/UnityEditor.TestRunner/GUI/TestAssets/ActiveFolderTemplateAssetCreator.cs - Importer: ScriptedImporter/UnityEditor.QuickSearchModule:UnityEditor.Search:ASIAI0B -> (ImportResultId: '0b1957bcb7cf10c39f411a171529c5ef') in 0.0009223 seconds
[Worker0] Imported GUID: 3d92c578e28043ef95d4b703e008be64 - Path: Packages/com.unity.test-framework/UnityEditor.TestRunner/GUI/TestAssets/FolderPathTestCompilationContextProvider.cs - Importer: ScriptedImporter/UnityEditor.QuickSearchModule:UnityEditor.Search:ASIAI0B -> (ImportResultId: 'a2169a651768c391358b6deeb3751fd7') in 0.0012984 seconds
[Worker0] Imported GUID: ea6cc55375344f10834cf6fa65197525 - Path: Packages/com.unity.test-framework/UnityEditor.TestRunner/GUI/Controls/FlagEnumUtility.cs - Importer: ScriptedImporter/UnityEditor.QuickSearchModule:UnityEditor.Search:ASIAI0B -> (ImportResultId: 'a37865369fa4580e6109628b48eb3f64') in 0.0014848 seconds
[Worker0] Imported GUID: 7b076e8f3150431baf926fe9ee030b1e - Path: Packages/com.unity.test-framework/UnityEditor.TestRunner/GUI/Controls/ISelectableItem.cs - Importer: ScriptedImporter/UnityEditor.QuickSearchModule:UnityEditor.Search:ASIAI0B -> (ImportResultId: '934c57e63b169d3f0f1cb595503c53ca') in 0.0009875 seconds
[Worker0] Imported GUID: 697ab794770540d6951f83d62b8fa444 - Path: Packages/com.unity.test-framework/UnityEditor.TestRunner/Api/Analytics/TestTreeData.cs - Importer: ScriptedImporter/UnityEditor.QuickSearchModule:UnityEditor.Search:ASIAI0B -> (ImportResultId: '3c049edb9dee0c2dabfc8ef5e03c8659') in 0.0014198 seconds
[Licensing::Client] Successfully resolved entitlement details
[Worker0] Imported GUID: 7348ecf02a70497d9a09bd05ad2038ac - Path: Packages/com.unity.test-framework/UnityEditor.TestRunner/GUI/Controls/GenericItemContentProvider.cs - Importer: ScriptedImporter/UnityEditor.QuickSearchModule:UnityEditor.Search:ASIAI0B -> (ImportResultId: 'aebc2e0dd7ad53b72eb8640a81414a5f') in 0.0016135 seconds
[Worker0] Imported GUID: a85430cc5a4a4279a992be322de12b29 - Path: Packages/com.unity.test-framework/UnityEditor.TestRunner/Api/Analytics/AnalyticsReporter.cs - Importer: ScriptedImporter/UnityEditor.QuickSearchModule:UnityEditor.Search:ASIAI0B -> (ImportResultId: 'f6c255b4fe531e43b9dfb2d9e1915eea') in 0.001801 seconds
[Licensing::Client] Successfully resolved entitlement details
[Worker0] Imported GUID: c38ae0585d6a55042a2d678330689685 - Path: Packages/com.unity.test-framework/UnityEditor.TestRunner/TestLaunchers/PlatformSetup/LuminPlatformSetup.cs - Importer: ScriptedImporter/UnityEditor.QuickSearchModule:UnityEditor.Search:ASIAI0B -> (ImportResultId: 'de3d5bcad83d17308c2ce41871eb82ab') in 0.0014091 seconds
[Worker0] Imported GUID: 6d2f47eae5f447748892c46848956d5f - Path: Packages/com.unity.test-framework/UnityEditor.TestRunner/NUnitExtension/Attributes/ITestPlayerBuildModifier.cs - Importer: ScriptedImporter/UnityEditor.QuickSearchModule:UnityEditor.Search:ASIAI0B -> (ImportResultId: '8a2d96e0ab78003e34106b19d353c59e') in 0.0013914 seconds
[Worker0] Imported GUID: 3b6931522502d68458016e3cadb89f1b - Path: Packages/com.unity.test-framework/UnityEditor.TestRunner/TestRun/Tasks/PostbuildCleanupTask.cs - Importer: ScriptedImporter/UnityEditor.QuickSearchModule:UnityEditor.Search:ASIAI0B -> (ImportResultId: '142ca9c5e63d394df467daf31d1c3c53') in 0.0011951 seconds
[Worker0] Imported GUID: b9d121df8c444236a5b38ccfadfdd1a7 - Path: Packages/com.unity.test-framework/UnityEditor.TestRunner/TestLaunchers/Helpers/DelayedCallback.cs - Importer: ScriptedImporter/UnityEditor.QuickSearchModule:UnityEditor.Search:ASIAI0B -> (ImportResultId: '2fde5cfef1fa7e158953eaa01311b75e') in 0.0016557 seconds
[Worker0] Imported GUID: ee6c7dc47e844c3d823b833abbd5f981 - Path: Packages/com.unity.test-framework/UnityEditor.TestRunner/TestRun/Tasks/GenerateContextTask.cs - Importer: ScriptedImporter/UnityEditor.QuickSearchModule:UnityEditor.Search:ASIAI0B -> (ImportResultId: 'd0f7b33f6037ee98897a67654d43a384') in 0.0012176 seconds
[Worker0] Imported GUID: 961642509dec50b44a293d26240140ec - Path: Packages/com.unity.test-framework/UnityEditor.TestRunner/TestLaunchers/PlatformSetup/AndroidPlatformSetup.cs - Importer: ScriptedImporter/UnityEditor.QuickSearchModule:UnityEditor.Search:ASIAI0B -> (ImportResultId: 'fcc331d8930286ec452c8d9dca50aa62') in 0.0009843 seconds
[Worker0] Imported GUID: b8abb41ceb6f62c45a00197ae59224c1 - Path: Packages/com.unity.test-framework/UnityEditor.TestRunner/GUI/Views/TestListGUIBase.cs - Importer: ScriptedImporter/UnityEditor.QuickSearchModule:UnityEditor.Search:ASIAI0B -> (ImportResultId: '9396f8256b6f6f1061a50c31d3a73ee6') in 0.0008337 seconds
[Worker0] Imported GUID: 0cd0deb81d984e58952ccd7e1dd6b2bb - Path: Packages/com.unity.test-framework/UnityEditor.TestRunner/GUI/TestAssets/ICustomScriptAssemblyMappingFinder.cs - Importer: ScriptedImporter/UnityEditor.QuickSearchModule:UnityEditor.Search:ASIAI0B -> (ImportResultId: '1a68980d6e116c9c132dc51f0e3141d6') in 0.0008995 seconds
[Worker0] Imported GUID: 2c2dfcbbb77359547bcaa7cdabd47ebb - Path: Packages/com.unity.test-framework/UnityEditor.TestRunner/TestLaunchers/Helpers/PostbuildCleanupAttributeFinder.cs - Importer: ScriptedImporter/UnityEditor.QuickSearchModule:UnityEditor.Search:ASIAI0B -> (ImportResultId: 'd63a82d03ebde234a3f48a8398a54453') in 0.0010948 seconds
[Worker0] Imported GUID: 84300802bfca1472f86e2179fa2a8ed7 - Path: Packages/com.unity.test-framework/UnityEditor.TestRunner/TestLaunchers/Helpers/TestFiltering.cs - Importer: ScriptedImporter/UnityEditor.QuickSearchModule:UnityEditor.Search:ASIAI0B -> (ImportResultId: '8520e3ca4b691089a75befa17e1e974d') in 0.0011521 seconds
[Worker0] Imported GUID: dd57b1176859fc84e93586103d3b5f73 - Path: Packages/com.unity.test-framework/UnityEditor.TestRunner/NUnitExtension/Attributes/TestPlayerBuildModifierAttribute.cs - Importer: ScriptedImporter/UnityEditor.QuickSearchModule:UnityEditor.Search:ASIAI0B -> (ImportResultId: '3fcf0b393389b7cdc4c5ec7bd0b83bdf') in 0.0011317 seconds
[Worker0] Imported GUID: 4b45f42910304b00a63958173ee2c76f - Path: Packages/com.unity.test-framework/UnityEditor.TestRunner/TestRun/Tasks/EnterPlayModeTask.cs - Importer: ScriptedImporter/UnityEditor.QuickSearchModule:UnityEditor.Search:ASIAI0B -> (ImportResultId: '19ba6acb030aee9f7c7a0d6eeac83ad9') in 0.000963 seconds
[Worker0] Imported GUID: 5640d0c51961421997c9f36f0ec45480 - Path: Packages/com.unity.test-framework/UnityEditor.TestRunner/TestRun/Tasks/BuildNUnitFilterTask.cs - Importer: ScriptedImporter/UnityEditor.QuickSearchModule:UnityEditor.Search:ASIAI0B -> (ImportResultId: '49b3b7914a3dd63d12e51ee16968b4dd') in 0.0010129 seconds
[Worker0] Imported GUID: ad7bb166069f8414e9ad26606b305e66 - Path: Packages/com.unity.test-framework/UnityEditor.TestRunner/TestRun/Tasks/FileCleanupVerifierTaskBase.cs - Importer: ScriptedImporter/UnityEditor.QuickSearchModule:UnityEditor.Search:ASIAI0B -> (ImportResultId: '27cba8fd7c2eb222e4b131102357e225') in 0.0011563 seconds
[Worker0] Imported GUID: 1bace19a170f47bb8d19645cfc580796 - Path: Packages/com.unity.test-framework/UnityEditor.TestRunner/GUI/TestAssets/TestScriptAssetsCreator.cs - Importer: ScriptedImporter/UnityEditor.QuickSearchModule:UnityEditor.Search:ASIAI0B -> (ImportResultId: '64ca6b1bcd87e201637e42c11a3a8617') in 0.0010981 seconds
[Worker0] Imported GUID: 32829ea9e75c475295f73ff867e2f9d0 - Path: Packages/com.unity.test-framework/UnityEditor.TestRunner/GUI/TestAssets/ICustomScriptAssembly.cs - Importer: ScriptedImporter/UnityEditor.QuickSearchModule:UnityEditor.Search:ASIAI0B -> (ImportResultId: '55776935c26fcc270bb7f2c02d1d47b3') in 0.0012071 seconds
[Worker0] Imported GUID: bd3135cd5079e43b383e0e53242ef502 - Path: Packages/com.unity.test-framework/UnityEditor.TestRunner/TestLaunchers/Helpers/PrebuildSetupWithJobDataAttributeFinder.cs - Importer: ScriptedImporter/UnityEditor.QuickSearchModule:UnityEditor.Search:ASIAI0B -> (ImportResultId: 'cb37af096ce4ebdc14677696baeafe13') in 0.0019312 seconds
[Worker0] Imported GUID: 1c97cd557b334b27bc325649466d1872 - Path: Packages/com.unity.test-framework/UnityEditor.TestRunner/TestRun/Tasks/CleanUpContext.cs - Importer: ScriptedImporter/UnityEditor.QuickSearchModule:UnityEditor.Search:ASIAI0B -> (ImportResultId: '59792a7de4486d937f0badfc79e596ce') in 0.0013461 seconds
[Worker0] Imported GUID: 06e624de88cb4a808350b63994eb39ed - Path: Packages/com.unity.test-framework/UnityEditor.TestRunner/TestRun/Data/TaskMode.cs - Importer: ScriptedImporter/UnityEditor.QuickSearchModule:UnityEditor.Search:ASIAI0B -> (ImportResultId: 'b0f7aa80ff9df11f096946e426e18c6b') in 0.0010694 seconds
[Worker0] Imported GUID: 52c907c81459f324497af504b84fd557 - Path: Packages/com.unity.test-framework/UnityEditor.TestRunner/GUI/TestListTreeView/TestListTreeViewGUI.cs - Importer: ScriptedImporter/UnityEditor.QuickSearchModule:UnityEditor.Search:ASIAI0B -> (ImportResultId: 'fbd6c0d19311094dd5d8cfa010c8da09') in 0.0011019 seconds
[Worker0] Imported GUID: a155fee568ce42a4b561ee3a27d88532 - Path: Packages/com.unity.test-framework/UnityEditor.TestRunner/TestRun/Tasks/CleanupConstructDelegatorTask.cs - Importer: ScriptedImporter/UnityEditor.QuickSearchModule:UnityEditor.Search:ASIAI0B -> (ImportResultId: '0f0aaae3af7ba6aaa56171bd08dbc5ba') in 0.0009073 seconds
[Worker0] Imported GUID: aed7ab02155e43341a2dbcb7bc17c160 - Path: Packages/com.unity.test-framework/UnityEditor.TestRunner/TestLaunchers/PlatformSetup/XboxOnePlatformSetup.cs - Importer: ScriptedImporter/UnityEditor.QuickSearchModule:UnityEditor.Search:ASIAI0B -> (ImportResultId: '022ded18aadee1f776c5173de7d053a1') in 0.0009958 seconds
[Worker0] Imported GUID: 881a6e4afaf6d1744a7aacea7f268f4c - Path: Packages/com.unity.test-framework/UnityEditor.TestRunner/TestRun/Data/TestProgress.cs - Importer: ScriptedImporter/UnityEditor.QuickSearchModule:UnityEditor.Search:ASIAI0B -> (ImportResultId: 'ba3719e03287bc41dd172d2bb0045057') in 0.0009245 seconds
[Worker0] Imported GUID: adf7bea9401c1834380d55601add6cfb - Path: Packages/com.unity.test-framework/UnityEditor.TestRunner/TestLaunchers/PlatformSetup/SwitchPlatformSetup.cs - Importer: ScriptedImporter/UnityEditor.QuickSearchModule:UnityEditor.Search:ASIAI0B -> (ImportResultId: 'b4c8822e285021297f64f0c785448ff0') in 0.001538 seconds
[Worker0] Imported GUID: 0d2e1e2a782748e6acb8565ad040df60 - Path: Packages/com.unity.test-framework/UnityEditor.TestRunner/TestRun/Data/TaskInfo.cs - Importer: ScriptedImporter/UnityEditor.QuickSearchModule:UnityEditor.Search:ASIAI0B -> (ImportResultId: '7a83fc3d34a4b62babba497dadbf0fc3') in 0.0013043 seconds
[Worker0] Imported GUID: 078a3968c1fd87047890f314894a20a1 - Path: Packages/com.unity.test-framework/UnityEditor.TestRunner/TestLaunchers/PlatformSetup/Switch2PlatformSetup.cs - Importer: ScriptedImporter/UnityEditor.QuickSearchModule:UnityEditor.Search:ASIAI0B -> (ImportResultId: '453303f78832101a2121594a2dd4537d') in 0.0023929 seconds
[Worker0] Imported GUID: 92de9780c7bec4f0f89c7c88a2ec15ed - Path: Packages/com.unity.test-framework/UnityEditor.TestRunner/TestRun/Tasks/FilterTestTreeTask.cs - Importer: ScriptedImporter/UnityEditor.QuickSearchModule:UnityEditor.Search:ASIAI0B -> (ImportResultId: '49469cc82826002d9178f5985c1b1914') in 0.0012537 seconds
[Worker0] Imported GUID: a0288e1c9324e824bab7e2044a72a434 - Path: Packages/com.unity.test-framework/UnityEditor.TestRunner/TestRun/Tasks/BuildTestTreeTask.cs - Importer: ScriptedImporter/UnityEditor.QuickSearchModule:UnityEditor.Search:ASIAI0B -> (ImportResultId: '12104ed686ad66656eaeb32fead329a0') in 0.0011328 seconds
[Worker0] Imported GUID: ce87c287371edde43a4b5fcfdee7b9ef - Path: Packages/com.unity.test-framework/UnityEditor.TestRunner/GUI/TestListTreeView/TestListTreeViewDataSource.cs - Importer: ScriptedImporter/UnityEditor.QuickSearchModule:UnityEditor.Search:ASIAI0B -> (ImportResultId: '5e9c74bf7890307ba44487897f7fd9cf') in 0.0013864 seconds
[Worker0] Imported GUID: b88caca58e05ee74486d86fb404c48e2 - Path: Packages/com.unity.test-framework/UnityEditor.TestRunner/NUnitExtension/Attributes/AssetPipelineIgnore.cs - Importer: ScriptedImporter/UnityEditor.QuickSearchModule:UnityEditor.Search:ASIAI0B -> (ImportResultId: '4ca49f6a72ef147cc671450bd8e193c6') in 0.0016622 seconds
[Worker0] Imported GUID: e17c88b021c2a4c409b3f15b0d80ac62 - Path: Packages/com.unity.test-framework/UnityEditor.TestRunner/GUI/TestListBuilder/TestTreeViewBuilder.cs - Importer: ScriptedImporter/UnityEditor.QuickSearchModule:UnityEditor.Search:ASIAI0B -> (ImportResultId: 'a74bfe014b12b4ac0819786df2dc66ba') in 0.0011668 seconds
[Worker0] Imported GUID: fb1abebffd37bd4458c84e15a5d7ab04 - Path: Packages/com.unity.test-framework/UnityEditor.TestRunner/TestRun/Tasks/PerformUndoTask.cs - Importer: ScriptedImporter/UnityEditor.QuickSearchModule:UnityEditor.Search:ASIAI0B -> (ImportResultId: '3821c3dc582ad7375d0b2ff5056ab791') in 0.0012562 seconds
[Worker0] Imported GUID: 3c4ccfb0896bcf44da13e152b267aa49 - Path: Packages/com.unity.test-framework/UnityEditor.TestRunner/TestLaunchers/Helpers/PrebuildSetupAttributeFinder.cs - Importer: ScriptedImporter/UnityEditor.QuickSearchModule:UnityEditor.Search:ASIAI0B -> (ImportResultId: 'f04489c8ecd443611e90ade2f6189bc2') in 0.0014755 seconds
[Worker0] Imported GUID: e7f72702c2f04b999739380ef9c0de5f - Path: Packages/com.unity.test-framework/UnityEditor.TestRunner/GUI/TestAssets/ITestScriptAssetsCreator.cs - Importer: ScriptedImporter/UnityEditor.QuickSearchModule:UnityEditor.Search:ASIAI0B -> (ImportResultId: 'ac080fedd5e29c67b61a88fdebd7effb') in 0.0010798 seconds
[Worker0] Imported GUID: 465c1d388f96ba143b216a9bbef88340 - Path: Packages/com.unity.test-framework/UnityEditor.TestRunner/TestLaunchers/PlatformSetup/GameCorePlatformSetup.cs - Importer: ScriptedImporter/UnityEditor.QuickSearchModule:UnityEditor.Search:ASIAI0B -> (ImportResultId: '02e292ac5fd49203ca0e2ecff92b2554') in 0.0010304 seconds
[Worker0] Imported GUID: 19bb2cdbf1454aae9b90c628fb83ad9b - Path: Packages/com.unity.test-framework/UnityEditor.TestRunner/TestRun/Data/RunProgress.cs - Importer: ScriptedImporter/UnityEditor.QuickSearchModule:UnityEditor.Search:ASIAI0B -> (ImportResultId: '60875dd5b7c8decc9d5595cb765fafd4') in 0.0008805 seconds
[Worker0] Imported GUID: f6c189a159d3bde4c964cee562e508ea - Path: Packages/com.unity.test-framework/UnityEditor.TestRunner/TestLaunchers/PlatformSetup/ApplePlatformSetup.cs - Importer: ScriptedImporter/UnityEditor.QuickSearchModule:UnityEditor.Search:ASIAI0B -> (ImportResultId: '9d9ed58203c57c99627ecfe3f5519bd8') in 0.0008016 seconds
[Worker0] Imported GUID: 667c6ad86a0b7a548aaa5c287f2c2861 - Path: Packages/com.unity.test-framework/UnityEditor.TestRunner/TestLaunchers/PlatformSetup/UwpPlatformSetup.cs - Importer: ScriptedImporter/UnityEditor.QuickSearchModule:UnityEditor.Search:ASIAI0B -> (ImportResultId: '75a0390432d50368ffe13936799a4ebe') in 0.0007705 seconds
[Worker0] Imported GUID: 6cccd50ebf7384242bda4d7bcb282ebf - Path: Packages/com.unity.test-framework/UnityEditor.TestRunner/TestLaunchers/PlatformSetup/PlatformSpecificSetup.cs - Importer: ScriptedImporter/UnityEditor.QuickSearchModule:UnityEditor.Search:ASIAI0B -> (ImportResultId: 'dbf17c32efbdb07bae05a9dd288d780b') in 0.0013364 seconds
[Worker0] Imported GUID: b4246555189b5ee43b4857220f9fd29b - Path: Packages/com.unity.test-framework/UnityEditor.TestRunner/TestRun/Tasks/EditModeRunTask.cs - Importer: ScriptedImporter/UnityEditor.QuickSearchModule:UnityEditor.Search:ASIAI0B -> (ImportResultId: 'dd1b99e67c184a97cc08dc7ea2711fac') in 0.0009274 seconds
[Worker0] Imported GUID: 3c702cb84a2a4576bf275a76bc17f8e8 - Path: Packages/com.unity.test-framework/UnityEditor.TestRunner/GUI/TestAssets/TestScriptAssetMenuItems.cs - Importer: ScriptedImporter/UnityEditor.QuickSearchModule:UnityEditor.Search:ASIAI0B -> (ImportResultId: '0920f1dc8c347ac6315df7717e97c103') in 0.0008755 seconds
[Worker0] Imported GUID: 5842bd968af34a328bb5a3f3c78db54a - Path: Packages/com.unity.test-framework/UnityEditor.TestRunner/TestRun/Tasks/ExitPlayModeTask.cs - Importer: ScriptedImporter/UnityEditor.QuickSearchModule:UnityEditor.Search:ASIAI0B -> (ImportResultId: '25876d4966f0a723c4fc479fa0b15538') in 0.0007952 seconds
[Worker0] Imported GUID: 822fa0a65be2467b95721422157c93f0 - Path: Packages/com.unity.test-framework/UnityEditor.TestRunner/TestRun/Tasks/CleanupTestControllerTask.cs - Importer: ScriptedImporter/UnityEditor.QuickSearchModule:UnityEditor.Search:ASIAI0B -> (ImportResultId: 'a475d4cca4afbecabc28ce3abb3a2439') in 0.0008609 seconds
[Worker0] Imported GUID: c2441d353f9c42a44af6e224e4901b52 - Path: Packages/com.unity.test-framework/UnityEditor.TestRunner/TestRun/Tasks/BuildActionTaskBase.cs - Importer: ScriptedImporter/UnityEditor.QuickSearchModule:UnityEditor.Search:ASIAI0B -> (ImportResultId: '65d7a9b42aac5691a68886952efc50fa') in 0.0007769 seconds
[Worker0] Imported GUID: 5d4de3d4682a8d641907cc75e4fb950e - Path: Packages/com.unity.test-framework/UnityEditor.TestRunner/TestLaunchers/Helpers/AttributeFinderBase.cs - Importer: ScriptedImporter/UnityEditor.QuickSearchModule:UnityEditor.Search:ASIAI0B -> (ImportResultId: '53b19f46183c334983e2dee06c3ecc9e') in 0.0007882 seconds
[Worker0] Imported GUID: 80ac8f5b2a7fa904dbc80111be88c8be - Path: Packages/com.unity.test-framework/UnityEditor.TestRunner/TestRun/Data/TestJobData.cs - Importer: ScriptedImporter/UnityEditor.QuickSearchModule:UnityEditor.Search:ASIAI0B -> (ImportResultId: 'fa5a6c59ab5a5e9e53d9bc849fad0cc7') in 0.0008819 seconds
[Worker0] Imported GUID: 83d2df796f82ab847a190a706f00d6eb - Path: Packages/com.unity.test-framework/UnityEditor.TestRunner/TestRun/Tasks/InitializeTestProgressTask.cs - Importer: ScriptedImporter/UnityEditor.QuickSearchModule:UnityEditor.Search:ASIAI0B -> (ImportResultId: '8ca175011d245e8efd72f394a11ed780') in 0.0009423 seconds
[Worker0] Imported GUID: e5f4a89476c1448abc7e0a9719b13b36 - Path: Packages/com.unity.test-framework/UnityEditor.TestRunner/GUI/TestAssets/IFolderPathTestCompilationContextProvider.cs - Importer: ScriptedImporter/UnityEditor.QuickSearchModule:UnityEditor.Search:ASIAI0B -> (ImportResultId: 'd46dbb2ecc20240c368a7b6f0ad89539') in 0.0017884 seconds
[Worker0] Imported GUID: 4400cdda235b4ea48b9078953ffc8e89 - Path: Packages/com.unity.test-framework/UnityEditor.TestRunner/TestRun/Tasks/CreateBootstrapSceneTask.cs - Importer: ScriptedImporter/UnityEditor.QuickSearchModule:UnityEditor.Search:ASIAI0B -> (ImportResultId: 'bef01d74c8bcf415928b605101a50545') in 0.0010985 seconds
[Worker0] Imported GUID: 13b82b28a28254683a40756c27493b61 - Path: Packages/com.unity.test-framework/UnityEditor.TestRunner/TestLaunchers/Helpers/PostbuildCleanupWithJobDataAttributeFinder.cs - Importer: ScriptedImporter/UnityEditor.QuickSearchModule:UnityEditor.Search:ASIAI0B -> (ImportResultId: '30eb256df2bb180eb8305db6348d8ada') in 0.0008595 seconds
[Worker0] Imported GUID: 1a9f3fcee3bd2334593373b00d7b5ca2 - Path: Packages/com.unity.test-framework/UnityEditor.TestRunner/TestRun/Tasks/EnableTestOutLoggerTask.cs - Importer: ScriptedImporter/UnityEditor.QuickSearchModule:UnityEditor.Search:ASIAI0B -> (ImportResultId: '11accb168a0ae75e925818655dec7c3c') in 0.0008003 seconds
[Worker0] Imported GUID: fa19b42bd3dc35e40a618448bd330270 - Path: Packages/com.unity.test-framework/UnityEditor.TestRunner/TestLaunchers/PlatformSetup/StadiaPlatformSetup.cs - Importer: ScriptedImporter/UnityEditor.QuickSearchModule:UnityEditor.Search:ASIAI0B -> (ImportResultId: '465adf0a4cec15aaab3a572136eecee4') in 0.0010707 seconds
[Worker0] Imported GUID: 2a0bd678385f98e4d8eabdfc07d62b4f - Path: Packages/com.unity.test-framework/UnityEditor.TestRunner/TestLaunchers/Helpers/PlayerLauncherBuildOptions.cs - Importer: ScriptedImporter/UnityEditor.QuickSearchModule:UnityEditor.Search:ASIAI0B -> (ImportResultId: '1303ebb60c9c9fe029419644ccf1f39a') in 0.000854 seconds
[Worker0] Imported GUID: 409ee14a63784dc0ab5d002081211814 - Path: Packages/com.unity.test-framework/UnityEditor.TestRunner/GUI/TestAssets/IActiveFolderTemplateAssetCreator.cs - Importer: ScriptedImporter/UnityEditor.QuickSearchModule:UnityEditor.Search:ASIAI0B -> (ImportResultId: '4a4e747e1def50c58a81f0e406208d13') in 0.0008362 seconds
[Worker0] Imported GUID: ce567ddbf30368344bc7b80e20cac36e - Path: Packages/com.unity.test-framework/UnityEditor.TestRunner/GUI/TestListTreeView/TestTreeViewItem.cs - Importer: ScriptedImporter/UnityEditor.QuickSearchModule:UnityEditor.Search:ASIAI0B -> (ImportResultId: 'd8afa6a51da81fd4b3d76dd50c140d03') in 0.0007869 seconds
[Worker0] Imported GUID: 27769e9b00b038d47aefe306a4d20bec - Path: Packages/com.unity.test-framework/UnityEditor.TestRunner/GUI/TestListTreeView/Icons.cs - Importer: ScriptedImporter/UnityEditor.QuickSearchModule:UnityEditor.Search:ASIAI0B -> (ImportResultId: '9e4726f03730171dca66f60600c81708') in 0.0009518 seconds
[Worker0] Imported GUID: 9d614808f9add8a4f8e4860db2c7af0d - Path: Packages/com.unity.test-framework/UnityEditor.TestRunner/TestLaunchers/PlatformSetup/IPlatformSetup.cs - Importer: ScriptedImporter/UnityEditor.QuickSearchModule:UnityEditor.Search:ASIAI0B -> (ImportResultId: 'a656eccf7e18faad51d8bb1df54d4a1e') in 0.0008359 seconds
[Worker0] Imported GUID: 6465fa5b49fc4c739059189aca21f391 - Path: Packages/com.unity.test-framework/UnityEditor.TestRunner/TestRun/Tasks/DeleteBootstrapSceneTask.cs - Importer: ScriptedImporter/UnityEditor.QuickSearchModule:UnityEditor.Search:ASIAI0B -> (ImportResultId: 'a23b7a35c393287aebc909df24f65f90') in 0.0008097 seconds
[Worker0] Imported GUID: 93eb6389f4fb6924987867ce0bc339ee - Path: Packages/com.unity.test-framework/UnityEditor.TestRunner/TestRun/Tasks/CleanupVerificationTask.cs - Importer: ScriptedImporter/UnityEditor.QuickSearchModule:UnityEditor.Search:ASIAI0B -> (ImportResultId: 'a5f6a10d30cddfb7b0239f69f06aecdc') in 0.0008216 seconds
[Worker0] Imported GUID: b93fe5bbea454ae438fcec241c5fa85b - Path: Packages/com.unity.test-framework/UnityEditor.TestRunner/TestRun/Tasks/LegacyPlayerRunTask.cs - Importer: ScriptedImporter/UnityEditor.QuickSearchModule:UnityEditor.Search:ASIAI0B -> (ImportResultId: '52507cf923aa47cb90f466dbe4e97c71') in 0.0009674 seconds
[Worker0] Imported GUID: 4769fe1e7475c8843b092338acbcad25 - Path: Packages/com.unity.test-framework/UnityEditor.TestRunner/TestRun/Tasks/PlayModeRunTask.cs - Importer: ScriptedImporter/UnityEditor.QuickSearchModule:UnityEditor.Search:ASIAI0B -> (ImportResultId: 'd1f64a3bc0719fdb5715b41a823efb89') in 0.0008019 seconds
[Worker0] Imported GUID: aa0bb8f0cb98b43a586f75ce4b79c576 - Path: Packages/com.unity.test-framework/UnityEditor.TestRunner/TestRun/Tasks/PostbuildCleanupWithTestDataTask.cs - Importer: ScriptedImporter/UnityEditor.QuickSearchModule:UnityEditor.Search:ASIAI0B -> (ImportResultId: 'b48456d8c4c13de7c3a92339d2d5fa1c') in 0.0008896 seconds
[Worker0] Imported GUID: 759855a435cd4b22ade51836cc8b00d6 - Path: Packages/com.unity.test-framework/UnityEditor.TestRunner/TestLaunchers/Helpers/FilePathMetaInfo.cs - Importer: ScriptedImporter/UnityEditor.QuickSearchModule:UnityEditor.Search:ASIAI0B -> (ImportResultId: '29add1243ce2dfa0043decb87648b887') in 0.0015242 seconds
[Worker0] Imported GUID: 23383565f01f46dfa583710e5108e443 - Path: Packages/com.unity.test-framework/UnityEditor.TestRunner/TestRun/Tasks/MarkRunAsPlayModeTask.cs - Importer: ScriptedImporter/UnityEditor.QuickSearchModule:UnityEditor.Search:ASIAI0B -> (ImportResultId: '11505c3061c239703425afc6c602f80f') in 0.0012094 seconds
[Worker0] Imported GUID: 3936a208997f4266b0b2d48aaca1e904 - Path: Packages/com.unity.test-framework/UnityEditor.TestRunner/UnityTestProtocol/Messages/ScreenSettingsMessage.cs - Importer: ScriptedImporter/UnityEditor.QuickSearchModule:UnityEditor.Search:ASIAI0B -> (ImportResultId: '72c19d635bc1670e96732ddfb2d5e7dd') in 0.0013483 seconds
[Worker0] Imported GUID: 2a616b371596515498e05300b6598c6a - Path: Packages/com.unity.test-framework/UnityEngine.TestRunner/NUnitExtensions/Attributes/UnityOneTimeTearDownAttribute.cs - Importer: ScriptedImporter/UnityEditor.QuickSearchModule:UnityEditor.Search:ASIAI0B -> (ImportResultId: '3e836bc92de1af7fe8199c4fc1c1f237') in 0.0009495 seconds
[Worker0] Imported GUID: 750aad009559b814dbc27001341fc1c3 - Path: Packages/com.unity.test-framework/UnityEngine.TestRunner/NUnitExtensions/Attributes/TestEnumerator.cs - Importer: ScriptedImporter/UnityEditor.QuickSearchModule:UnityEditor.Search:ASIAI0B -> (ImportResultId: 'eedfcb665a4b1e8f2d38dcc4a988eab8') in 0.0008506 seconds
[Worker0] Imported GUID: cc0ce06a7515c044bb8db4c75db84114 - Path: Packages/com.unity.test-framework/UnityEditor.TestRunner/TestRun/Tasks/SaveUndoIndexTask.cs - Importer: ScriptedImporter/UnityEditor.QuickSearchModule:UnityEditor.Search:ASIAI0B -> (ImportResultId: '878d317caec041ee031e382752fa7fab') in 0.0008256 seconds
[Worker0] Imported GUID: c82a8473f4a8f7b42a004c91e06d2f2b - Path: Packages/com.unity.test-framework/UnityEngine.TestRunner/NUnitExtensions/Attributes/ConditionalIgnoreAttribute.cs - Importer: ScriptedImporter/UnityEditor.QuickSearchModule:UnityEditor.Search:ASIAI0B -> (ImportResultId: '39f371e3485747ba46da012a7880583c') in 0.000917 seconds
[Worker0] Imported GUID: 528c8790cf844716aead80624be893aa - Path: Packages/com.unity.test-framework/UnityEngine.TestRunner/NUnitExtensions/Attributes/PreservedValuesAttribute.cs - Importer: ScriptedImporter/UnityEditor.QuickSearchModule:UnityEditor.Search:ASIAI0B -> (ImportResultId: 'f3357f3c8202f72c6a80fd5293e99c44') in 0.0017763 seconds
[Worker0] Imported GUID: 3710fe6aef52449b9c9bbf0b17ae6960 - Path: Packages/com.unity.test-framework/UnityEditor.TestRunner/TestRun/Tasks/SetInteractionModeTask.cs - Importer: ScriptedImporter/UnityEditor.QuickSearchModule:UnityEditor.Search:ASIAI0B -> (ImportResultId: 'c787e16cfe42f86b55cabf06027de19c') in 0.000897 seconds
[Worker0] Imported GUID: 423fe2ef878fa1140a7e1f7f9e365815 - Path: Packages/com.unity.test-framework/UnityEditor.TestRunner/UnityTestProtocol/Messages/TestFinishedMessage.cs - Importer: ScriptedImporter/UnityEditor.QuickSearchModule:UnityEditor.Search:ASIAI0B -> (ImportResultId: 'e0d9cc2c4057f07e456c639d921e50c3') in 0.0008498 seconds
[Worker0] Imported GUID: 9f33b8e923ff41deaa73bc2c1f90d9a1 - Path: Packages/com.unity.test-framework/UnityEditor.TestRunner/UnityTestProtocol/Messages/PlayerSystemInfoMessage.cs - Importer: ScriptedImporter/UnityEditor.QuickSearchModule:UnityEditor.Search:ASIAI0B -> (ImportResultId: 'e236af0a45c56f7b406b62d685b008b7') in 0.0011465 seconds
[Worker0] Imported GUID: 28c8fcb831e6e734a9f564bc4f495eba - Path: Packages/com.unity.test-framework/UnityEditor.TestRunner/TestRunner/Utils/IEditorCompilationInterfaceProxy.cs - Importer: ScriptedImporter/UnityEditor.QuickSearchModule:UnityEditor.Search:ASIAI0B -> (ImportResultId: '05142fdc3ac271f22ae16e3c662ff67d') in 0.0009 seconds
[Worker0] Imported GUID: bd3e81baa10021f4d877fa36382bab16 - Path: Packages/com.unity.test-framework/UnityEditor.TestRunner/UnityTestProtocol/Messages/TestStartedMessage.cs - Importer: ScriptedImporter/UnityEditor.QuickSearchModule:UnityEditor.Search:ASIAI0B -> (ImportResultId: '53d7447689699031eb5ce43a64d87441') in 0.0008011 seconds
[Worker0] Imported GUID: cc6401f13df54ba44bfd7cdc93c7d64d - Path: Packages/com.unity.test-framework/UnityEngine.TestRunner/NUnitExtensions/Attributes/UnitySetUpAttribute.cs - Importer: ScriptedImporter/UnityEditor.QuickSearchModule:UnityEditor.Search:ASIAI0B -> (ImportResultId: '0188b779294cd8bbc4d48e4a311648e2') in 0.0007699 seconds
[Worker0] Imported GUID: b1694e597ba745169b292914291c136b - Path: Packages/com.unity.test-framework/UnityEditor.TestRunner/TestRun/Tasks/PreparePlayModeRunTask.cs - Importer: ScriptedImporter/UnityEditor.QuickSearchModule:UnityEditor.Search:ASIAI0B -> (ImportResultId: '1d072264f80a7f993859f89eba1a3007') in 0.0009074 seconds
[Worker0] Imported GUID: ff0aad009559b814ffc27001341fc1c3 - Path: Packages/com.unity.test-framework/UnityEngine.TestRunner/NUnitExtensions/Attributes/EnumeratorHelper.cs - Importer: ScriptedImporter/UnityEditor.QuickSearchModule:UnityEditor.Search:ASIAI0B -> (ImportResultId: '20a0b2e04e98d351f0fcfe8b3afbde60') in 0.0008369 seconds
[Worker0] Imported GUID: aa5e75ed0aae4030a1720d08f7a5322e - Path: Packages/com.unity.test-framework/UnityEditor.TestRunner/UnityTestProtocol/Messages/PlayerSettingsMessage.cs - Importer: ScriptedImporter/UnityEditor.QuickSearchModule:UnityEditor.Search:ASIAI0B -> (ImportResultId: '7b8833e10edd96b9434649676d9f2ae1') in 0.0010018 seconds
[Worker0] Imported GUID: 9945ffed4692c6044b6d3acf81efd694 - Path: Packages/com.unity.test-framework/UnityEngine.TestRunner/Assertions/LogScope/LogMatch.cs - Importer: ScriptedImporter/UnityEditor.QuickSearchModule:UnityEditor.Search:ASIAI0B -> (ImportResultId: 'f865d9d6e447b148f000fe813e604c8d') in 0.0012521 seconds
[Worker0] Imported GUID: 98808b11e78f6c84a841a6b4bc5a29d2 - Path: Packages/com.unity.test-framework/UnityEditor.TestRunner/TestRunner/Utils/IEditorAssembliesProxy.cs - Importer: ScriptedImporter/UnityEditor.QuickSearchModule:UnityEditor.Search:ASIAI0B -> (ImportResultId: 'b6f10beb43bcaacb3ac1fd5941377ebb') in 0.0009784 seconds
[Worker0] Imported GUID: a398fde47a0349a40a9bdf8988c392c9 - Path: Packages/com.unity.test-framework/UnityEditor.TestRunner/TestRun/Tasks/RegisterFilesForCleanupVerificationTask.cs - Importer: ScriptedImporter/UnityEditor.QuickSearchModule:UnityEditor.Search:ASIAI0B -> (ImportResultId: 'bd13f6b58a95c5b0fd87dc6be7bc61ee') in 0.0009023 seconds
[Worker0] Imported GUID: 4bbc17b35884fdf468e4b52ae4222882 - Path: Packages/com.unity.test-framework/UnityEngine.TestRunner/Assertions/LogScope/LogScope.cs - Importer: ScriptedImporter/UnityEditor.QuickSearchModule:UnityEditor.Search:ASIAI0B -> (ImportResultId: '782d9650744b2bd827e9426432eda152') in 0.0009813 seconds
[Worker0] Imported GUID: 5db0e0c612cd489a89d330acbc4ac585 - Path: Packages/com.unity.test-framework/UnityEditor.TestRunner/TestRun/Tasks/ResetInteractionModeTask.cs - Importer: ScriptedImporter/UnityEditor.QuickSearchModule:UnityEditor.Search:ASIAI0B -> (ImportResultId: 'efed38b32b966a01b2e881e83eabc7c7') in 0.0012661 seconds
[Worker0] Imported GUID: 82075836be5e0c64bbe84e1f9436682e - Path: Packages/com.unity.test-framework/UnityEditor.TestRunner/TestRunner/Callbacks/WindowResultUpdaterDataHolder.cs - Importer: ScriptedImporter/UnityEditor.QuickSearchModule:UnityEditor.Search:ASIAI0B -> (ImportResultId: '1c483f979f9e4907d8dd0f985e68b7c4') in 0.0012543 seconds
[Worker0] Imported GUID: 25d1ed297163243c4a20d6321d057844 - Path: Packages/com.unity.test-framework/UnityEditor.TestRunner/TestRun/Tasks/PrebuildSetupWithTestDataTask.cs - Importer: ScriptedImporter/UnityEditor.QuickSearchModule:UnityEditor.Search:ASIAI0B -> (ImportResultId: '6f0a36e6e97740c2cc9a693c4a448ca2') in 0.0011979 seconds
[Worker0] Imported GUID: 3504aa04cda851b44a65973f9aead6f7 - Path: Packages/com.unity.test-framework/UnityEngine.TestRunner/Assertions/LogScope/ILogScope.cs - Importer: ScriptedImporter/UnityEditor.QuickSearchModule:UnityEditor.Search:ASIAI0B -> (ImportResultId: '3dee6c8b2217fcf7f41abf86dcf32ea0') in 0.0010257 seconds
[Worker0] Imported GUID: 9729063e08c4a4e438070c8319aff5f5 - Path: Packages/com.unity.test-framework/UnityEditor.TestRunner/TestRun/Tasks/UnlockReloadAssembliesTask.cs - Importer: ScriptedImporter/UnityEditor.QuickSearchModule:UnityEditor.Search:ASIAI0B -> (ImportResultId: 'c869f1fce0e3bc2247b560ccffbe1103') in 0.0012054 seconds
[Worker0] Imported GUID: f1b6399349763114d9361bc6dfcd025b - Path: Packages/com.unity.test-framework/UnityEditor.TestRunner/TestRunner/Utils/TestListCacheData.cs - Importer: ScriptedImporter/UnityEditor.QuickSearchModule:UnityEditor.Search:ASIAI0B -> (ImportResultId: '2cc66fa69c2af453848e4775bc4b6fc0') in 0.0011481 seconds
[Worker0] Imported GUID: 3b3dcba2081245eb916aee8fd3459fc8 - Path: Packages/com.unity.test-framework/UnityEditor.TestRunner/UnityTestProtocol/Messages/BuildSettingsMessage.cs - Importer: ScriptedImporter/UnityEditor.QuickSearchModule:UnityEditor.Search:ASIAI0B -> (ImportResultId: '737f5c4c0502f42cf2129556eb1496a0') in 0.0014692 seconds
[Worker0] Imported GUID: e9c53c5109a7498ca4408e53f2593b1a - Path: Packages/com.unity.test-framework/UnityEngine.TestRunner/NUnitExtensions/Attributes/ParametrizedIgnoreAttribute.cs - Importer: ScriptedImporter/UnityEditor.QuickSearchModule:UnityEditor.Search:ASIAI0B -> (ImportResultId: '50c398ebb2279bc8bdd826806209883f') in 0.0013455 seconds
[Worker0] Imported GUID: 7af6ac3e6b51b8d4aab04adc85b8de2f - Path: Packages/com.unity.test-framework/UnityEngine.TestRunner/NUnitExtensions/Attributes/UnityCombinatorialStrategy.cs - Importer: ScriptedImporter/UnityEditor.QuickSearchModule:UnityEditor.Search:ASIAI0B -> (ImportResultId: 'a5ab870169768eff1260a82271bf05ef') in 0.0020029 seconds
[Worker0] Imported GUID: 7b9e2c4a8f1d6b3e5a0c8d2f4e6b1a9c - Path: Packages/com.unity.test-framework/UnityEngine.TestRunner/NUnitExtensions/Attributes/PlayModeTestsAttribute.cs - Importer: ScriptedImporter/UnityEditor.QuickSearchModule:UnityEditor.Search:ASIAI0B -> (ImportResultId: 'dfa8b902a35345023df2b9f586bc044f') in 0.0009302 seconds
[Worker0] Imported GUID: 6d468ee3657be7a43a2ef2178ec14239 - Path: Packages/com.unity.test-framework/UnityEditor.TestRunner/TestRunner/Callbacks/WindowResultUpdater.cs - Importer: ScriptedImporter/UnityEditor.QuickSearchModule:UnityEditor.Search:ASIAI0B -> (ImportResultId: '31e49c675b6aa33cfe0f1c093afc0170') in 0.0009956 seconds
[Worker0] Imported GUID: 408674d91d506a54aac9a7f07951c018 - Path: Packages/com.unity.test-framework/UnityEditor.TestRunner/TestRunner/Messages/ExitPlayMode.cs - Importer: ScriptedImporter/UnityEditor.QuickSearchModule:UnityEditor.Search:ASIAI0B -> (ImportResultId: '66d4757685a18700ec23f0b8eda04a51') in 0.0010358 seconds
[Worker0] Imported GUID: fc039194235714f48a39bd364885e744 - Path: Packages/com.unity.test-framework/UnityEditor.TestRunner/TestRun/Tasks/PrebuildSetupTask.cs - Importer: ScriptedImporter/UnityEditor.QuickSearchModule:UnityEditor.Search:ASIAI0B -> (ImportResultId: 'ce40d639079844508f8aad1cc6227ebb') in 0.0009596 seconds
[Licensing::Client] Successfully resolved entitlement details
[Worker0] Imported GUID: c9b23632c77de204abfe8bf7168d48c0 - Path: Packages/com.unity.test-framework/UnityEditor.TestRunner/TestRunner/Utils/EditorCompilationInterfaceProxy.cs - Importer: ScriptedImporter/UnityEditor.QuickSearchModule:UnityEditor.Search:ASIAI0B -> (ImportResultId: '04aa2ad04049e87c36859661a774c51f') in 0.000981 seconds
[Worker0] Imported GUID: 5df3c21c5237c994db89660fbdfee07d - Path: Packages/com.unity.test-framework/UnityEditor.TestRunner/TestRunner/Messages/WaitForDomainReload.cs - Importer: ScriptedImporter/UnityEditor.QuickSearchModule:UnityEditor.Search:ASIAI0B -> (ImportResultId: '40416760f2f91db8362186d37d8a0eaa') in 0.0009486 seconds
[Worker0] Imported GUID: d685d97a1eb004f49afea0cc982ff728 - Path: Packages/com.unity.test-framework/UnityEditor.TestRunner/TestRunner/Utils/TestListCache.cs - Importer: ScriptedImporter/UnityEditor.QuickSearchModule:UnityEditor.Search:ASIAI0B -> (ImportResultId: '767a206266b2501932481698dc3f02cf') in 0.0008875 seconds
[Worker0] Imported GUID: 02ef7627f46742ae83071af8bf22f1af - Path: Packages/com.unity.test-framework/UnityEditor.TestRunner/UnityTestProtocol/Messages/EditorVersionMessage.cs - Importer: ScriptedImporter/UnityEditor.QuickSearchModule:UnityEditor.Search:ASIAI0B -> (ImportResultId: '487c256a501e5d00d061112e790a1e6a') in 0.0007846 seconds
[Worker0] Imported GUID: dec9066d4afefe444be0dad3f137730d - Path: Packages/com.unity.test-framework/UnityEditor.TestRunner/TestRunner/Utils/TestListJob.cs - Importer: ScriptedImporter/UnityEditor.QuickSearchModule:UnityEditor.Search:ASIAI0B -> (ImportResultId: '473ccb456f1c74027adeca107f46a1e2') in 0.0016129 seconds
[Worker0] Imported GUID: 002201b186864f54ba07f1b2d7841fc7 - Path: Packages/com.unity.test-framework/UnityEngine.TestRunner/NUnitExtensions/Attributes/UnityCoreClrExplicitDisabledAttribute.cs - Importer: ScriptedImporter/UnityEditor.QuickSearchModule:UnityEditor.Search:ASIAI0B -> (ImportResultId: '6da9aad1fe1b392a0a17881879f077c1') in 0.0012855 seconds
[Worker0] Imported GUID: d52ad1cdc75642419ac24e88b43a3821 - Path: Packages/com.unity.test-framework/UnityEditor.TestRunner/UnityTestProtocol/Data/PlayerSettings.cs - Importer: ScriptedImporter/UnityEditor.QuickSearchModule:UnityEditor.Search:ASIAI0B -> (ImportResultId: '0b506b2538aa3ea1976ae0b89b2ca6b2') in 0.0010867 seconds
[Worker0] Imported GUID: 3803f736886e77842995ddbc3531afaa - Path: Packages/com.unity.test-framework/UnityEngine.TestRunner/NUnitExtensions/Attributes/TestMustExpectAllLogsAttribute.cs - Importer: ScriptedImporter/UnityEditor.QuickSearchModule:UnityEditor.Search:ASIAI0B -> (ImportResultId: 'e132043f9cee4e0fb5d0655dfad4ee99') in 0.0014328 seconds
[Worker0] Imported GUID: 01aa6c4633a44c2ca43e69d35747cb80 - Path: Packages/com.unity.test-framework/UnityEditor.TestRunner/TestRun/Tasks/SetupConstructDelegatorTask.cs - Importer: ScriptedImporter/UnityEditor.QuickSearchModule:UnityEditor.Search:ASIAI0B -> (ImportResultId: '19003c842a515b4f775c2b9db09078fc') in 0.0010761 seconds
[Worker0] Imported GUID: f15cbb987069826429540d0ea0937442 - Path: Packages/com.unity.test-framework/UnityEditor.TestRunner/TestRunner/Utils/TestListProvider.cs - Importer: ScriptedImporter/UnityEditor.QuickSearchModule:UnityEditor.Search:ASIAI0B -> (ImportResultId: 'dc4700a0d2e0731065d5ca3d21ba3cd0') in 0.0008228 seconds
[Worker0] Imported GUID: 0f691f67e4ca49a386e31761b0ff8238 - Path: Packages/com.unity.test-framework/UnityEditor.TestRunner/TestRun/Tasks/RestoreProjectSettingsTask.cs - Importer: ScriptedImporter/UnityEditor.QuickSearchModule:UnityEditor.Search:ASIAI0B -> (ImportResultId: '115bdd067868a2abb5de8678d485e363') in 0.0036266 seconds
[Worker0] Imported GUID: f96d0ea807c081145a1170ed1b6d71e0 - Path: Packages/com.unity.test-framework/UnityEditor.TestRunner/TestRunner/Utils/EditorAssembliesProxy.cs - Importer: ScriptedImporter/UnityEditor.QuickSearchModule:UnityEditor.Search:ASIAI0B -> (ImportResultId: '18e2198d3914e75efc5408859ff2a1a1') in 0.0019493 seconds
[Worker0] Imported GUID: 321dc2c0720f8dd4f9396ecdc12b8746 - Path: Packages/com.unity.test-framework/UnityEditor.TestRunner/UnityTestProtocol/Messages/Message.cs - Importer: ScriptedImporter/UnityEditor.QuickSearchModule:UnityEditor.Search:ASIAI0B -> (ImportResultId: '9658b2754f2b78ca31c2a584385e05f1') in 0.0012052 seconds
[Worker0] Imported GUID: efce3ac61ba34d3590656de761a677e3 - Path: Packages/com.unity.test-framework/UnityEditor.TestRunner/UnityTestProtocol/Data/QualitySettings.cs - Importer: ScriptedImporter/UnityEditor.QuickSearchModule:UnityEditor.Search:ASIAI0B -> (ImportResultId: '22df54daa7efbb2cafcb691b2269ea9b') in 0.0014296 seconds
[Worker0] Imported GUID: 033c884ba52437d49bc55935939ef1c6 - Path: Packages/com.unity.test-framework/UnityEditor.TestRunner/TestRunner/Utils/EditorLoadedTestAssemblyProvider.cs - Importer: ScriptedImporter/UnityEditor.QuickSearchModule:UnityEditor.Search:ASIAI0B -> (ImportResultId: '13928254e01258d1b7082e531f876907') in 0.0020546 seconds
[Worker0] Imported GUID: 64689f8b25eadac4da519e96f514b653 - Path: Packages/com.unity.test-framework/UnityEditor.TestRunner/TestRunner/Utils/ITestListProvider.cs - Importer: ScriptedImporter/UnityEditor.QuickSearchModule:UnityEditor.Search:ASIAI0B -> (ImportResultId: '1cf1bd8e633946164b5b187eb5a5609a') in 0.0011546 seconds
[Worker0] Imported GUID: 7ee0c4baf94a41009b0f9292988a2000 - Path: Packages/com.unity.test-framework/UnityEditor.TestRunner/UnityTestProtocol/Data/PlayerSystemInfo.cs - Importer: ScriptedImporter/UnityEditor.QuickSearchModule:UnityEditor.Search:ASIAI0B -> (ImportResultId: 'f9226b4599495ff506f3d4479edc0a21') in 0.0009337 seconds
[Worker0] Imported GUID: 64f0c7c73db2d32469a5208a3cff96de - Path: Packages/com.unity.test-framework/UnityEngine.TestRunner/NUnitExtensions/Attributes/UnityOneTimeSetUpAttribute.cs - Importer: ScriptedImporter/UnityEditor.QuickSearchModule:UnityEditor.Search:ASIAI0B -> (ImportResultId: 'b9574efabd1f5744f2dfb3bfb8656969') in 0.001627 seconds
[Worker0] Imported GUID: 26f3e7301af463c4ca72fa98d59b429e - Path: Packages/com.unity.test-framework/UnityEditor.TestRunner/TestRunner/Utils/CachingTestListProvider.cs - Importer: ScriptedImporter/UnityEditor.QuickSearchModule:UnityEditor.Search:ASIAI0B -> (ImportResultId: '45a3500c7a5357dd8b133d2162ae0eae') in 0.0016418 seconds
[Worker0] Imported GUID: 9bd5a110ed89025499ddee8c7e73778e - Path: Packages/com.unity.test-framework/UnityEditor.TestRunner/TestRunner/Messages/EnterPlayMode.cs - Importer: ScriptedImporter/UnityEditor.QuickSearchModule:UnityEditor.Search:ASIAI0B -> (ImportResultId: 'e9e65201902384a1573ffb0e639d42d5') in 0.0010685 seconds
[Worker0] Imported GUID: 58a43a62ecbe444d963930822e17d4cd - Path: Packages/com.unity.test-framework/UnityEditor.TestRunner/UnityTestProtocol/Data/ScreenSettings.cs - Importer: ScriptedImporter/UnityEditor.QuickSearchModule:UnityEditor.Search:ASIAI0B -> (ImportResultId: '09841f9e788b17d0cbc9581e5f1f702e') in 0.001074 seconds
[Worker0] Imported GUID: 7043e9a330ac2d84a80a965ada4589ad - Path: Packages/com.unity.test-framework/UnityEditor.TestRunner/TestRunner/Utils/ITestListCacheData.cs - Importer: ScriptedImporter/UnityEditor.QuickSearchModule:UnityEditor.Search:ASIAI0B -> (ImportResultId: 'a26fdb63c431d63caaa202a0cebf85a5') in 0.0011784 seconds
[Worker0] Imported GUID: 6cf74526594248e88be90b91eb2dbe1c - Path: Packages/com.unity.test-framework/UnityEditor.TestRunner/UnityTestProtocol/Messages/QualitySettingsMessage.cs - Importer: ScriptedImporter/UnityEditor.QuickSearchModule:UnityEditor.Search:ASIAI0B -> (ImportResultId: 'f2d63d776f8be6bad1b200234c8cb2df') in 0.0009058 seconds
[Worker0] Imported GUID: f699428dfee64165b017dced94d8ca70 - Path: Packages/com.unity.test-framework/UnityEditor.TestRunner/UnityTestProtocol/Data/BuildSettings.cs - Importer: ScriptedImporter/UnityEditor.QuickSearchModule:UnityEditor.Search:ASIAI0B -> (ImportResultId: 'db3e0c89867e0501f94df449b6b9b33f') in 0.0011374 seconds
[Worker0] Imported GUID: 0c56471f08a0f6846afc792f0b4205b9 - Path: Packages/com.unity.test-framework/UnityEngine.TestRunner/Assertions/LogScope/LogEvent.cs - Importer: ScriptedImporter/UnityEditor.QuickSearchModule:UnityEditor.Search:ASIAI0B -> (ImportResultId: '635403301f7ddfa36ad0db4f08176020') in 0.0008995 seconds
[Worker0] Imported GUID: a704c010bcdb1ec4a9f3417b3c393164 - Path: Packages/com.unity.test-framework/UnityEditor.TestRunner/TestRunner/Utils/ITestListCache.cs - Importer: ScriptedImporter/UnityEditor.QuickSearchModule:UnityEditor.Search:ASIAI0B -> (ImportResultId: 'a6af1557fa51c2d64c7e0ea58aa57890') in 0.000791 seconds
[Worker0] Imported GUID: 28f79a0d7e64c2345bc46f8c4cf788f8 - Path: Packages/com.unity.test-framework/UnityEditor.TestRunner/UnityTestProtocol/Messages/TestPlanMessage.cs - Importer: ScriptedImporter/UnityEditor.QuickSearchModule:UnityEditor.Search:ASIAI0B -> (ImportResultId: '8b4fb1c6c4cdee20cb2ccc314ac45969') in 0.0008642 seconds
[Worker0] Imported GUID: 936b6288befc460409cfdff3ac92fc95 - Path: Packages/com.unity.test-framework/UnityEditor.TestRunner/TestRunner/Utils/IEditorLoadedTestAssemblyProvider.cs - Importer: ScriptedImporter/UnityEditor.QuickSearchModule:UnityEditor.Search:ASIAI0B -> (ImportResultId: '03961a1ca58a22787487ece8009771cd') in 0.001034 seconds
[Worker0] Imported GUID: 9202fbba95ea8294cb5e718f028f21b0 - Path: Packages/com.unity.test-framework/UnityEditor.TestRunner/TestRunner/Messages/RecompileScripts.cs - Importer: ScriptedImporter/UnityEditor.QuickSearchModule:UnityEditor.Search:ASIAI0B -> (ImportResultId: '98f7556a7a8d8d8cb678d0b44f7e2b01') in 0.0009058 seconds
[Worker0] Imported GUID: 20cdb37e6fea6d946bbb84d2c923db85 - Path: Packages/com.unity.test-framework/UnityEditor.TestRunner/TestRunner/Utils/EditorAssemblyWrapper.cs - Importer: ScriptedImporter/UnityEditor.QuickSearchModule:UnityEditor.Search:ASIAI0B -> (ImportResultId: '6089ffdd9dd0cd5cf0818a7a8a0fdc47') in 0.0008546 seconds
[Worker0] Imported GUID: 342d9ef4da0a19b49877f576c2deec14 - Path: Packages/com.unity.test-framework/UnityEditor.TestRunner/TestRun/Tasks/TestTaskBase.cs - Importer: ScriptedImporter/UnityEditor.QuickSearchModule:UnityEditor.Search:ASIAI0B -> (ImportResultId: '2d5806d5614528838b1212ef0ff1b066') in 0.0011215 seconds
[Worker0] Imported GUID: 5440c1153b397e14c9c7b1d6eb83b9f9 - Path: Packages/com.unity.test-framework/UnityEngine.TestRunner/NUnitExtensions/Attributes/UnityPlatformAttribute.cs - Importer: ScriptedImporter/UnityEditor.QuickSearchModule:UnityEditor.Search:ASIAI0B -> (ImportResultId: 'f05fd34ddaca13e41b906af07a6ad65c') in 0.0020192 seconds
[Worker0] Imported GUID: 5c15bf0966eb95847a4260d830a30d30 - Path: Packages/com.unity.test-framework/UnityEngine.TestRunner/NUnitExtensions/Runner/WorkItemFactory.cs - Importer: ScriptedImporter/UnityEditor.QuickSearchModule:UnityEditor.Search:ASIAI0B -> (ImportResultId: '7f8248746cc241a55c94819b1d83e21f') in 0.0013261 seconds
[Worker0] Imported GUID: d2ca9278c9dd49df877d622d0f657ecf - Path: Packages/com.unity.test-framework/UnityEngine.TestRunner/NUnitExtensions/Commands/UnityTestMethodCommand.cs - Importer: ScriptedImporter/UnityEditor.QuickSearchModule:UnityEditor.Search:ASIAI0B -> (ImportResultId: 'ac4f09a9a758a93995ddd99a0b30e7e0') in 0.0009531 seconds
[Worker0] Imported GUID: f180b12c4cff494c91056caa03f9c109 - Path: Packages/com.unity.test-framework/UnityEngine.TestRunner/NUnitExtensions/Commands/RetryCommand.cs - Importer: ScriptedImporter/UnityEditor.QuickSearchModule:UnityEditor.Search:ASIAI0B -> (ImportResultId: '5383bb95c3bd86834a9a92131166ad59') in 0.000912 seconds
[Worker0] Imported GUID: 110d5035a36a6a34580fb65bb40cd78f - Path: Packages/com.unity.test-framework/UnityEngine.TestRunner/NUnitExtensions/Runner/CompositeWorkItem.cs - Importer: ScriptedImporter/UnityEditor.QuickSearchModule:UnityEditor.Search:ASIAI0B -> (ImportResultId: '957211157e0fd4959af5cb7587e32b93') in 0.0008842 seconds
[Worker0] Imported GUID: 79ced2556f0af814a840b86232613ff1 - Path: Packages/com.unity.test-framework/UnityEngine.TestRunner/NUnitExtensions/Runner/UnityWorkItem.cs - Importer: ScriptedImporter/UnityEditor.QuickSearchModule:UnityEditor.Search:ASIAI0B -> (ImportResultId: '190dede445866b5722409fd137d47ca8') in 0.0010178 seconds
[Worker0] Imported GUID: 12dfd4bdbb5c8e6419432fbc54ef25d9 - Path: Packages/com.unity.test-framework/UnityEngine.TestRunner/Utils/AssemblyProvider/IAssemblyLoadProxy.cs - Importer: ScriptedImporter/UnityEditor.QuickSearchModule:UnityEditor.Search:ASIAI0B -> (ImportResultId: '22aa9c212f3300970e5d041a414b25a4') in 0.0009383 seconds
[Worker0] Imported GUID: 203984dce16ec4246a37d5b4f555c858 - Path: Packages/com.unity.test-framework/UnityEngine.TestRunner/NUnitExtensions/Runner/TestCommandWrapperRegistry.cs - Importer: ScriptedImporter/UnityEditor.QuickSearchModule:UnityEditor.Search:ASIAI0B -> (ImportResultId: '08c3ecdeea65872f796b97817a8d3301') in 0.0008591 seconds
[Worker0] Imported GUID: 41d60936b62cc6d4ca7fe628b22b0e40 - Path: Packages/com.unity.test-framework/UnityEngine.TestRunner/TestRunner/RemoteHelpers/PlayerConnectionMessageIds.cs - Importer: ScriptedImporter/UnityEditor.QuickSearchModule:UnityEditor.Search:ASIAI0B -> (ImportResultId: 'ec92ce0e15aaa56a5b064f3d7555e1e0') in 0.0007756 seconds
[Worker0] Imported GUID: 2de8ba3b840049641897e0da7ce1d5cd - Path: Packages/com.unity.test-framework/UnityEngine.TestRunner/NUnitExtensions/Commands/TestActionCommand.cs - Importer: ScriptedImporter/UnityEditor.QuickSearchModule:UnityEditor.Search:ASIAI0B -> (ImportResultId: 'a2180c2bed4846108beebd1d6ee9bb08') in 0.0016927 seconds
[Worker0] Imported GUID: 68e5dc8bfd5d72647a93b7f2e1da831a - Path: Packages/com.unity.test-framework/UnityEngine.TestRunner/NUnitExtensions/Runner/FailCommand.cs - Importer: ScriptedImporter/UnityEditor.QuickSearchModule:UnityEditor.Search:ASIAI0B -> (ImportResultId: '42d70582c7b83cd88b53fff48e8513e0') in 0.0008255 seconds
[Worker0] Imported GUID: df537bdce04d7964193fffe1cc99a343 - Path: Packages/com.unity.test-framework/UnityEngine.TestRunner/NUnitExtensions/Commands/EnumerableOneTimeSetUpTearDownCommand.cs - Importer: ScriptedImporter/UnityEditor.QuickSearchModule:UnityEditor.Search:ASIAI0B -> (ImportResultId: '5a9c9afad68fc6b6cc0dd2219b7db220') in 0.0007926 seconds
[Worker0] Imported GUID: ebeedaa04bb53e24ba2e7fb6745e3fd3 - Path: Packages/com.unity.test-framework/UnityEngine.TestRunner/NUnitExtensions/Filters/CategoryFilterExtended.cs - Importer: ScriptedImporter/UnityEditor.QuickSearchModule:UnityEditor.Search:ASIAI0B -> (ImportResultId: '9bc0a0a21029f871c8e8f53a5568253e') in 0.0007825 seconds
[Worker0] Imported GUID: e273462feb9a65948826739f683cc9a9 - Path: Packages/com.unity.test-framework/UnityEngine.TestRunner/NUnitExtensions/Commands/EnumerableRepeatedTestCommand.cs - Importer: ScriptedImporter/UnityEditor.QuickSearchModule:UnityEditor.Search:ASIAI0B -> (ImportResultId: '49fb0aa77ae9065b0e51e8ea850e26e5') in 0.0007684 seconds
[Worker0] Imported GUID: e0db3f3921670cd4ca2e925737c3fba4 - Path: Packages/com.unity.test-framework/UnityEngine.TestRunner/NUnitExtensions/Commands/SetUpTearDownCommand.cs - Importer: ScriptedImporter/UnityEditor.QuickSearchModule:UnityEditor.Search:ASIAI0B -> (ImportResultId: 'b720a4741550313836d32488f7b89677') in 0.0008406 seconds
[Worker0] Imported GUID: 59ff995fabb3bac45afa0f96f333e5dc - Path: Packages/com.unity.test-framework/UnityEngine.TestRunner/NUnitExtensions/Runner/UnityTestExecutionContext.cs - Importer: ScriptedImporter/UnityEditor.QuickSearchModule:UnityEditor.Search:ASIAI0B -> (ImportResultId: 'b62172b0ac5e6e971cb8539ba17cfbd5') in 0.0008264 seconds
[Worker0] Imported GUID: 5ebb87899ca30b743bb4274bc00c02b4 - Path: Packages/com.unity.test-framework/UnityEngine.TestRunner/TestRunner/Callbacks/TestResultRenderer.cs - Importer: ScriptedImporter/UnityEditor.QuickSearchModule:UnityEditor.Search:ASIAI0B -> (ImportResultId: '87538f74bbe0049b87adb0d2f68699c1') in 0.000981 seconds
[Worker0] Imported GUID: 874c0713cdc44f549b0161750b48d2c2 - Path: Packages/com.unity.test-framework/UnityEngine.TestRunner/TestRunner/RemoteHelpers/IRemoteTestResultDataFactory.cs - Importer: ScriptedImporter/UnityEditor.QuickSearchModule:UnityEditor.Search:ASIAI0B -> (ImportResultId: '964f0a8044f0c74171ccd8f5eaa4e694') in 0.0010683 seconds
[Worker0] Imported GUID: 851f94140ec64b7db846948429a87f01 - Path: Packages/com.unity.test-framework/UnityEngine.TestRunner/NUnitExtensions/Commands/RepeatCommand.cs - Importer: ScriptedImporter/UnityEditor.QuickSearchModule:UnityEditor.Search:ASIAI0B -> (ImportResultId: '695995b44c5fbef0bb699b27ad12a764') in 0.0008778 seconds
[Worker0] Imported GUID: 48230e4e90fb4d14a9d56bddea898413 - Path: Packages/com.unity.test-framework/UnityEngine.TestRunner/NUnitExtensions/Runner/UnityLogCheckDelegatingCommand.cs - Importer: ScriptedImporter/UnityEditor.QuickSearchModule:UnityEditor.Search:ASIAI0B -> (ImportResultId: 'c871b11c41132a193b573a7059ad22de') in 0.0008057 seconds
[Worker0] Imported GUID: b135ec222fdcd11468014c90d11d6821 - Path: Packages/com.unity.test-framework/UnityEngine.TestRunner/TestRunner/RemoteHelpers/RemoteTestData.cs - Importer: ScriptedImporter/UnityEditor.QuickSearchModule:UnityEditor.Search:ASIAI0B -> (ImportResultId: 'bb52ede2dc1611d6a6a5cf294d70172d') in 0.000806 seconds
[Worker0] Imported GUID: aa5dd1a9432747fd89501213ba621de6 - Path: Packages/com.unity.test-framework/UnityEngine.TestRunner/NUnitExtensions/Commands/EnumerableMaxTimeCommand.cs - Importer: ScriptedImporter/UnityEditor.QuickSearchModule:UnityEditor.Search:ASIAI0B -> (ImportResultId: 'f5fcb057b60e0806be2b2fe2ab05bab2') in 0.0008219 seconds
[Worker0] Imported GUID: 7d2d4145ec6c42dabb2d7af8e58224db - Path: Packages/com.unity.test-framework/UnityEngine.TestRunner/NUnitExtensions/Commands/TimeoutCommand.cs - Importer: ScriptedImporter/UnityEditor.QuickSearchModule:UnityEditor.Search:ASIAI0B -> (ImportResultId: '8c2cd33dda7d0dda66320b549ad80aab') in 0.0008647 seconds
[Worker0] Imported GUID: dfc336f10b83bd74eaded16a658275c7 - Path: Packages/com.unity.test-framework/UnityEngine.TestRunner/TestRunner/Callbacks/TestResultRendererCallback.cs - Importer: ScriptedImporter/UnityEditor.QuickSearchModule:UnityEditor.Search:ASIAI0B -> (ImportResultId: '51b9f575afab809964b30f0f14d01d1d') in 0.0007865 seconds
[Worker0] Imported GUID: 826b6becaef90fb458eedebe4c2f3664 - Path: Packages/com.unity.test-framework/UnityEngine.TestRunner/TestRunner/RemoteHelpers/RemoteTestResultDataFactory.cs - Importer: ScriptedImporter/UnityEditor.QuickSearchModule:UnityEditor.Search:ASIAI0B -> (ImportResultId: 'eb1fde086a30771744fd05954065fb75') in 0.0009303 seconds
[Worker0] Imported GUID: cbbca1d8a0434be4bbc7f165523763ac - Path: Packages/com.unity.test-framework/UnityEngine.TestRunner/NUnitExtensions/Commands/BeforeAfterTestCommandBase.cs - Importer: ScriptedImporter/UnityEditor.QuickSearchModule:UnityEditor.Search:ASIAI0B -> (ImportResultId: '44f348f4454f0823cc461998171d9527') in 0.0007868 seconds
[Worker0] Imported GUID: 8349e42a2b30c7a4abd8678c203428ba - Path: Packages/com.unity.test-framework/UnityEngine.TestRunner/NUnitExtensions/Commands/ImmediateEnumerableCommand.cs - Importer: ScriptedImporter/UnityEditor.QuickSearchModule:UnityEditor.Search:ASIAI0B -> (ImportResultId: '86a848be2530916320e6450558f96cbd') in 0.0007932 seconds
[Worker0] Imported GUID: 91319408591cec1478efd3c62f9f418a - Path: Packages/com.unity.test-framework/UnityEngine.TestRunner/NUnitExtensions/Filters/AssemblyNameFilter.cs - Importer: ScriptedImporter/UnityEditor.QuickSearchModule:UnityEditor.Search:ASIAI0B -> (ImportResultId: '6c47330cf06f6f410515fd7acb168b98') in 0.0007635 seconds
[Worker0] Imported GUID: 475e3699f219c854f8581a9838135002 - Path: Packages/com.unity.test-framework/UnityEngine.TestRunner/TestRunner/RemoteHelpers/RemoteTestResultDataWithTestData.cs - Importer: ScriptedImporter/UnityEditor.QuickSearchModule:UnityEditor.Search:ASIAI0B -> (ImportResultId: '7f125c7486dfb182dec1afb2bca47527') in 0.001116 seconds
[Worker0] Imported GUID: f40df9c8cf926b241b093a37028d8815 - Path: Packages/com.unity.test-framework/UnityEngine.TestRunner/NUnitExtensions/Runner/TestCommandBuilder.cs - Importer: ScriptedImporter/UnityEditor.QuickSearchModule:UnityEditor.Search:ASIAI0B -> (ImportResultId: 'e740af200af9de0c69c0264663c7dffe') in 0.0007679 seconds
[Worker0] Imported GUID: fedb0f9e5006b1943abae52f52f08a1a - Path: Packages/com.unity.test-framework/UnityEngine.TestRunner/NUnitExtensions/Attributes/UnityTestAttribute.cs - Importer: ScriptedImporter/UnityEditor.QuickSearchModule:UnityEditor.Search:ASIAI0B -> (ImportResultId: '958929a6dd089f4fab0eca25f99a848c') in 0.0009537 seconds
[Worker0] Imported GUID: 26721f9940339264fb14bdbfe1290e21 - Path: Packages/com.unity.test-framework/UnityEngine.TestRunner/NUnitExtensions/Runner/RestoreTestContextAfterDomainReload.cs - Importer: ScriptedImporter/UnityEditor.QuickSearchModule:UnityEditor.Search:ASIAI0B -> (ImportResultId: '717b3169b4dbd6677d25dc687bad4ef2') in 0.0017451 seconds
[Worker0] Imported GUID: 600f4b74746dbf944901257f81a8af6d - Path: Packages/com.unity.test-framework/UnityEngine.TestRunner/NUnitExtensions/Attributes/UnityTearDownAttribute.cs - Importer: ScriptedImporter/UnityEditor.QuickSearchModule:UnityEditor.Search:ASIAI0B -> (ImportResultId: '812e40b1b67979eeb409461ee0d60cba') in 0.0010171 seconds
[Worker0] Imported GUID: 898bc38486fc899428fbe5bd6adfe473 - Path: Packages/com.unity.test-framework/UnityEngine.TestRunner/TestRunner/Messages/IEditModeTestYieldInstruction.cs - Importer: ScriptedImporter/UnityEditor.QuickSearchModule:UnityEditor.Search:ASIAI0B -> (ImportResultId: '114ddd9eca4ccf8ec506cb1244595edf') in 0.0008743 seconds
[Worker0] Imported GUID: b557515fff172984e8c4400b43f1c631 - Path: Packages/com.unity.test-framework/UnityEngine.TestRunner/NUnitExtensions/Runner/CoroutineTestWorkItem.cs - Importer: ScriptedImporter/UnityEditor.QuickSearchModule:UnityEditor.Search:ASIAI0B -> (ImportResultId: '899e50df06eec81a1aa37d9a86e35ef9') in 0.0008433 seconds
[Worker0] Imported GUID: e55eddf2afda488db58fb17f985fee99 - Path: Packages/com.unity.test-framework/UnityEngine.TestRunner/NUnitExtensions/Commands/IgnoreTestCommand.cs - Importer: ScriptedImporter/UnityEditor.QuickSearchModule:UnityEditor.Search:ASIAI0B -> (ImportResultId: '1be6a0ab7a8d4ec2ff0284d1faba88fd') in 0.0008887 seconds
[Worker0] Imported GUID: 2e3b9bbf2c1a3cd4f88883ca32882ec6 - Path: Packages/com.unity.test-framework/UnityEngine.TestRunner/Utils/AssemblyProvider/AssemblyWrapper.cs - Importer: ScriptedImporter/UnityEditor.QuickSearchModule:UnityEditor.Search:ASIAI0B -> (ImportResultId: 'ecf82cf9e467fac4e15496e6ecb971d4') in 0.0011216 seconds
[Worker0] Imported GUID: dd85a35169d313840a0874aea1a28629 - Path: Packages/com.unity.test-framework/UnityEngine.TestRunner/NUnitExtensions/Commands/EnumerableSetUpTearDownCommand.cs - Importer: ScriptedImporter/UnityEditor.QuickSearchModule:UnityEditor.Search:ASIAI0B -> (ImportResultId: '7106005c0d20f2424dfe8862ad0235d3') in 0.0008528 seconds
[Worker0] Imported GUID: 7ef6801a8b664544aa9f2ab1bc1f8b60 - Path: Packages/com.unity.test-framework/UnityEngine.TestRunner/NUnitExtensions/Runner/PlaymodeWorkItemFactory.cs - Importer: ScriptedImporter/UnityEditor.QuickSearchModule:UnityEditor.Search:ASIAI0B -> (ImportResultId: '80a56cb6907c37fed01a9ef68b5113a4') in 0.0009072 seconds
[Worker0] Imported GUID: 0d4fc309a0784294c8ab658b53b12320 - Path: Packages/com.unity.test-framework/UnityEngine.TestRunner/NUnitExtensions/Commands/OuterUnityTestActionCommand.cs - Importer: ScriptedImporter/UnityEditor.QuickSearchModule:UnityEditor.Search:ASIAI0B -> (ImportResultId: '7931e9d2c86be5aeda4c234aca1866d4') in 0.0007926 seconds
[Worker0] Imported GUID: 3cf5cb9e1ef590c48b1f919f2a7bd895 - Path: Packages/com.unity.test-framework/UnityEngine.TestRunner/TestRunner/Callbacks/PlayModeRunnerCallback.cs - Importer: ScriptedImporter/UnityEditor.QuickSearchModule:UnityEditor.Search:ASIAI0B -> (ImportResultId: 'e1be73ff1d25264459d5e87631660ece') in 0.001035 seconds
[Worker0] Imported GUID: 33e6b78c96bb0694e96383e3c56b7b54 - Path: Packages/com.unity.test-framework/UnityEngine.TestRunner/NUnitExtensions/Commands/TestCommandPcHelper.cs - Importer: ScriptedImporter/UnityEditor.QuickSearchModule:UnityEditor.Search:ASIAI0B -> (ImportResultId: '6da41c4dedcf8621975577aa9eb4f6c4') in 0.0008635 seconds
[Worker0] Imported GUID: 5b3e90046c38f1d4dad2e0d5a79e871c - Path: Packages/com.unity.test-framework/UnityEngine.TestRunner/NUnitExtensions/Runner/UnityWorkItemDataHolder.cs - Importer: ScriptedImporter/UnityEditor.QuickSearchModule:UnityEditor.Search:ASIAI0B -> (ImportResultId: '8edb6d1da18aa881020fda6337e3b10d') in 0.0007927 seconds
[Worker0] Imported GUID: 1e42d5fdba604f0786aac7fcaaa84cf7 - Path: Packages/com.unity.test-framework/UnityEngine.TestRunner/NUnitExtensions/Filters/EditorOnlyFilter.cs - Importer: ScriptedImporter/UnityEditor.QuickSearchModule:UnityEditor.Search:ASIAI0B -> (ImportResultId: 'cbf0fcfb2f7ed2ffff4ef349ba62cb99') in 0.000942 seconds
[Worker0] Imported GUID: c7cfda246e604b945b12b7afedb094ce - Path: Packages/com.unity.test-framework/UnityEngine.TestRunner/NUnitExtensions/Runner/DefaultTestWorkItem.cs - Importer: ScriptedImporter/UnityEditor.QuickSearchModule:UnityEditor.Search:ASIAI0B -> (ImportResultId: '210e6922d5b98994fdb893a2f936833c') in 0.0008985 seconds
[Worker0] Imported GUID: 19a6f000f81e24c4a826c1abd43e77c7 - Path: Packages/com.unity.test-framework/UnityEngine.TestRunner/NUnitExtensions/Commands/EnumerableTestMethodCommand.cs - Importer: ScriptedImporter/UnityEditor.QuickSearchModule:UnityEditor.Search:ASIAI0B -> (ImportResultId: 'a886af74c734b30b559bbdc19a84a387') in 0.0011715 seconds
[Worker0] Imported GUID: fb593906b7b6d824087dcaebf6c082e0 - Path: Packages/com.unity.test-framework/UnityEngine.TestRunner/Utils/AssemblyProvider/AssemblyLoadProxy.cs - Importer: ScriptedImporter/UnityEditor.QuickSearchModule:UnityEditor.Search:ASIAI0B -> (ImportResultId: 'aa754086876a23a33b7de6cdc7582cde') in 0.0010033 seconds
[Worker0] Imported GUID: 8c20c76a75f088a46933d6a707744be4 - Path: Packages/com.unity.test-framework/UnityEngine.TestRunner/NUnitExtensions/Runner/ITestCommandWrapper.cs - Importer: ScriptedImporter/UnityEditor.QuickSearchModule:UnityEditor.Search:ASIAI0B -> (ImportResultId: 'fab646604aa67dd0d63db33c8e341a05') in 0.0010134 seconds
[Worker0] Imported GUID: e948790d8b7e42e2abef6c45c5bc4c76 - Path: Packages/com.unity.test-framework/UnityEngine.TestRunner/NUnitExtensions/Filters/NonExplicitFilter.cs - Importer: ScriptedImporter/UnityEditor.QuickSearchModule:UnityEditor.Search:ASIAI0B -> (ImportResultId: '51a33363ccb6c3e78060874036cc04f9') in 0.0009912 seconds
[Worker0] Imported GUID: 03e4d63665d06f04c8a6cf68133c1592 - Path: Packages/com.unity.test-framework/UnityEngine.TestRunner/TestRunner/RemoteHelpers/RemoteTestResultData.cs - Importer: ScriptedImporter/UnityEditor.QuickSearchModule:UnityEditor.Search:ASIAI0B -> (ImportResultId: '3bf98a9b97ca59e294787e0d5500d8ec') in 0.0029227 seconds
[Worker0] Imported GUID: 3b4429eff9fcffb48b006e8edcc90338 - Path: Packages/com.unity.test-framework/UnityEngine.TestRunner/NUnitExtensions/Commands/EnumerableApplyChangesToContextCommand.cs - Importer: ScriptedImporter/UnityEditor.QuickSearchModule:UnityEditor.Search:ASIAI0B -> (ImportResultId: 'acad49d272404fca882e19227acaad26') in 0.0009489 seconds
[Worker0] Imported GUID: 9bbdc426fc0a48e1b66deaac7ea8f64c - Path: Packages/com.unity.test-framework/UnityEngine.TestRunner/NUnitExtensions/Commands/IgnoreTest.cs - Importer: ScriptedImporter/UnityEditor.QuickSearchModule:UnityEditor.Search:ASIAI0B -> (ImportResultId: '62622e3313e2c1968a2f46f10e87165b') in 0.0008055 seconds
[Worker0] Imported GUID: 874e40a588dbb1e48bc128d686337d4e - Path: Packages/com.unity.test-framework/UnityEngine.TestRunner/NUnitExtensions/Runner/UnityTestAssemblyRunner.cs - Importer: ScriptedImporter/UnityEditor.QuickSearchModule:UnityEditor.Search:ASIAI0B -> (ImportResultId: 'b4e37a777c5be9b0b0d6e2ecea3ffe41') in 0.0007861 seconds
[Worker0] Imported GUID: dbd43d8a3b8122d4e89b055f53382b11 - Path: Packages/com.unity.test-framework/UnityEngine.TestRunner/NUnitExtensions/Runner/IEnumerableTestMethodCommand.cs - Importer: ScriptedImporter/UnityEditor.QuickSearchModule:UnityEditor.Search:ASIAI0B -> (ImportResultId: '18c799856bef58f0bde0e268b413425f') in 0.0012584 seconds
[Worker0] Imported GUID: cc294d4e597b4ba5acf52ad834cce210 - Path: Packages/com.unity.test-framework/UnityEngine.TestRunner/NUnitExtensions/Commands/StrictCheckCommand.cs - Importer: ScriptedImporter/UnityEditor.QuickSearchModule:UnityEditor.Search:ASIAI0B -> (ImportResultId: '3401449f427325875abbf3f8e4fa56ac') in 0.0016867 seconds
[Worker0] Imported GUID: 356852e4738840b4b1ab533d3a66f0e1 - Path: Packages/com.unity.test-framework/UnityEngine.TestRunner/NUnitExtensions/Commands/EnumerableTestState.cs - Importer: ScriptedImporter/UnityEditor.QuickSearchModule:UnityEditor.Search:ASIAI0B -> (ImportResultId: '304b62e183e8e11df1b4ebc838ca7c85') in 0.0013139 seconds
[Worker0] Imported GUID: 6de2f178a24cd2e48a0816cacd9a0583 - Path: Packages/com.unity.test-framework/UnityEngine.TestRunner/NUnitExtensions/Commands/EnumerableRetryTestCommand.cs - Importer: ScriptedImporter/UnityEditor.QuickSearchModule:UnityEditor.Search:ASIAI0B -> (ImportResultId: '666d305cb2bc651dad25e6b1fbe41fb6') in 0.0020327 seconds
[Worker0] Imported GUID: 94cf1990d9304aff8063ceaa4bc68f6d - Path: Packages/com.unity.test-framework/UnityEngine.TestRunner/NUnitExtensions/Filters/AndFilterExtended.cs - Importer: ScriptedImporter/UnityEditor.QuickSearchModule:UnityEditor.Search:ASIAI0B -> (ImportResultId: '875ca3d229f255146c0ec18b49b8a5b5') in 0.000861 seconds
[Worker0] Imported GUID: 20793418366caf14293b29c55df5e9ec - Path: Packages/com.unity.test-framework/UnityEngine.TestRunner/TestRunner/Callbacks/RemoteTestResultSender.cs - Importer: ScriptedImporter/UnityEditor.QuickSearchModule:UnityEditor.Search:ASIAI0B -> (ImportResultId: '178535811f9c8b6a40cf103ddbd2057b') in 0.0009983 seconds
[Worker0] Imported GUID: 74987b94d22047d8b286a727906b7019 - Path: Packages/com.unity.test-framework/UnityEngine.TestRunner/NUnitExtensions/Commands/ParametrizedIgnoreCommand.cs - Importer: ScriptedImporter/UnityEditor.QuickSearchModule:UnityEditor.Search:ASIAI0B -> (ImportResultId: '0b6dd254d33cb9948b4c67810ec7c15f') in 0.0010709 seconds
[Worker0] Imported GUID: ad85854b14d4140d88447bdce2fac91f - Path: Packages/com.unity.test-framework/UnityEngine.TestRunner/NUnitExtensions/Commands/TaskTestMethodCommand.cs - Importer: ScriptedImporter/UnityEditor.QuickSearchModule:UnityEditor.Search:ASIAI0B -> (ImportResultId: '3ccd428eda3994f3c25a7ee27e277824') in 0.0008744 seconds
[Worker0] Imported GUID: f07fb40f4e944ebeb84eb8f8a6bb5b13 - Path: Packages/com.unity.test-framework/UnityEngine.TestRunner/NUnitExtensions/Filters/FullNameFilter.cs - Importer: ScriptedImporter/UnityEditor.QuickSearchModule:UnityEditor.Search:ASIAI0B -> (ImportResultId: '59359cde1ce65eee082a7b5fd112f91f') in 0.0016795 seconds
[Worker0] Imported GUID: f8ed0b11850145c4995dd76170bb2500 - Path: Packages/com.unity.test-framework/UnityEngine.TestRunner/TestRunner/Callbacks/PlayerQuitHandler.cs - Importer: ScriptedImporter/UnityEditor.QuickSearchModule:UnityEditor.Search:ASIAI0B -> (ImportResultId: '653dac50abc9d5afe8b3bd21835d4424') in 0.000984 seconds
[Worker0] Imported GUID: b97961a82e5e4e66b8f6fa0ce8b5b9e2 - Path: Packages/com.unity.test-framework/UnityEngine.TestRunner/NUnitExtensions/Runner/FeatureFlags.cs - Importer: ScriptedImporter/UnityEditor.QuickSearchModule:UnityEditor.Search:ASIAI0B -> (ImportResultId: '255f78d2ea144b1b784dc53dacce07fb') in 0.001163 seconds
[Worker0] Imported GUID: 7f65567c9026afb4db5de3355accc636 - Path: Packages/com.unity.test-framework/UnityEngine.TestRunner/NUnitExtensions/Commands/BeforeAfterTestCommandState.cs - Importer: ScriptedImporter/UnityEditor.QuickSearchModule:UnityEditor.Search:ASIAI0B -> (ImportResultId: '2559fe292c6fb367281268992e3ceee2') in 0.0009609 seconds
[Worker0] Imported GUID: 43a3aec217baa9644a7cf34b5f93fed9 - Path: Packages/com.unity.test-framework/UnityEngine.TestRunner/Utils/AssemblyProvider/PlayerTestAssemblyProvider.cs - Importer: ScriptedImporter/UnityEditor.QuickSearchModule:UnityEditor.Search:ASIAI0B -> (ImportResultId: '4a25e4ffe7c882b3e7742619a464c32d') in 0.0011761 seconds
[Worker0] Imported GUID: 881143a1a3652e343bdcc07166d6f6f6 - Path: Packages/com.unity.test-framework/UnityEditor.TestRunner/TestRun/Tasks/Scene/SaveModifiedSceneTask.cs - Importer: ScriptedImporter/UnityEditor.QuickSearchModule:UnityEditor.Search:ASIAI0B -> (ImportResultId: 'fb70124a98017b6b8bdb50d06a0cb295') in 0.0009783 seconds
[Worker0] Imported GUID: ab19dca503e90904e95faefddb68150d - Path: Packages/com.unity.test-framework/UnityEditor.TestRunner/TestRun/Tasks/Scene/ReloadModifiedScenesTask.cs - Importer: ScriptedImporter/UnityEditor.QuickSearchModule:UnityEditor.Search:ASIAI0B -> (ImportResultId: '90db57f4e913d6e8452294de6ac006b5') in 0.0008365 seconds
[Worker0] Imported GUID: f3a361a6ad1aff14ba8f48976e94ad76 - Path: Packages/com.unity.test-framework/UnityEngine.TestRunner/Utils/AssemblyProvider/ScriptingRuntimeProxy.cs - Importer: ScriptedImporter/UnityEditor.QuickSearchModule:UnityEditor.Search:ASIAI0B -> (ImportResultId: 'a506dfdc043c349b9f78fa7ad5ffdf01') in 0.0007615 seconds
[Worker0] Imported GUID: 4f0f9b9f3ed97ad2b9ba8f1a8e4666c2 - Path: Packages/com.unity.modules.uielements/package.json - Importer: ScriptedImporter/UnityEditor.QuickSearchModule:UnityEditor.Search:ASIAI0B -> (ImportResultId: '4716271f5674a8aa4c13a41eb369ac24') in 0.0007412 seconds
[Worker0] Imported GUID: 31d26a10516a4ac7a9bfdcac13a6386e - Path: Packages/com.unity.test-framework/UnityEditor.TestRunner/TestRun/Tasks/Platform/PlatformSpecificSuccessfulLaunchTask.cs - Importer: ScriptedImporter/UnityEditor.QuickSearchModule:UnityEditor.Search:ASIAI0B -> (ImportResultId: '91de360ea5a4d151b0bf1ef0f7b0fb55') in 0.0016269 seconds
[Worker0] Imported GUID: 96d14b71b907bb52333b2886e665aba6 - Path: Packages/com.unity.modules.video/package.json - Importer: ScriptedImporter/UnityEditor.QuickSearchModule:UnityEditor.Search:ASIAI0B -> (ImportResultId: 'ef868852f39b5ceeadee30349a50f288') in 0.000842 seconds
[Worker0] Imported GUID: 1c5afe945b715e149a70113a4be7b32a - Path: Packages/com.unity.test-framework/UnityEngine.TestRunner/Utils/AssemblyProvider/IAssemblyWrapper.cs - Importer: ScriptedImporter/UnityEditor.QuickSearchModule:UnityEditor.Search:ASIAI0B -> (ImportResultId: 'd25ad3cc69f708e55ef6af5161493c49') in 0.0008748 seconds
[Worker0] Imported GUID: 337f28535644395459f6de8c60d9db37 - Path: Packages/com.unity.test-framework/UnityEditor.TestRunner/TestRun/Tasks/Scene/RestoreSceneSetupTask.cs - Importer: ScriptedImporter/UnityEditor.QuickSearchModule:UnityEditor.Search:ASIAI0B -> (ImportResultId: '666524cc57958866a8ad903655ca2e4e') in 0.0011555 seconds
[Worker0] Imported GUID: f2675f346a0926b4aa7928805fd8bc9c - Path: Packages/com.unity.test-framework/UnityEditor.TestRunner/TestRun/Tasks/Events/CreateEventsTask.cs - Importer: ScriptedImporter/UnityEditor.QuickSearchModule:UnityEditor.Search:ASIAI0B -> (ImportResultId: '897178f56d4bf52fa1c852a68c304b7c') in 0.0012692 seconds
[Worker0] Imported GUID: 9b1a5759726ef9d39a0ab82047b615f1 - Path: Packages/com.unity.modules.hierarchycore/package.json - Importer: ScriptedImporter/UnityEditor.QuickSearchModule:UnityEditor.Search:ASIAI0B -> (ImportResultId: 'd2126d201eda334f8ff426dda6d3834a') in 0.0008971 seconds
[Worker0] Imported GUID: 5598b14661b5f4c43bed757f34b6d172 - Path: Packages/com.unity.ide.rider/LICENSE.md - Importer: ScriptedImporter/UnityEditor.QuickSearchModule:UnityEditor.Search:ASIAI0B -> (ImportResultId: '3dde2241bad4677ccd24fc55e87319c3') in 0.0007797 seconds
[Worker0] Imported GUID: 49284fdc918b491aa9f4439e6cc59c9c - Path: Packages/com.unity.test-framework/UnityEditor.TestRunner/TestRun/Tasks/Platform/PlatformSpecificSetupTask.cs - Importer: ScriptedImporter/UnityEditor.QuickSearchModule:UnityEditor.Search:ASIAI0B -> (ImportResultId: 'd1709a88ef43e9bd8e66cf1cd22dc248') in 0.0007828 seconds
[Worker0] Imported GUID: ae87256f29d9c8b50490f4caf75b2c41 - Path: Packages/com.unity.modules.unitywebrequestwww/package.ModuleCompilationTrigger - Importer: ScriptedImporter/UnityEditor.QuickSearchModule:UnityEditor.Search:ASIAI0B -> (ImportResultId: 'ca9657e113b497daef8965cfe753cedf') in 0.0008222 seconds
[Worker0] Imported GUID: 6dff66623000ef448ab68db41d803d95 - Path: Packages/com.unity.test-framework/UnityEditor.TestRunner/TestRun/Tasks/Scene/CreateNewSceneTask.cs - Importer: ScriptedImporter/UnityEditor.QuickSearchModule:UnityEditor.Search:ASIAI0B -> (ImportResultId: '1a296b32e201f544e1a7e8fbf7cb41be') in 0.0008951 seconds
[Worker0] Imported GUID: c5c78f2ef0d32a948bbb93266ef69a6a - Path: Packages/com.unity.test-framework/UnityEditor.TestRunner/TestRun/Tasks/Events/UpdateTestProgressTask.cs - Importer: ScriptedImporter/UnityEditor.QuickSearchModule:UnityEditor.Search:ASIAI0B -> (ImportResultId: 'b3cd61de213c5a655096676e8a3d5428') in 0.0010795 seconds
[Worker0] Imported GUID: 5da62a0c1c5218c4aa16b74546a7822d - Path: Packages/com.unity.ext.nunit/README.md - Importer: ScriptedImporter/UnityEditor.QuickSearchModule:UnityEditor.Search:ASIAI0B -> (ImportResultId: '5c04e4a469f4e8073cef6fb209313882') in 0.0008621 seconds
[Worker0] Imported GUID: 8d4bc6bfa28760b29f13174d6b6ea710 - Path: Packages/com.unity.modules.subsystems/package.ModuleCompilationTrigger - Importer: ScriptedImporter/UnityEditor.QuickSearchModule:UnityEditor.Search:ASIAI0B -> (ImportResultId: '47873a440f113c8d22c87321f6b7faa7') in 0.0007799 seconds
[Worker0] Imported GUID: 66c95bb3c74257f41bae2622511dc02d - Path: Packages/com.unity.ide.rider/package.json - Importer: ScriptedImporter/UnityEditor.QuickSearchModule:UnityEditor.Search:ASIAI0B -> (ImportResultId: '0860c68e579cd630d6c8eb440248c486') in 0.0008569 seconds
[Worker0] Imported GUID: 311d065aced2092409deadf0c0934f61 - Path: Packages/com.unity.test-framework/UnityEditor.TestRunner/TestRun/Tasks/Events/RegisterCallbackDelegatorEventsTask.cs - Importer: ScriptedImporter/UnityEditor.QuickSearchModule:UnityEditor.Search:ASIAI0B -> (ImportResultId: '336d1489b76d63cf8d94017e19bfd2fa') in 0.0008381 seconds
[Worker0] Imported GUID: 5e83f8baac96eaa47bdd9ca781cd2002 - Path: Packages/com.unity.ide.rider/CONTRIBUTING.md - Importer: ScriptedImporter/UnityEditor.QuickSearchModule:UnityEditor.Search:ASIAI0B -> (ImportResultId: '992de843eef7c1552ffce80846b148ab') in 0.0008323 seconds
[Worker0] Imported GUID: c24a1e88fc49dce47930834ff9997443 - Path: Packages/com.unity.test-framework/UnityEditor.TestRunner/TestRun/Tasks/Scene/ISceneWrapper.cs - Importer: ScriptedImporter/UnityEditor.QuickSearchModule:UnityEditor.Search:ASIAI0B -> (ImportResultId: 'b18b0566dd744ddf02459f098161c196') in 0.0007657 seconds
[Worker0] Imported GUID: 8645aa9c3c74fb34ba9499e14fb332b5 - Path: Packages/com.unity.ide.rider/CHANGELOG.md - Importer: ScriptedImporter/UnityEditor.QuickSearchModule:UnityEditor.Search:ASIAI0B -> (ImportResultId: '7bfcea8df1e980f51c5578c68da95b4c') in 0.0008867 seconds
[Worker0] Imported GUID: 17f093324b67f5bd57e55b546736750e - Path: Packages/com.unity.modules.particlesystem/package.ModuleCompilationTrigger - Importer: ScriptedImporter/UnityEditor.QuickSearchModule:UnityEditor.Search:ASIAI0B -> (ImportResultId: '8980255e39cb8850d7a7919a3af1b286') in 0.0008341 seconds
[Worker0] Imported GUID: 87d720faa37005c08600090e04d8c739 - Path: Packages/com.unity.modules.particlesystem/package.json - Importer: ScriptedImporter/UnityEditor.QuickSearchModule:UnityEditor.Search:ASIAI0B -> (ImportResultId: 'ce00e86b3f468e786d7c02a6acf74499') in 0.0006737 seconds
[Worker0] Imported GUID: fe4aef60e4ace544c8430da8ef8acba2 - Path: Packages/com.unity.test-framework/UnityEngine.TestRunner/Utils/AssemblyProvider/IScriptingRuntimeProxy.cs - Importer: ScriptedImporter/UnityEditor.QuickSearchModule:UnityEditor.Search:ASIAI0B -> (ImportResultId: 'dcb368d1182b3a183cfda516bc9d0530') in 0.0008022 seconds
[Worker0] Imported GUID: e2d09a26ce46dc617b54e49a534ace20 - Path: Packages/com.unity.modules.ai/package.ModuleCompilationTrigger - Importer: ScriptedImporter/UnityEditor.QuickSearchModule:UnityEditor.Search:ASIAI0B -> (ImportResultId: 'd37db7428cc3fddb8c7392e757660d92') in 0.0008751 seconds
[Worker0] Imported GUID: e59094b434ebb46e6844f02ec9c4dc42 - Path: Packages/com.unity.ext.nunit/net472/unity-custom/nunit.framework.dll - Importer: ScriptedImporter/UnityEditor.QuickSearchModule:UnityEditor.Search:ASIAI0B -> (ImportResultId: '895cd50506f8bd552ebb521502c06310') in 0.0106402 seconds
[Worker0] Imported GUID: a8ea9765889ae054c9b32cce583af855 - Path: Packages/com.unity.test-framework/UnityEditor.TestRunner/TestRun/Tasks/Events/RunFinishedInvocationEvent.cs - Importer: ScriptedImporter/UnityEditor.QuickSearchModule:UnityEditor.Search:ASIAI0B -> (ImportResultId: '2742a8b05f294176f726944a68d67a34') in 0.0026707 seconds
[Worker0] Imported GUID: 57e7d752d8e6494b9aca2f2724b98761 - Path: Packages/com.unity.test-framework/UnityEditor.TestRunner/TestRun/Tasks/Platform/PlatformSpecificSuccessfulBuildTask.cs - Importer: ScriptedImporter/UnityEditor.QuickSearchModule:UnityEditor.Search:ASIAI0B -> (ImportResultId: 'c7cc8908f5ae3346596ca3d5b07057b2') in 0.0011836 seconds
[Worker0] Imported GUID: 006c3457e983424bbdead50009cd0e00 - Path: Packages/com.unity.test-framework/UnityEditor.TestRunner/TestRun/Tasks/Player/DetermineRuntimePlatformTask.cs - Importer: ScriptedImporter/UnityEditor.QuickSearchModule:UnityEditor.Search:ASIAI0B -> (ImportResultId: '58a79a0c7a666ccf47073700871bccc2') in 0.0014358 seconds
[Worker0] Imported GUID: d104359075a97392b803d3d5aebc77f7 - Path: Packages/com.unity.modules.hierarchycore/package.ModuleCompilationTrigger - Importer: ScriptedImporter/UnityEditor.QuickSearchModule:UnityEditor.Search:ASIAI0B -> (ImportResultId: '3272c4d4178abb8bd500595175dc0bc9') in 0.0010842 seconds
[Worker0] Imported GUID: d528c8c98d269ca44a06cd9624a03945 - Path: Packages/com.unity.ide.rider/Rider/Editor/com.unity.ide.rider.asmdef - Importer: ScriptedImporter/UnityEditor.QuickSearchModule:UnityEditor.Search:ASIAI0B -> (ImportResultId: '7d1323ce7a91de0c740e5ee0363b79ea') in 0.000903 seconds
[Worker0] Imported GUID: f62135e79edb837b2d2ee3c524da864c - Path: Packages/com.unity.modules.video/package.ModuleCompilationTrigger - Importer: ScriptedImporter/UnityEditor.QuickSearchModule:UnityEditor.Search:ASIAI0B -> (ImportResultId: 'bad4b09498f324af8994d2d0472bdfa0') in 0.0013927 seconds
[Worker0] Imported GUID: 8a752aaaadd2410dd9a84e01c1bace9f - Path: Packages/com.unity.modules.uielements/package.ModuleCompilationTrigger - Importer: ScriptedImporter/UnityEditor.QuickSearchModule:UnityEditor.Search:ASIAI0B -> (ImportResultId: 'ffc5b611fe8d5d913285bdba60c64589') in 0.0011158 seconds
[Worker0] Imported GUID: 8143d3a8390f2c64685e3bc272bd9e90 - Path: Packages/com.unity.ext.nunit/package.json - Importer: ScriptedImporter/UnityEditor.QuickSearchModule:UnityEditor.Search:ASIAI0B -> (ImportResultId: 'a22fbf737ba9913cfc47366b1bf4ce02') in 0.0008325 seconds
[Worker0] Imported GUID: 59267e29055f657429098a57e13debe1 - Path: Packages/com.unity.test-framework/UnityEditor.TestRunner/TestRun/Tasks/Events/RunStartedInvocationEvent.cs - Importer: ScriptedImporter/UnityEditor.QuickSearchModule:UnityEditor.Search:ASIAI0B -> (ImportResultId: 'a011bcc54c526a6648a4665e6c9acf3c') in 0.0014237 seconds
[Worker0] Imported GUID: e9df95f53f1c1d0c9199e235d6c42b50 - Path: Packages/com.unity.modules.audio/package.json - Importer: ScriptedImporter/UnityEditor.QuickSearchModule:UnityEditor.Search:ASIAI0B -> (ImportResultId: 'd7f96b4f787aaf37eebe80e3b550747e') in 0.0009728 seconds
[Worker0] Imported GUID: 2c814623cb42764d304be0c5ddd03ceb - Path: Packages/com.unity.modules.xr/package.json - Importer: ScriptedImporter/UnityEditor.QuickSearchModule:UnityEditor.Search:ASIAI0B -> (ImportResultId: 'ac73bfabd3f551aa44916cf4b9987b46') in 0.0012202 seconds
[Worker0] Imported GUID: 164c9b1458eaab743a4b45c37a4d720d - Path: Packages/com.unity.test-framework/UnityEngine.TestRunner/Utils/MonoBehaviourTest/MonoBehaviourTest.cs - Importer: ScriptedImporter/UnityEditor.QuickSearchModule:UnityEditor.Search:ASIAI0B -> (ImportResultId: 'f8c65ac0d9ea834705819f4f20868d8c') in 0.0017277 seconds
[Worker0] Imported GUID: e5c46c19ce0ce2e0103aa6f82df1043a - Path: Packages/com.unity.modules.vehicles/package.ModuleCompilationTrigger - Importer: ScriptedImporter/UnityEditor.QuickSearchModule:UnityEditor.Search:ASIAI0B -> (ImportResultId: '0d2c3d4bfd1a0089f2c995f0386d9aa2') in 0.0017483 seconds
[Worker0] Imported GUID: c7a8b0317f4e68556d7509828e9e211e - Path: Packages/com.unity.modules.xr/package.ModuleCompilationTrigger - Importer: ScriptedImporter/UnityEditor.QuickSearchModule:UnityEditor.Search:ASIAI0B -> (ImportResultId: '22c95645597b9251c2f27b9b226007a8') in 0.001735 seconds
[Worker0] Imported GUID: 830a36a23cf3ab1e61fa47940a6dc35e - Path: Packages/com.unity.modules.imageconversion/package.ModuleCompilationTrigger - Importer: ScriptedImporter/UnityEditor.QuickSearchModule:UnityEditor.Search:ASIAI0B -> (ImportResultId: '76afc2c004192fe43c2e00a3d025be28') in 0.0013117 seconds
[Worker0] Imported GUID: f49bbe06ffa5ae24abe32abdab430c24 - Path: Packages/com.unity.ext.nunit/CHANGELOG.md - Importer: ScriptedImporter/UnityEditor.QuickSearchModule:UnityEditor.Search:ASIAI0B -> (ImportResultId: '7018eddc53061655ad4189aee545a42b') in 0.0011018 seconds
[Worker0] Imported GUID: 953fab16d15d5885b3600fcd6388b2ad - Path: Packages/com.unity.modules.imageconversion/package.json - Importer: ScriptedImporter/UnityEditor.QuickSearchModule:UnityEditor.Search:ASIAI0B -> (ImportResultId: 'fe9334368dc5342b871c1d699c025c30') in 0.0010768 seconds
[Worker0] Imported GUID: 6afb166a156df2d20433d981f4bb2832 - Path: Packages/com.unity.modules.vehicles/package.json - Importer: ScriptedImporter/UnityEditor.QuickSearchModule:UnityEditor.Search:ASIAI0B -> (ImportResultId: 'e4ea9ebd5adee07473adc243c6fec280') in 0.0009339 seconds
[Worker0] Imported GUID: 646cce3bdb8d461d980d11d729ab3312 - Path: Packages/com.unity.test-framework/UnityEditor.TestRunner/TestRun/Tasks/Platform/PlatformSpecificPostBuildTask.cs - Importer: ScriptedImporter/UnityEditor.QuickSearchModule:UnityEditor.Search:ASIAI0B -> (ImportResultId: '5e5cd26043e807dd06ad827ba0943e2a') in 0.0010409 seconds
[Worker0] Imported GUID: a002d3737b873954395b7cf862873ab8 - Path: Packages/com.unity.test-framework/UnityEngine.TestRunner/Utils/MonoBehaviourTest/IMonoBehaviourTest.cs - Importer: ScriptedImporter/UnityEditor.QuickSearchModule:UnityEditor.Search:ASIAI0B -> (ImportResultId: '992aecb4b51e7b413a56b7791cfd243a') in 0.0007975 seconds
[Worker0] Imported GUID: f9bd02a3a916be64c9b47b1305149423 - Path: Packages/com.unity.ide.rider/Rider/Editor/EditorPluginInterop.cs - Importer: ScriptedImporter/UnityEditor.QuickSearchModule:UnityEditor.Search:ASIAI0B -> (ImportResultId: 'c7007c905c4cfb87c53936310def11d2') in 0.0008363 seconds
[Worker0] Imported GUID: d85e5eeaf8f135aeaaebdc8aa3cff6c3 - Path: Packages/com.unity.modules.umbra/package.json - Importer: ScriptedImporter/UnityEditor.QuickSearchModule:UnityEditor.Search:ASIAI0B -> (ImportResultId: '76bf7955d68a93826010efb209865a94') in 0.0007296 seconds
[Worker0] Imported GUID: dab656c79e1985c40b31faebcda44442 - Path: Packages/com.unity.ide.rider/Rider/Editor/Discovery.cs - Importer: ScriptedImporter/UnityEditor.QuickSearchModule:UnityEditor.Search:ASIAI0B -> (ImportResultId: '78cc057537ab205a93c2867ad644d391') in 0.000752 seconds
[Worker0] Imported GUID: f0f13f2ab3d6d13cfc6e4656824bfca8 - Path: Packages/com.unity.modules.ai/package.json - Importer: ScriptedImporter/UnityEditor.QuickSearchModule:UnityEditor.Search:ASIAI0B -> (ImportResultId: '1472f877ca65b01dd6d5321fe0709596') in 0.0007122 seconds
[Worker0] Imported GUID: 5c4d36a13e7466e43940732365f53bf1 - Path: Packages/com.unity.test-framework/UnityEditor.TestRunner/TestRun/Tasks/Scene/StoreSceneSetupTask.cs - Importer: ScriptedImporter/UnityEditor.QuickSearchModule:UnityEditor.Search:ASIAI0B -> (ImportResultId: 'd528be21c996e4d3663cef2b73dca2af') in 0.0007696 seconds
[Worker0] Imported GUID: 43c24fd91e60170469bfb8d79c565ad3 - Path: Packages/com.unity.test-framework/UnityEditor.TestRunner/TestRun/Tasks/Scene/SceneWrapper.cs - Importer: ScriptedImporter/UnityEditor.QuickSearchModule:UnityEditor.Search:ASIAI0B -> (ImportResultId: '77f3b762365e05a8813df5f0b862a2c0') in 0.0007152 seconds
[Worker0] Imported GUID: d9b3520efe42f4ee887f8b99b7e1deae - Path: Packages/com.unity.test-framework/UnityEditor.TestRunner/TestRun/Tasks/Events/RegisterTestRunCallbackEventsTask.cs - Importer: ScriptedImporter/UnityEditor.QuickSearchModule:UnityEditor.Search:ASIAI0B -> (ImportResultId: '78fc70e084329f723c1489f58753a4c8') in 0.001518 seconds
[Worker0] Imported GUID: 1b6246f2248883964991eac9e9b4817c - Path: Packages/com.unity.modules.umbra/package.ModuleCompilationTrigger - Importer: ScriptedImporter/UnityEditor.QuickSearchModule:UnityEditor.Search:ASIAI0B -> (ImportResultId: 'd1f853fdd8e1a14ef36bca6a8d97f200') in 0.0007977 seconds
[Worker0] Imported GUID: e02e76bfece9a28408e2e7dcb2e14b8f - Path: Packages/com.unity.test-framework/UnityEditor.TestRunner/TestRun/Tasks/Scene/RemoveAdditionalUntitledSceneTask.cs - Importer: ScriptedImporter/UnityEditor.QuickSearchModule:UnityEditor.Search:ASIAI0B -> (ImportResultId: 'ea55b295bffcaca47952c08adacba6af') in 0.0010101 seconds
[Worker0] Imported GUID: f91a00d2dca52b843b2d50ccf750737d - Path: Packages/com.unity.ext.nunit/LICENSE.md - Importer: ScriptedImporter/UnityEditor.QuickSearchModule:UnityEditor.Search:ASIAI0B -> (ImportResultId: '34976c56c6e87fb87994ed7c05162654') in 0.0009002 seconds
[Worker0] Imported GUID: 042dc296246916648e55a43d0eeb2036 - Path: Packages/com.unity.modules.audio/package.ModuleCompilationTrigger - Importer: ScriptedImporter/UnityEditor.QuickSearchModule:UnityEditor.Search:ASIAI0B -> (ImportResultId: 'c5c4620f932cac73f9c8f18b7c863ad0') in 0.0010322 seconds
[Worker0] Imported GUID: bfcb3ba499f7d452b92d9a9cc3378788 - Path: Packages/com.unity.ext.nunit/Third Party Notices.md - Importer: ScriptedImporter/UnityEditor.QuickSearchModule:UnityEditor.Search:ASIAI0B -> (ImportResultId: 'dae36312d399580b26eb2fab7ff636cb') in 0.0007956 seconds
[Worker0] Imported GUID: b6029123aa4ab4e0481a4b3ad8a15af9 - Path: Packages/com.unity.ide.rider/ValidationExceptions.json - Importer: ScriptedImporter/UnityEditor.QuickSearchModule:UnityEditor.Search:ASIAI0B -> (ImportResultId: 'a83a80cd62cf2672f83ae590e9f19f51') in 0.0007196 seconds
[Worker0] Imported GUID: 30b312a167534621b316172253b08723 - Path: Packages/com.unity.modules.subsystems/package.json - Importer: ScriptedImporter/UnityEditor.QuickSearchModule:UnityEditor.Search:ASIAI0B -> (ImportResultId: 'e4d8917faca63952b5bc41e03bbb970c') in 0.000793 seconds
[Worker0] Imported GUID: fa27413e9edb06a6058d6c894eca0338 - Path: Packages/com.unity.modules.unitywebrequestwww/package.json - Importer: ScriptedImporter/UnityEditor.QuickSearchModule:UnityEditor.Search:ASIAI0B -> (ImportResultId: 'd782136da14948e2ca22bfc07c886e8e') in 0.0007608 seconds
[Worker0] Imported GUID: 0f3326f97c0d472bac74dc480099f983 - Path: Packages/com.unity.test-framework/UnityEditor.TestRunner/TestRun/Tasks/Platform/PlatformSpecificCleanupTask.cs - Importer: ScriptedImporter/UnityEditor.QuickSearchModule:UnityEditor.Search:ASIAI0B -> (ImportResultId: '3455d4c2b31f08f06a8a6a9563219a70') in 0.0008734 seconds
[Worker0] Imported GUID: f079e3afd077fb94fa2bda74d6409499 - Path: Packages/com.unity.ide.rider/Rider/Editor/RiderScriptEditorData.cs - Importer: ScriptedImporter/UnityEditor.QuickSearchModule:UnityEditor.Search:ASIAI0B -> (ImportResultId: '29072d9c261bb34edee45855e3170a11') in 0.0011284 seconds
[Worker0] Imported GUID: 45471ad7b8c1f964da5e3c07d57fbf4f - Path: Packages/com.unity.ide.rider/Rider/Editor/PostProcessors/RiderAssetPostprocessor.cs - Importer: ScriptedImporter/UnityEditor.QuickSearchModule:UnityEditor.Search:ASIAI0B -> (ImportResultId: 'e6ef61502f8867fc2ded9a7d1e1b51fc') in 0.00138 seconds
[Worker0] Imported GUID: fe6a6957b37b61417b457a1e0541791d - Path: Packages/com.unity.modules.physics2d/package.ModuleCompilationTrigger - Importer: ScriptedImporter/UnityEditor.QuickSearchModule:UnityEditor.Search:ASIAI0B -> (ImportResultId: '4759e211b633a5a72f72837f16fcb10b') in 0.0009558 seconds
[Worker0] Imported GUID: 8472c6472e6d4301873871a9e8fcf952 - Path: Packages/com.unity.ide.rider/Rider/Editor/Properties/AssemblyInfo.cs - Importer: ScriptedImporter/UnityEditor.QuickSearchModule:UnityEditor.Search:ASIAI0B -> (ImportResultId: 'bb2e584a8ec9c7dcdb41a4561b9cbd7d') in 0.0008655 seconds
[Worker0] Imported GUID: 4745d06d5a7ca576dcf9e5e67b417652 - Path: Packages/com.unity.modules.accessibility/package.ModuleCompilationTrigger - Importer: ScriptedImporter/UnityEditor.QuickSearchModule:UnityEditor.Search:ASIAI0B -> (ImportResultId: 'a61a2750f2b154be4b24f324cd424741') in 0.0008087 seconds
[Worker0] Imported GUID: 3e4e7fdc19414089a0fb43e43b1bdae1 - Path: Packages/com.unity.ide.rider/Rider/Editor/ProjectGeneration/SolutionGuidGenerator.cs - Importer: ScriptedImporter/UnityEditor.QuickSearchModule:UnityEditor.Search:ASIAI0B -> (ImportResultId: 'b314856c7c7f5a70d42e6555cb3d3e69') in 0.0008859 seconds
[Worker0] Imported GUID: 56f347f155204ffebacb6ed6f4a4e65f - Path: Packages/com.unity.ide.rider/Rider/Editor/RiderStyles.cs - Importer: ScriptedImporter/UnityEditor.QuickSearchModule:UnityEditor.Search:ASIAI0B -> (ImportResultId: '358644d949e81a5a50648c76aabba252') in 0.0008653 seconds
[Worker0] Imported GUID: 22608619ec9a4b1db7417e80c3123098 - Path: Packages/com.unity.ide.rider/Rider/Editor/Util/UnityVersionUtils.cs - Importer: ScriptedImporter/UnityEditor.QuickSearchModule:UnityEditor.Search:ASIAI0B -> (ImportResultId: '28be27450b1b9e1165a5204d5b11f0af') in 0.0009143 seconds
[Worker0] Imported GUID: 48483563a64de3a4e8690122762055f1 - Path: Packages/com.unity.ide.rider/Rider/Editor/UnitTesting/SyncTestRunEventsHandler.cs - Importer: ScriptedImporter/UnityEditor.QuickSearchModule:UnityEditor.Search:ASIAI0B -> (ImportResultId: 'df8f64a87b6789e1a129b5c97688611c') in 0.0008291 seconds
[Worker0] Imported GUID: 071c17858dc6c47ada7b2a1f1ded5402 - Path: Packages/com.unity.ide.rider/Rider/Editor/Util/LibcNativeInterop.cs - Importer: ScriptedImporter/UnityEditor.QuickSearchModule:UnityEditor.Search:ASIAI0B -> (ImportResultId: 'b2b5df811afbd2cad460d2a0dd712d70') in 0.0008505 seconds
[Worker0] Imported GUID: a6ba838b1348d5e46a7eaacd1646c1d3 - Path: Packages/com.unity.ide.rider/Rider/Editor/ProjectGeneration/FileIOProvider.cs - Importer: ScriptedImporter/UnityEditor.QuickSearchModule:UnityEditor.Search:ASIAI0B -> (ImportResultId: '304dd8976c950f0479c0d7120809ee6e') in 0.0007507 seconds
[Worker0] Imported GUID: 7019e230344c48d4b81602e2e978e5de - Path: Packages/com.unity.ide.rider/Rider/Editor/ProjectGeneration/LastWriteTracker.cs - Importer: ScriptedImporter/UnityEditor.QuickSearchModule:UnityEditor.Search:ASIAI0B -> (ImportResultId: '6232170c6febb55d7bc6ad74be96fb0c') in 0.0009099 seconds
[Worker0] Imported GUID: ea3ec41b33345cd4f9298a51abdaa198 - Path: Packages/com.unity.ide.rider/Rider/Editor/JetBrains.Rider.PathLocator.dll - Importer: ScriptedImporter/UnityEditor.QuickSearchModule:UnityEditor.Search:ASIAI0B -> (ImportResultId: 'e9ff6ab006ab6eb37dfe480338e26bd9') in 0.0016922 seconds
[Worker0] Imported GUID: 3cc1ebf2abb7fef6871ad48f499b6e21 - Path: Packages/com.unity.modules.vectorgraphics/package.ModuleCompilationTrigger - Importer: ScriptedImporter/UnityEditor.QuickSearchModule:UnityEditor.Search:ASIAI0B -> (ImportResultId: 'b90e8bb4d8aafe8b01460f371f0520ce') in 0.000887 seconds
[Worker0] Imported GUID: 4d34a9510a5b9d21381c93e73867a193 - Path: Packages/com.unity.ide.rider/Rider/Editor/Util/RiderPathUtil.cs - Importer: ScriptedImporter/UnityEditor.QuickSearchModule:UnityEditor.Search:ASIAI0B -> (ImportResultId: 'a97d1a798deb1a0c68efa57badc51c0b') in 0.0009659 seconds
[Worker0] Imported GUID: d2ec2d1228c8e67cdd913cb5609176a2 - Path: Packages/com.unity.modules.unitywebrequest/package.ModuleCompilationTrigger - Importer: ScriptedImporter/UnityEditor.QuickSearchModule:UnityEditor.Search:ASIAI0B -> (ImportResultId: '7767da02d4faf356e16601b0adf99e9a') in 0.0015949 seconds
[Worker0] Imported GUID: 302b1bdfb7a645db994491799832912b - Path: Packages/com.unity.ide.rider/Rider/Editor/Util/StringBuilderExtensions.cs - Importer: ScriptedImporter/UnityEditor.QuickSearchModule:UnityEditor.Search:ASIAI0B -> (ImportResultId: '0f774a98f9974df5887339563359dbc9') in 0.0008098 seconds
[Worker0] Imported GUID: 5eea837708474d7e9c1cb4b2eca0213f - Path: Packages/com.unity.ide.rider/Rider/Editor/ProjectGeneration/IAssemblyNameProvider.cs - Importer: ScriptedImporter/UnityEditor.QuickSearchModule:UnityEditor.Search:ASIAI0B -> (ImportResultId: '5aa1bcbfde955527549a397610ac5e9e') in 0.0007409 seconds
[Worker0] Imported GUID: aa1c6b1a353ab464782fc1e7c051eb02 - Path: Packages/com.unity.ide.rider/Rider/Editor/UnitTesting/CallbackInitializer.cs - Importer: ScriptedImporter/UnityEditor.QuickSearchModule:UnityEditor.Search:ASIAI0B -> (ImportResultId: '2c3607c945c6037d465e172433db7364') in 0.0008509 seconds
[Worker0] Imported GUID: 39cb9ab8a3b2452cbf58ffbea841d203 - Path: Packages/com.unity.ide.rider/Rider/Editor/ProjectGeneration/IGenerator.cs - Importer: ScriptedImporter/UnityEditor.QuickSearchModule:UnityEditor.Search:ASIAI0B -> (ImportResultId: 'b5f1f18a8d051ab121082d0ca5ff163d') in 0.0010245 seconds
[Worker0] Imported GUID: 154ace4bd16de9f4e84052ac257786d6 - Path: Packages/com.unity.ide.rider/Rider/Editor/Util/CommandLineParser.cs - Importer: ScriptedImporter/UnityEditor.QuickSearchModule:UnityEditor.Search:ASIAI0B -> (ImportResultId: '8c3642febabf62f14da6884dc3463ade') in 0.0008065 seconds
[Worker0] Imported GUID: 1bdab5b8331b4506bf4eae379235c053 - Path: Packages/com.unity.ide.rider/Rider/Editor/ProjectGeneration/IFileIO.cs - Importer: ScriptedImporter/UnityEditor.QuickSearchModule:UnityEditor.Search:ASIAI0B -> (ImportResultId: '525c801da796eda1879186959d1a513d') in 0.0007516 seconds
[Worker0] Imported GUID: f5a0cc9645f0e2d4fb816156dcf3f4dd - Path: Packages/com.unity.ide.rider/Rider/Editor/RiderInitializer.cs - Importer: ScriptedImporter/UnityEditor.QuickSearchModule:UnityEditor.Search:ASIAI0B -> (ImportResultId: 'f3230c0dc960cac48cc1bc0340657d8c') in 0.000738 seconds
[Worker0] Imported GUID: 58ab3828fb407c742a48b82bc5983a87 - Path: Packages/com.unity.ide.rider/Rider/Editor/UnitTesting/SyncTestRunCallback.cs - Importer: ScriptedImporter/UnityEditor.QuickSearchModule:UnityEditor.Search:ASIAI0B -> (ImportResultId: '156274ac6d21629759ee272b76fdc3f5') in 0.0007821 seconds
[Worker0] Imported GUID: a8860c53ca4073d4f92c403e709c12ba - Path: Packages/com.unity.ide.rider/Rider/Editor/Util/RiderMenu.cs - Importer: ScriptedImporter/UnityEditor.QuickSearchModule:UnityEditor.Search:ASIAI0B -> (ImportResultId: 'ff49bae7d00f82bae28fbf8b86542118') in 0.0007163 seconds
[Worker0] Imported GUID: 56c8c6e437b14f8e9a91e9832c11bc1a - Path: Packages/com.unity.ide.rider/Rider/Editor/ProjectGeneration/AssemblyNameProvider.cs - Importer: ScriptedImporter/UnityEditor.QuickSearchModule:UnityEditor.Search:ASIAI0B -> (ImportResultId: 'd8e8a5cbf4a17932b1d72388b3fccc7e') in 0.0007551 seconds
[Worker0] Imported GUID: 0691c2fe40564a64b3a9b7372c5eca2a - Path: Packages/com.unity.ide.rider/Rider/Editor/ProjectGeneration/ProjectPart.cs - Importer: ScriptedImporter/UnityEditor.QuickSearchModule:UnityEditor.Search:ASIAI0B -> (ImportResultId: 'd39bfd7bbdd3fa4e1b56b5028956ed6e') in 0.0007382 seconds
[Worker0] Imported GUID: 58aa570dbe0761f43b25ff6c2265bbe2 - Path: Packages/com.unity.ide.rider/Rider/Editor/UnitTesting/TestsCallback.cs - Importer: ScriptedImporter/UnityEditor.QuickSearchModule:UnityEditor.Search:ASIAI0B -> (ImportResultId: '96455b4ae882f4dc648317ac64f773f6') in 0.0007619 seconds
[Worker0] Imported GUID: 43674d438e19b89d7fe6af07234f3252 - Path: Packages/com.unity.modules.accessibility/package.json - Importer: ScriptedImporter/UnityEditor.QuickSearchModule:UnityEditor.Search:ASIAI0B -> (ImportResultId: '46dfb1aa54619aebb1a78879fe340d0d') in 0.0009894 seconds
[Worker0] Imported GUID: 3fdd83b151eb8d25c5e2f82fc39dcb04 - Path: Packages/com.unity.modules.unitywebrequest/package.json - Importer: ScriptedImporter/UnityEditor.QuickSearchModule:UnityEditor.Search:ASIAI0B -> (ImportResultId: 'b78fda89e37ef1a8f3f19c2be440ca79') in 0.0016728 seconds
[Worker0] Imported GUID: 8e1f00a9be2eb66438e2835fdf1ea11b - Path: Packages/com.unity.ide.rider/Rider/Editor/Util/SerializableVersion.cs - Importer: ScriptedImporter/UnityEditor.QuickSearchModule:UnityEditor.Search:ASIAI0B -> (ImportResultId: '151140c476185f369222716f3a931157') in 0.0008643 seconds
[Worker0] Imported GUID: 23032f4383e95e772bce465c5896d0fd - Path: Packages/com.unity.modules.terrain/package.ModuleCompilationTrigger - Importer: ScriptedImporter/UnityEditor.QuickSearchModule:UnityEditor.Search:ASIAI0B -> (ImportResultId: 'fdd6468a393382ac253bd7eda0807dd2') in 0.0009656 seconds
[Worker0] Imported GUID: 6d56244f8c39a851975d3c0bd432c66f - Path: Packages/com.unity.modules.terrain/package.json - Importer: ScriptedImporter/UnityEditor.QuickSearchModule:UnityEditor.Search:ASIAI0B -> (ImportResultId: 'e495d725d88fe971021891fb95c45440') in 0.0008026 seconds
[Worker0] Imported GUID: 7078f19173ceac84fb9e29b9f6175201 - Path: Packages/com.unity.ide.rider/Rider/Editor/ProjectGeneration/ProjectGeneration.cs - Importer: ScriptedImporter/UnityEditor.QuickSearchModule:UnityEditor.Search:ASIAI0B -> (ImportResultId: '76e10066df7e8a9f8c9e259508ce6f3a') in 0.0007569 seconds
[Worker0] Imported GUID: 8c7e8e301f8b4c30bbf9db502d637f0f - Path: Packages/com.unity.ide.rider/Rider/Editor/ProjectGeneration/IGUIDGenerator.cs - Importer: ScriptedImporter/UnityEditor.QuickSearchModule:UnityEditor.Search:ASIAI0B -> (ImportResultId: '8460061034908c2622356c78aaefe236') in 0.0009361 seconds
[Worker0] Imported GUID: f7a8357347c80dc69c08d0b1a05e2122 - Path: Packages/com.unity.modules.physics2d/package.json - Importer: ScriptedImporter/UnityEditor.QuickSearchModule:UnityEditor.Search:ASIAI0B -> (ImportResultId: 'c50d5f0a2523aadaca562e653c52b053') in 0.0008449 seconds
[Worker0] Imported GUID: c4095d72f77fbb64ea39b8b3ca246622 - Path: Packages/com.unity.ide.rider/Rider/Editor/RiderScriptEditor.cs - Importer: ScriptedImporter/UnityEditor.QuickSearchModule:UnityEditor.Search:ASIAI0B -> (ImportResultId: '0bf59d59f3dcfbdcc7c3bb6274c1b239') in 0.0008564 seconds
[Worker0] Imported GUID: 8cfde1a59fb35574189691a9de1df93b - Path: Packages/com.unity.ide.rider/Rider/Editor/ProjectGeneration/GUIDProvider.cs - Importer: ScriptedImporter/UnityEditor.QuickSearchModule:UnityEditor.Search:ASIAI0B -> (ImportResultId: '7453820455eec6f9c04ba2a5db4cb943') in 0.0010503 seconds
[Worker0] Imported GUID: 05f7f519769978b79b31d063a7fc6fa1 - Path: Packages/com.unity.modules.unitywebrequestassetbundle/package.json - Importer: ScriptedImporter/UnityEditor.QuickSearchModule:UnityEditor.Search:ASIAI0B -> (ImportResultId: '4cdb8ea1d7aca6e8ac14b02dcc4a60c0') in 0.0008248 seconds
[Worker0] Imported GUID: 1bfe12aa306c0c74db4f4f1a1a0ae5ce - Path: Packages/com.unity.ide.rider/Rider/Editor/PluginSettings.cs - Importer: ScriptedImporter/UnityEditor.QuickSearchModule:UnityEditor.Search:ASIAI0B -> (ImportResultId: '25a24b12d469d1a2eb9a61fdb289e327') in 0.0007975 seconds
[Worker0] Imported GUID: f9413c47b3a14a64e8810ce76d1a6032 - Path: Packages/com.unity.ide.rider/Rider/Editor/UnitTesting/TestEvent.cs - Importer: ScriptedImporter/UnityEditor.QuickSearchModule:UnityEditor.Search:ASIAI0B -> (ImportResultId: 'e9eb9d1493902f2abb532154e665217d') in 0.0007308 seconds
[Worker0] Imported GUID: aeb8068359664ab5a8d6420381f87510 - Path: Packages/com.unity.ide.rider/Rider/Editor/LogFileOpener.cs - Importer: ScriptedImporter/UnityEditor.QuickSearchModule:UnityEditor.Search:ASIAI0B -> (ImportResultId: '4c6eaf9b7396d0fdf14c89bcfc978378') in 0.0016823 seconds
[Worker0] Imported GUID: 010246a07de7cb34185a2a7b1c1fad59 - Path: Packages/com.unity.ide.rider/Rider/Editor/UnitTesting/CallbackData.cs - Importer: ScriptedImporter/UnityEditor.QuickSearchModule:UnityEditor.Search:ASIAI0B -> (ImportResultId: 'ead9b1c5628ea5a8141158ed18ac90b9') in 0.0008515 seconds
[Worker0] Imported GUID: e7c145f2cd3c411ca7f50ebc5f5a6d24 - Path: Packages/com.unity.ide.rider/Rider/Editor/StartUpMethodExecutor.cs - Importer: ScriptedImporter/UnityEditor.QuickSearchModule:UnityEditor.Search:ASIAI0B -> (ImportResultId: 'fcea9c6000d826a9244ad15a23b2acad') in 0.0009949 seconds
[Worker0] Imported GUID: 78af99d0156944f293b020b49a6830c2 - Path: Packages/com.unity.ide.rider/Rider/Editor/ProjectGeneration/ProjectGenerationFlag.cs - Importer: ScriptedImporter/UnityEditor.QuickSearchModule:UnityEditor.Search:ASIAI0B -> (ImportResultId: '6db77711802613b94cdbf8dd8e6b766c') in 0.0008027 seconds
[Worker0] Imported GUID: 7610600f5c83e01041a6fe849d39279f - Path: Packages/com.unity.modules.unitywebrequestassetbundle/package.ModuleCompilationTrigger - Importer: ScriptedImporter/UnityEditor.QuickSearchModule:UnityEditor.Search:ASIAI0B -> (ImportResultId: '9f6111a9f2cfcb2f9f1b97d119dc4d75') in 0.00105 seconds
[Worker0] Imported GUID: bdbd564a9fdad0b738e76d030cad1204 - Path: Packages/com.unity.ide.rider/Rider/Editor/Util/FileSystemUtil.cs - Importer: ScriptedImporter/UnityEditor.QuickSearchModule:UnityEditor.Search:ASIAI0B -> (ImportResultId: '453ee92541c3aa1ebbc0475cf73f9dea') in 0.0007959 seconds
[Worker0] Imported GUID: bc3a27147f944790916176e2172ad506 - Path: Packages/com.unity.ide.rider/Rider/Editor/RiderScriptEditorDataPersisted.cs - Importer: ScriptedImporter/UnityEditor.QuickSearchModule:UnityEditor.Search:ASIAI0B -> (ImportResultId: '0aea13e2bf948c3e09ee6ce146947a0f') in 0.0007897 seconds
[Worker0] Imported GUID: 78e5667e52329c3ceef41288763404ae - Path: Packages/com.unity.modules.vectorgraphics/package.json - Importer: ScriptedImporter/UnityEditor.QuickSearchModule:UnityEditor.Search:ASIAI0B -> (ImportResultId: '9697f778fe7f5b4ef91eb68bf68d84cd') in 0.0008243 seconds
[Worker0] Imported GUID: b0221f76dde941d492827802c9b7c1f9 - Path: Packages/com.unity.ide.rider/Rider/Editor/Util/StringUtils.cs - Importer: ScriptedImporter/UnityEditor.QuickSearchModule:UnityEditor.Search:ASIAI0B -> (ImportResultId: '299b5f1b32053a20b01376c8bf627f65') in 0.0007572 seconds
[Worker0] Imported GUID: 71bb46b59a9a7a346bbab1e185c723df - Path: Packages/com.unity.ide.rider/Rider/Editor/LoggingLevel.cs - Importer: ScriptedImporter/UnityEditor.QuickSearchModule:UnityEditor.Search:ASIAI0B -> (ImportResultId: '692e8f91b91e230065b85d5c00188b5a') in 0.0008643 seconds
[Worker0] Imported GUID: 5c3b27069cb3ddf42ba1260eeefcdd1c - Path: Packages/com.unity.ide.rider/Rider/Editor/UnitTesting/RiderTestRunner.cs - Importer: ScriptedImporter/UnityEditor.QuickSearchModule:UnityEditor.Search:ASIAI0B -> (ImportResultId: '7f28408b77b9e44c4c478e984adc4322') in 0.000765 seconds
[Worker0] Imported GUID: 32e50e97779a4753a461190076119a99 - Path: Packages/com.unity.ide.rider/Rider/Editor/ProjectGeneration/PackageManagerTracker.cs - Importer: ScriptedImporter/UnityEditor.QuickSearchModule:UnityEditor.Search:ASIAI0B -> (ImportResultId: '7fb5dceb92d3a130e237ae46b4d4ba72') in 0.0007505 seconds
Worker ready: AssetImportWorkerHW1 1
Worker ready: AssetImportWorkerHW2 2
TrimDiskCacheJob: Current cache size 0mb
MonoPathRemapper: Attempts to remap: 11038; Successful remaps: 1844
Serialized file version minimum: 23, current 23
[LAYOUT] About to save layout C:\Users\baile\OneDrive\Documents\GitHub\Mobile-Game\UserSettings\Layouts\default-6000.dwlt
[LAYOUT] About to save layout C:/Users/baile/AppData/Roaming/Unity/Editor-5.x/Preferences\Layouts\current\default-6000.dwlt
[Physics::Module] Cleanup current backend.
[Physics::Module] Id: 0xf2b8ea05
Input System module state changed to: ShutdownInProgress.
Input Polling Thread exited.
Input System module state changed to: Shutdown.
[Licensing::IpcConnector] LicenseClient-baile-6000.6.1-notifications channel disconnected successfully.
[Licensing::IpcConnector] LicenseClient-baile-6000.6.1 channel disconnected successfully.
Shut down.
Lingering sessions upon destruction of worker manager
Unity Data Store service was successfully shut down
UDS shutting down local client system
Shut down UDS service system complete
AcceleratorClientConnectionCallback - disconnected - :0
Cleanup mono
CodeReloadManager destroyed
abort_threads: Failed aborting id: 000000000000AB80, mono_thread_manage will ignore it

abort_threads: Failed aborting id: 0000000000006480, mono_thread_manage will ignore it

abort_threads: Failed aborting id: 000000000000AB80, mono_thread_manage will ignore it

abort_threads: Failed aborting id: 0000000000006480, mono_thread_manage will ignore it

debugger-agent: Unable to listen on 4748
[usbmuxd] Stop listen thread
[usbmuxd] Listen thread exiting
Checking for leaked weakptr:
  Found no leaked weakptrs.
[Package Manager] Server process was shutdown
##utp:{"type":"MemoryLeaks","version":2,"phase":"Immediate","time":1790097481698,"processId":17360,"allocatedMemory":11638821,"memoryLabels":[{"Default":174318},{"Permanent":15516},{"NewDelete":70425},{"Thread":4197984},{"Manager":37021},{"VertexData":8},{"Geometry":816},{"Texture":24},{"Shader":846895},{"Material":68},{"GfxDevice":55968},{"Animation":952},{"Audio":984},{"FreeType":8},{"FontEngine":736},{"Physics":1970},{"Physics2D":16},{"Serialization":16640},{"Input":42840},{"JobScheduler":256},{"TextLib":31702},{"Mono":48},{"ScriptingNativeRuntime":1227472},{"BaseObject":49584},{"Resource":1252},{"Renderer":2376},{"Transform":4685},{"File":4416},{"WebCam":616},{"Culling":32},{"Terrain":11442},{"Wind":24},{"STL":40},{"String":734460},{"StaticString":3808},{"Utility":2676034},{"Curl":48},{"PoolAlloc":2168},{"AI":80},{"TypeTree":17101},{"ScriptManager":12640},{"CodeReload":448},{"RuntimeInitializeOnLoadManager":64},{"Sprites":102},{"SpriteAtlas":120},{"GI":7816},{"Director":8296},{"CloudService":7584},{"WebRequest":13014},{"VR":49650},{"SceneManager":608},{"Video":208},{"LazyScriptCache":32},{"Camera":1705},{"Secure":265},{"Image":65536},{"SerializationCache":9256},{"APIUpdating":10320},{"Subsystems":336},{"VirtualTexturing":57888},{"StaticSafetyDebugInfo":278528},{"Analytics":592},{"Hierarchy":1188},{"UIElements":40},{"CoreStats":14456},{"Identifiers":7152},{"Gui":267480},{"EditorUtility":124206},{"VersionControl":8},{"Undo":931},{"AssetDatabase":413333},{"AssetImporter":40},{"EditorGi":328},{"UnityConnect":36881},{"Upm":1988},{"UpmDiagnostics":8},{"AssetCompliance":96},{"DrivenProperties":72},{"LocalIPC":211},{"ProfilerEditor":9746},{"CoreBusinessMetrics":3600},{"Windowing":456},{"Licensing":696},{"AssetReference":32},{"IPCStream":32}]}
